timestamp_utc,score_set,instance_types,level,region,az_id,score
2026-08-26T21:31:26Z,g5.xlarge,g5.xlarge,region,ap-south-1,,3
2026-08-26T21:31:26Z,g5.xlarge,g5.xlarge,region,ap-east-1,,1
2026-08-26T21:31:26Z,g5.xlarge,g5.xlarge,region,ap-southeast-2,,1
2026-08-26T21:31:26Z,g5.xlarge,g5.xlarge,region,ap-northeast-2,,3
2026-08-26T21:31:26Z,g5.xlarge,g5.xlarge,region,us-east-2,,1
2026-08-26T21:31:26Z,g5.xlarge,g5.xlarge,region,ap-southeast-3,,3
2026-08-26T21:31:26Z,g5.xlarge,g5.xlarge,region,us-east-1,,3
2026-08-26T21:31:26Z,g5.xlarge,g5.xlarge,region,us-west-2,,2
2026-08-26T21:31:26Z,g5.xlarge,g5.xlarge,region,ap-northeast-1,,1
2026-08-26T21:31:26Z,g5.xlarge,g5.xlarge,az,us-east-2,use2-az2,1
2026-08-26T21:31:26Z,g5.xlarge,g5.xlarge,az,ap-southeast-3,apse3-az3,3
2026-08-26T21:31:26Z,g5.xlarge,g5.xlarge,az,us-east-1,use1-az2,1
2026-08-26T21:31:26Z,g5.xlarge,g5.xlarge,az,us-east-1,use1-az6,1
2026-08-26T21:31:26Z,g5.xlarge,g5.xlarge,az,ap-east-1,ape1-az1,1
2026-08-26T21:31:26Z,g5.xlarge,g5.xlarge,az,ap-south-1,aps1-az3,3
2026-08-26T21:31:26Z,g5.xlarge,g5.xlarge,az,us-west-2,usw2-az3,1
2026-08-26T21:31:26Z,g5.xlarge,g5.xlarge,az,ap-northeast-2,apne2-az1,3
2026-08-26T21:31:26Z,g5.xlarge,g5.xlarge,az,ap-northeast-2,apne2-az3,3
2026-08-26T21:31:26Z,g5.xlarge,g5.xlarge,az,ap-northeast-2,apne2-az4,3
2026-08-26T21:31:26Z,g-xlarge-trio,g5.xlarge|g4dn.xlarge|g6.xlarge,region,ap-east-1,,3
2026-08-26T21:31:26Z,g-xlarge-trio,g5.xlarge|g4dn.xlarge|g6.xlarge,region,ap-south-1,,3
2026-08-26T21:31:26Z,g-xlarge-trio,g5.xlarge|g4dn.xlarge|g6.xlarge,region,ap-southeast-3,,3
2026-08-26T21:31:26Z,g-xlarge-trio,g5.xlarge|g4dn.xlarge|g6.xlarge,region,ap-southeast-2,,1
2026-08-26T21:31:26Z,g-xlarge-trio,g5.xlarge|g4dn.xlarge|g6.xlarge,region,us-east-2,,9
2026-08-26T21:31:26Z,g-xlarge-trio,g5.xlarge|g4dn.xlarge|g6.xlarge,region,ap-northeast-2,,9
2026-08-26T21:31:26Z,g-xlarge-trio,g5.xlarge|g4dn.xlarge|g6.xlarge,region,ap-northeast-1,,9
2026-08-26T21:31:26Z,g-xlarge-trio,g5.xlarge|g4dn.xlarge|g6.xlarge,region,us-west-2,,4
2026-08-26T21:31:26Z,g-xlarge-trio,g5.xlarge|g4dn.xlarge|g6.xlarge,region,us-east-1,,7
2026-08-26T21:31:26Z,g-xlarge-trio,g5.xlarge|g4dn.xlarge|g6.xlarge,az,ap-northeast-2,apne2-az3,9
2026-08-26T21:31:26Z,g-xlarge-trio,g5.xlarge|g4dn.xlarge|g6.xlarge,az,ap-northeast-1,apne1-az4,9
2026-08-26T21:31:26Z,g-xlarge-trio,g5.xlarge|g4dn.xlarge|g6.xlarge,az,ap-northeast-2,apne2-az1,9
2026-08-26T21:31:26Z,g-xlarge-trio,g5.xlarge|g4dn.xlarge|g6.xlarge,az,ap-northeast-1,apne1-az1,9
2026-08-26T21:31:26Z,g-xlarge-trio,g5.xlarge|g4dn.xlarge|g6.xlarge,az,ap-southeast-3,apse3-az3,3
2026-08-26T21:31:26Z,g-xlarge-trio,g5.xlarge|g4dn.xlarge|g6.xlarge,az,ap-northeast-1,apne1-az2,3
2026-08-26T21:31:26Z,g-xlarge-trio,g5.xlarge|g4dn.xlarge|g6.xlarge,az,ap-south-1,aps1-az2,3
2026-08-26T21:31:26Z,g-xlarge-trio,g5.xlarge|g4dn.xlarge|g6.xlarge,az,ap-east-1,ape1-az2,3
2026-08-26T21:31:26Z,g-xlarge-trio,g5.xlarge|g4dn.xlarge|g6.xlarge,az,ap-east-1,ape1-az3,3
2026-08-26T21:31:26Z,g-xlarge-trio,g5.xlarge|g4dn.xlarge|g6.xlarge,az,ap-south-1,aps1-az3,3
2026-08-26T22:23:04Z,g5.xlarge,g5.xlarge,region,ap-south-1,,3
2026-08-26T22:23:04Z,g5.xlarge,g5.xlarge,region,ap-east-1,,1
2026-08-26T22:23:04Z,g5.xlarge,g5.xlarge,region,ap-southeast-2,,1
2026-08-26T22:23:04Z,g5.xlarge,g5.xlarge,region,ap-northeast-2,,3
2026-08-26T22:23:04Z,g5.xlarge,g5.xlarge,region,us-east-2,,1
2026-08-26T22:23:04Z,g5.xlarge,g5.xlarge,region,ap-southeast-3,,3
2026-08-26T22:23:04Z,g5.xlarge,g5.xlarge,region,us-east-1,,2
2026-08-26T22:23:04Z,g5.xlarge,g5.xlarge,region,us-west-2,,2
2026-08-26T22:23:04Z,g5.xlarge,g5.xlarge,region,ap-northeast-1,,1
2026-08-26T22:23:04Z,g5.xlarge,g5.xlarge,az,us-east-1,use1-az1,1
2026-08-26T22:23:04Z,g5.xlarge,g5.xlarge,az,ap-northeast-1,apne1-az1,1
2026-08-26T22:23:04Z,g5.xlarge,g5.xlarge,az,us-west-2,usw2-az2,1
2026-08-26T22:23:04Z,g5.xlarge,g5.xlarge,az,us-east-1,use1-az4,1
2026-08-26T22:23:04Z,g5.xlarge,g5.xlarge,az,ap-southeast-3,apse3-az3,3
2026-08-26T22:23:04Z,g5.xlarge,g5.xlarge,az,ap-northeast-2,apne2-az4,3
2026-08-26T22:23:04Z,g5.xlarge,g5.xlarge,az,ap-south-1,aps1-az3,3
2026-08-26T22:23:04Z,g5.xlarge,g5.xlarge,az,ap-northeast-2,apne2-az1,3
2026-08-26T22:23:04Z,g5.xlarge,g5.xlarge,az,ap-northeast-2,apne2-az3,3
2026-08-26T22:23:04Z,g5.xlarge,g5.xlarge,az,ap-south-1,aps1-az1,3
2026-08-26T22:23:04Z,g-xlarge-trio,g5.xlarge|g4dn.xlarge|g6.xlarge,region,ap-southeast-3,,3
2026-08-26T22:23:04Z,g-xlarge-trio,g5.xlarge|g4dn.xlarge|g6.xlarge,region,ap-southeast-2,,1
2026-08-26T22:23:04Z,g-xlarge-trio,g5.xlarge|g4dn.xlarge|g6.xlarge,region,ap-northeast-2,,9
2026-08-26T22:23:04Z,g-xlarge-trio,g5.xlarge|g4dn.xlarge|g6.xlarge,region,us-east-2,,2
2026-08-26T22:23:04Z,g-xlarge-trio,g5.xlarge|g4dn.xlarge|g6.xlarge,region,us-west-2,,4
2026-08-26T22:23:04Z,g-xlarge-trio,g5.xlarge|g4dn.xlarge|g6.xlarge,region,ap-northeast-1,,9
2026-08-26T22:23:04Z,g-xlarge-trio,g5.xlarge|g4dn.xlarge|g6.xlarge,region,us-east-1,,6
2026-08-26T22:23:04Z,g-xlarge-trio,g5.xlarge|g4dn.xlarge|g6.xlarge,region,ap-east-1,,3
2026-08-26T22:23:04Z,g-xlarge-trio,g5.xlarge|g4dn.xlarge|g6.xlarge,region,ap-south-1,,3
2026-08-26T22:23:04Z,g-xlarge-trio,g5.xlarge|g4dn.xlarge|g6.xlarge,az,ap-northeast-2,apne2-az3,9
2026-08-26T22:23:04Z,g-xlarge-trio,g5.xlarge|g4dn.xlarge|g6.xlarge,az,ap-northeast-1,apne1-az4,9
2026-08-26T22:23:04Z,g-xlarge-trio,g5.xlarge|g4dn.xlarge|g6.xlarge,az,ap-northeast-2,apne2-az1,9
2026-08-26T22:23:04Z,g-xlarge-trio,g5.xlarge|g4dn.xlarge|g6.xlarge,az,ap-northeast-1,apne1-az1,9
2026-08-26T22:23:04Z,g-xlarge-trio,g5.xlarge|g4dn.xlarge|g6.xlarge,az,ap-southeast-3,apse3-az3,3
2026-08-26T22:23:04Z,g-xlarge-trio,g5.xlarge|g4dn.xlarge|g6.xlarge,az,ap-northeast-1,apne1-az2,3
2026-08-26T22:23:04Z,g-xlarge-trio,g5.xlarge|g4dn.xlarge|g6.xlarge,az,ap-south-1,aps1-az2,3
2026-08-26T22:23:04Z,g-xlarge-trio,g5.xlarge|g4dn.xlarge|g6.xlarge,az,ap-east-1,ape1-az2,3
2026-08-26T22:23:04Z,g-xlarge-trio,g5.xlarge|g4dn.xlarge|g6.xlarge,az,ap-east-1,ape1-az3,3
2026-08-26T22:23:04Z,g-xlarge-trio,g5.xlarge|g4dn.xlarge|g6.xlarge,az,ap-south-1,aps1-az3,3
2026-08-27T03:05:41Z,g5.xlarge,g5.xlarge,region,ap-northeast-2,,3
2026-08-27T03:05:41Z,g5.xlarge,g5.xlarge,region,us-east-2,,1
2026-08-27T03:05:41Z,g5.xlarge,g5.xlarge,region,us-west-2,,1
2026-08-27T03:05:41Z,g5.xlarge,g5.xlarge,region,us-east-1,,3
2026-08-27T03:05:41Z,g5.xlarge,g5.xlarge,region,ap-northeast-1,,1
2026-08-27T03:05:41Z,g5.xlarge,g5.xlarge,region,ap-southeast-3,,3
2026-08-27T03:05:41Z,g5.xlarge,g5.xlarge,region,ap-south-1,,3
2026-08-27T03:05:41Z,g5.xlarge,g5.xlarge,region,ap-east-1,,1
2026-08-27T03:05:41Z,g5.xlarge,g5.xlarge,region,ap-southeast-2,,1
2026-08-27T03:05:41Z,g5.xlarge,g5.xlarge,az,ap-south-1,aps1-az1,1
2026-08-27T03:05:41Z,g5.xlarge,g5.xlarge,az,us-west-2,usw2-az3,1
2026-08-27T03:05:41Z,g5.xlarge,g5.xlarge,az,ap-northeast-2,apne2-az4,3
2026-08-27T03:05:41Z,g5.xlarge,g5.xlarge,az,us-east-1,use1-az6,1
2026-08-27T03:05:41Z,g5.xlarge,g5.xlarge,az,ap-northeast-2,apne2-az1,3
2026-08-27T03:05:41Z,g5.xlarge,g5.xlarge,az,ap-southeast-3,apse3-az3,3
2026-08-27T03:05:41Z,g5.xlarge,g5.xlarge,az,ap-southeast-3,apse3-az1,1
2026-08-27T03:05:41Z,g5.xlarge,g5.xlarge,az,us-east-2,use2-az1,1
2026-08-27T03:05:41Z,g5.xlarge,g5.xlarge,az,ap-northeast-2,apne2-az3,3
2026-08-27T03:05:41Z,g5.xlarge,g5.xlarge,az,ap-south-1,aps1-az3,3
2026-08-27T03:05:41Z,g-xlarge-trio,g5.xlarge|g4dn.xlarge|g6.xlarge,region,ap-east-1,,3
2026-08-27T03:05:41Z,g-xlarge-trio,g5.xlarge|g4dn.xlarge|g6.xlarge,region,ap-south-1,,3
2026-08-27T03:05:41Z,g-xlarge-trio,g5.xlarge|g4dn.xlarge|g6.xlarge,region,ap-southeast-3,,3
2026-08-27T03:05:41Z,g-xlarge-trio,g5.xlarge|g4dn.xlarge|g6.xlarge,region,ap-southeast-2,,1
2026-08-27T03:05:41Z,g-xlarge-trio,g5.xlarge|g4dn.xlarge|g6.xlarge,region,us-east-2,,9
2026-08-27T03:05:41Z,g-xlarge-trio,g5.xlarge|g4dn.xlarge|g6.xlarge,region,ap-northeast-2,,9
2026-08-27T03:05:41Z,g-xlarge-trio,g5.xlarge|g4dn.xlarge|g6.xlarge,region,us-west-2,,2
2026-08-27T03:05:41Z,g-xlarge-trio,g5.xlarge|g4dn.xlarge|g6.xlarge,region,ap-northeast-1,,1
2026-08-27T03:05:41Z,g-xlarge-trio,g5.xlarge|g4dn.xlarge|g6.xlarge,region,us-east-1,,6
2026-08-27T03:05:41Z,g-xlarge-trio,g5.xlarge|g4dn.xlarge|g6.xlarge,az,ap-south-1,aps1-az2,3
2026-08-27T03:05:41Z,g-xlarge-trio,g5.xlarge|g4dn.xlarge|g6.xlarge,az,ap-east-1,ape1-az1,3
2026-08-27T03:05:41Z,g-xlarge-trio,g5.xlarge|g4dn.xlarge|g6.xlarge,az,us-east-2,use2-az3,9
2026-08-27T03:05:41Z,g-xlarge-trio,g5.xlarge|g4dn.xlarge|g6.xlarge,az,ap-east-1,ape1-az3,3
2026-08-27T03:05:41Z,g-xlarge-trio,g5.xlarge|g4dn.xlarge|g6.xlarge,az,ap-northeast-2,apne2-az1,9
2026-08-27T03:05:41Z,g-xlarge-trio,g5.xlarge|g4dn.xlarge|g6.xlarge,az,us-east-2,use2-az1,9
2026-08-27T03:05:41Z,g-xlarge-trio,g5.xlarge|g4dn.xlarge|g6.xlarge,az,ap-southeast-3,apse3-az3,3
2026-08-27T03:05:41Z,g-xlarge-trio,g5.xlarge|g4dn.xlarge|g6.xlarge,az,ap-northeast-2,apne2-az4,3
2026-08-27T03:05:41Z,g-xlarge-trio,g5.xlarge|g4dn.xlarge|g6.xlarge,az,us-east-2,use2-az2,9
2026-08-27T03:05:41Z,g-xlarge-trio,g5.xlarge|g4dn.xlarge|g6.xlarge,az,ap-northeast-2,apne2-az3,9
2026-08-27T14:06:09Z,g5.xlarge,g5.xlarge,region,ap-south-1,,1
2026-08-27T14:06:09Z,g5.xlarge,g5.xlarge,region,ap-east-1,,1
2026-08-27T14:06:09Z,g5.xlarge,g5.xlarge,region,ap-southeast-2,,1
2026-08-27T14:06:09Z,g5.xlarge,g5.xlarge,region,us-west-2,,2
2026-08-27T14:06:09Z,g5.xlarge,g5.xlarge,region,ap-northeast-2,,3
2026-08-27T14:06:09Z,g5.xlarge,g5.xlarge,region,us-east-2,,1
2026-08-27T14:06:09Z,g5.xlarge,g5.xlarge,region,ap-southeast-3,,3
2026-08-27T14:06:09Z,g5.xlarge,g5.xlarge,region,us-east-1,,3
2026-08-27T14:06:09Z,g5.xlarge,g5.xlarge,region,ap-northeast-1,,3
2026-08-27T14:06:09Z,g5.xlarge,g5.xlarge,az,us-east-2,use2-az2,1
2026-08-27T14:06:09Z,g5.xlarge,g5.xlarge,az,ap-southeast-3,apse3-az3,3
2026-08-27T14:06:09Z,g5.xlarge,g5.xlarge,az,us-east-1,use1-az2,1
2026-08-27T14:06:09Z,g5.xlarge,g5.xlarge,az,us-east-1,use1-az6,1
2026-08-27T14:06:09Z,g5.xlarge,g5.xlarge,az,ap-east-1,ape1-az1,1
2026-08-27T14:06:09Z,g5.xlarge,g5.xlarge,az,us-west-2,usw2-az3,1
2026-08-27T14:06:09Z,g5.xlarge,g5.xlarge,az,ap-northeast-1,apne1-az4,3
2026-08-27T14:06:09Z,g5.xlarge,g5.xlarge,az,ap-northeast-2,apne2-az1,3
2026-08-27T14:06:09Z,g5.xlarge,g5.xlarge,az,ap-northeast-2,apne2-az4,3
2026-08-27T14:06:09Z,g5.xlarge,g5.xlarge,az,ap-northeast-2,apne2-az3,3
2026-08-27T14:06:09Z,g-xlarge-trio,g5.xlarge|g4dn.xlarge|g6.xlarge,region,ap-east-1,,3
2026-08-27T14:06:09Z,g-xlarge-trio,g5.xlarge|g4dn.xlarge|g6.xlarge,region,ap-south-1,,1
2026-08-27T14:06:09Z,g-xlarge-trio,g5.xlarge|g4dn.xlarge|g6.xlarge,region,ap-southeast-3,,3
2026-08-27T14:06:09Z,g-xlarge-trio,g5.xlarge|g4dn.xlarge|g6.xlarge,region,ap-southeast-2,,1
2026-08-27T14:06:09Z,g-xlarge-trio,g5.xlarge|g4dn.xlarge|g6.xlarge,region,us-east-2,,9
2026-08-27T14:06:09Z,g-xlarge-trio,g5.xlarge|g4dn.xlarge|g6.xlarge,region,ap-northeast-2,,9
2026-08-27T14:06:09Z,g-xlarge-trio,g5.xlarge|g4dn.xlarge|g6.xlarge,region,ap-northeast-1,,9
2026-08-27T14:06:09Z,g-xlarge-trio,g5.xlarge|g4dn.xlarge|g6.xlarge,region,us-west-2,,4
2026-08-27T14:06:09Z,g-xlarge-trio,g5.xlarge|g4dn.xlarge|g6.xlarge,region,us-east-1,,7
2026-08-27T14:06:09Z,g-xlarge-trio,g5.xlarge|g4dn.xlarge|g6.xlarge,az,ap-northeast-2,apne2-az3,9
2026-08-27T14:06:09Z,g-xlarge-trio,g5.xlarge|g4dn.xlarge|g6.xlarge,az,ap-northeast-1,apne1-az4,9
2026-08-27T14:06:09Z,g-xlarge-trio,g5.xlarge|g4dn.xlarge|g6.xlarge,az,ap-northeast-2,apne2-az1,9
2026-08-27T14:06:09Z,g-xlarge-trio,g5.xlarge|g4dn.xlarge|g6.xlarge,az,ap-northeast-1,apne1-az1,9
2026-08-27T14:06:09Z,g-xlarge-trio,g5.xlarge|g4dn.xlarge|g6.xlarge,az,ap-southeast-3,apse3-az3,3
2026-08-27T14:06:09Z,g-xlarge-trio,g5.xlarge|g4dn.xlarge|g6.xlarge,az,ap-northeast-1,apne1-az2,3
2026-08-27T14:06:09Z,g-xlarge-trio,g5.xlarge|g4dn.xlarge|g6.xlarge,az,us-east-2,use2-az3,9
2026-08-27T14:06:09Z,g-xlarge-trio,g5.xlarge|g4dn.xlarge|g6.xlarge,az,ap-east-1,ape1-az2,3
2026-08-27T14:06:09Z,g-xlarge-trio,g5.xlarge|g4dn.xlarge|g6.xlarge,az,ap-east-1,ape1-az3,3
2026-08-27T14:06:09Z,g-xlarge-trio,g5.xlarge|g4dn.xlarge|g6.xlarge,az,us-east-2,use2-az2,9
2026-08-27T23:46:00Z,g5.xlarge,g5.xlarge,region,ap-south-1,,3
2026-08-27T23:46:00Z,g5.xlarge,g5.xlarge,region,ap-east-1,,1
2026-08-27T23:46:00Z,g5.xlarge,g5.xlarge,region,us-east-1,,3
2026-08-27T23:46:00Z,g5.xlarge,g5.xlarge,region,us-west-2,,2
2026-08-27T23:46:00Z,g5.xlarge,g5.xlarge,region,ap-northeast-1,,1
2026-08-27T23:46:00Z,g5.xlarge,g5.xlarge,region,ap-southeast-3,,3
2026-08-27T23:46:00Z,g5.xlarge,g5.xlarge,region,ap-northeast-2,,3
2026-08-27T23:46:00Z,g5.xlarge,g5.xlarge,region,us-east-2,,1
2026-08-27T23:46:00Z,g5.xlarge,g5.xlarge,region,ap-southeast-2,,1
2026-08-27T23:46:00Z,g5.xlarge,g5.xlarge,az,ap-east-1,ape1-az1,1
2026-08-27T23:46:00Z,g5.xlarge,g5.xlarge,az,us-east-1,use1-az2,1
2026-08-27T23:46:00Z,g5.xlarge,g5.xlarge,az,ap-southeast-3,apse3-az1,1
2026-08-27T23:46:00Z,g5.xlarge,g5.xlarge,az,ap-northeast-1,apne1-az4,1
2026-08-27T23:46:00Z,g5.xlarge,g5.xlarge,az,ap-northeast-2,apne2-az4,3
2026-08-27T23:46:00Z,g5.xlarge,g5.xlarge,az,ap-south-1,aps1-az3,3
2026-08-27T23:46:00Z,g5.xlarge,g5.xlarge,az,ap-south-1,aps1-az1,3
2026-08-27T23:46:00Z,g5.xlarge,g5.xlarge,az,ap-northeast-2,apne2-az1,3
2026-08-27T23:46:00Z,g5.xlarge,g5.xlarge,az,ap-southeast-3,apse3-az3,3
2026-08-27T23:46:00Z,g5.xlarge,g5.xlarge,az,ap-northeast-2,apne2-az3,3
2026-08-27T23:46:00Z,g-xlarge-trio,g5.xlarge|g4dn.xlarge|g6.xlarge,region,ap-northeast-1,,9
2026-08-27T23:46:00Z,g-xlarge-trio,g5.xlarge|g4dn.xlarge|g6.xlarge,region,us-east-1,,8
2026-08-27T23:46:00Z,g-xlarge-trio,g5.xlarge|g4dn.xlarge|g6.xlarge,region,us-west-2,,3
2026-08-27T23:46:00Z,g-xlarge-trio,g5.xlarge|g4dn.xlarge|g6.xlarge,region,ap-south-1,,3
2026-08-27T23:46:00Z,g-xlarge-trio,g5.xlarge|g4dn.xlarge|g6.xlarge,region,ap-east-1,,3
2026-08-27T23:46:00Z,g-xlarge-trio,g5.xlarge|g4dn.xlarge|g6.xlarge,region,ap-southeast-3,,3
2026-08-27T23:46:00Z,g-xlarge-trio,g5.xlarge|g4dn.xlarge|g6.xlarge,region,ap-southeast-2,,1
2026-08-27T23:46:00Z,g-xlarge-trio,g5.xlarge|g4dn.xlarge|g6.xlarge,region,ap-northeast-2,,9
2026-08-27T23:46:00Z,g-xlarge-trio,g5.xlarge|g4dn.xlarge|g6.xlarge,region,us-east-2,,1
2026-08-27T23:46:00Z,g-xlarge-trio,g5.xlarge|g4dn.xlarge|g6.xlarge,az,ap-south-1,aps1-az2,3
2026-08-27T23:46:00Z,g-xlarge-trio,g5.xlarge|g4dn.xlarge|g6.xlarge,az,ap-east-1,ape1-az1,3
2026-08-27T23:46:00Z,g-xlarge-trio,g5.xlarge|g4dn.xlarge|g6.xlarge,az,ap-east-1,ape1-az3,3
2026-08-27T23:46:00Z,g-xlarge-trio,g5.xlarge|g4dn.xlarge|g6.xlarge,az,ap-northeast-2,apne2-az1,9
2026-08-27T23:46:00Z,g-xlarge-trio,g5.xlarge|g4dn.xlarge|g6.xlarge,az,ap-southeast-3,apse3-az3,3
2026-08-27T23:46:00Z,g-xlarge-trio,g5.xlarge|g4dn.xlarge|g6.xlarge,az,ap-northeast-1,apne1-az2,3
2026-08-27T23:46:00Z,g-xlarge-trio,g5.xlarge|g4dn.xlarge|g6.xlarge,az,ap-northeast-1,apne1-az1,9
2026-08-27T23:46:00Z,g-xlarge-trio,g5.xlarge|g4dn.xlarge|g6.xlarge,az,ap-northeast-2,apne2-az4,3
2026-08-27T23:46:00Z,g-xlarge-trio,g5.xlarge|g4dn.xlarge|g6.xlarge,az,ap-northeast-1,apne1-az4,9
2026-08-27T23:46:00Z,g-xlarge-trio,g5.xlarge|g4dn.xlarge|g6.xlarge,az,ap-northeast-2,apne2-az3,9
2026-08-28T11:16:05Z,g5.xlarge,g5.xlarge,region,ap-southeast-3,,3
2026-08-28T11:16:05Z,g5.xlarge,g5.xlarge,region,ap-southeast-2,,1
2026-08-28T11:16:05Z,g5.xlarge,g5.xlarge,region,ap-northeast-2,,3
2026-08-28T11:16:05Z,g5.xlarge,g5.xlarge,region,us-east-2,,3
2026-08-28T11:16:05Z,g5.xlarge,g5.xlarge,region,us-west-2,,2
2026-08-28T11:16:05Z,g5.xlarge,g5.xlarge,region,us-east-1,,2
2026-08-28T11:16:05Z,g5.xlarge,g5.xlarge,region,ap-northeast-1,,1
2026-08-28T11:16:05Z,g5.xlarge,g5.xlarge,region,ap-east-1,,1
2026-08-28T11:16:05Z,g5.xlarge,g5.xlarge,region,ap-south-1,,1
2026-08-28T11:16:05Z,g5.xlarge,g5.xlarge,az,ap-south-1,aps1-az1,1
2026-08-28T11:16:05Z,g5.xlarge,g5.xlarge,az,us-west-2,usw2-az3,1
2026-08-28T11:16:05Z,g5.xlarge,g5.xlarge,az,ap-northeast-2,apne2-az4,3
2026-08-28T11:16:05Z,g5.xlarge,g5.xlarge,az,us-east-1,use1-az6,1
2026-08-28T11:16:05Z,g5.xlarge,g5.xlarge,az,ap-northeast-2,apne2-az1,3
2026-08-28T11:16:05Z,g5.xlarge,g5.xlarge,az,ap-southeast-3,apse3-az3,3
2026-08-28T11:16:05Z,g5.xlarge,g5.xlarge,az,us-east-2,use2-az3,2
2026-08-28T11:16:05Z,g5.xlarge,g5.xlarge,az,ap-southeast-3,apse3-az1,1
2026-08-28T11:16:05Z,g5.xlarge,g5.xlarge,az,us-east-2,use2-az1,1
2026-08-28T11:16:05Z,g5.xlarge,g5.xlarge,az,ap-northeast-2,apne2-az3,3
2026-08-28T11:16:05Z,g-xlarge-trio,g5.xlarge|g4dn.xlarge|g6.xlarge,region,ap-south-1,,3
2026-08-28T11:16:05Z,g-xlarge-trio,g5.xlarge|g4dn.xlarge|g6.xlarge,region,ap-east-1,,3
2026-08-28T11:16:05Z,g-xlarge-trio,g5.xlarge|g4dn.xlarge|g6.xlarge,region,ap-southeast-2,,1
2026-08-28T11:16:05Z,g-xlarge-trio,g5.xlarge|g4dn.xlarge|g6.xlarge,region,ap-northeast-2,,9
2026-08-28T11:16:05Z,g-xlarge-trio,g5.xlarge|g4dn.xlarge|g6.xlarge,region,us-east-2,,9
2026-08-28T11:16:05Z,g-xlarge-trio,g5.xlarge|g4dn.xlarge|g6.xlarge,region,ap-southeast-3,,3
2026-08-28T11:16:05Z,g-xlarge-trio,g5.xlarge|g4dn.xlarge|g6.xlarge,region,us-east-1,,7
2026-08-28T11:16:05Z,g-xlarge-trio,g5.xlarge|g4dn.xlarge|g6.xlarge,region,ap-northeast-1,,9
2026-08-28T11:16:05Z,g-xlarge-trio,g5.xlarge|g4dn.xlarge|g6.xlarge,region,us-west-2,,9
2026-08-28T11:16:05Z,g-xlarge-trio,g5.xlarge|g4dn.xlarge|g6.xlarge,az,ap-southeast-3,apse3-az3,3
2026-08-28T11:16:05Z,g-xlarge-trio,g5.xlarge|g4dn.xlarge|g6.xlarge,az,ap-east-1,ape1-az3,3
2026-08-28T11:16:05Z,g-xlarge-trio,g5.xlarge|g4dn.xlarge|g6.xlarge,az,ap-east-1,ape1-az1,3
2026-08-28T11:16:05Z,g-xlarge-trio,g5.xlarge|g4dn.xlarge|g6.xlarge,az,ap-south-1,aps1-az1,3
2026-08-28T11:16:05Z,g-xlarge-trio,g5.xlarge|g4dn.xlarge|g6.xlarge,az,ap-northeast-2,apne2-az1,9
2026-08-28T11:16:05Z,g-xlarge-trio,g5.xlarge|g4dn.xlarge|g6.xlarge,az,us-west-2,usw2-az1,3
2026-08-28T11:16:05Z,g-xlarge-trio,g5.xlarge|g4dn.xlarge|g6.xlarge,az,us-east-2,use2-az3,5
2026-08-28T11:16:05Z,g-xlarge-trio,g5.xlarge|g4dn.xlarge|g6.xlarge,az,ap-northeast-2,apne2-az3,9
2026-08-28T11:16:05Z,g-xlarge-trio,g5.xlarge|g4dn.xlarge|g6.xlarge,az,ap-northeast-2,apne2-az4,3
2026-08-28T11:16:05Z,g-xlarge-trio,g5.xlarge|g4dn.xlarge|g6.xlarge,az,ap-east-1,ape1-az2,3
2026-08-28T22:13:49Z,g5.xlarge,g5.xlarge,region,ap-southeast-3,,3
2026-08-28T22:13:49Z,g5.xlarge,g5.xlarge,region,ap-southeast-2,,1
2026-08-28T22:13:49Z,g5.xlarge,g5.xlarge,region,ap-northeast-2,,3
2026-08-28T22:13:49Z,g5.xlarge,g5.xlarge,region,us-east-2,,1
2026-08-28T22:13:49Z,g5.xlarge,g5.xlarge,region,us-west-2,,1
2026-08-28T22:13:49Z,g5.xlarge,g5.xlarge,region,ap-northeast-1,,3
2026-08-28T22:13:49Z,g5.xlarge,g5.xlarge,region,us-east-1,,1
2026-08-28T22:13:49Z,g5.xlarge,g5.xlarge,region,ap-east-1,,1
2026-08-28T22:13:49Z,g5.xlarge,g5.xlarge,region,ap-south-1,,3
2026-08-28T22:13:49Z,g5.xlarge,g5.xlarge,az,ap-east-1,ape1-az1,1
2026-08-28T22:13:49Z,g5.xlarge,g5.xlarge,az,us-east-1,use1-az2,1
2026-08-28T22:13:49Z,g5.xlarge,g5.xlarge,az,ap-northeast-1,apne1-az4,3
2026-08-28T22:13:49Z,g5.xlarge,g5.xlarge,az,ap-southeast-3,apse3-az1,1
2026-08-28T22:13:49Z,g5.xlarge,g5.xlarge,az,ap-northeast-2,apne2-az4,3
2026-08-28T22:13:49Z,g5.xlarge,g5.xlarge,az,ap-south-1,aps1-az3,3
2026-08-28T22:13:49Z,g5.xlarge,g5.xlarge,az,ap-south-1,aps1-az1,3
2026-08-28T22:13:49Z,g5.xlarge,g5.xlarge,az,ap-northeast-2,apne2-az1,3
2026-08-28T22:13:49Z,g5.xlarge,g5.xlarge,az,ap-southeast-3,apse3-az3,3
2026-08-28T22:13:49Z,g5.xlarge,g5.xlarge,az,ap-northeast-2,apne2-az3,3
2026-08-28T22:13:49Z,g-xlarge-trio,g5.xlarge|g4dn.xlarge|g6.xlarge,region,ap-south-1,,3
2026-08-28T22:13:49Z,g-xlarge-trio,g5.xlarge|g4dn.xlarge|g6.xlarge,region,ap-east-1,,3
2026-08-28T22:13:49Z,g-xlarge-trio,g5.xlarge|g4dn.xlarge|g6.xlarge,region,ap-southeast-2,,9
2026-08-28T22:13:49Z,g-xlarge-trio,g5.xlarge|g4dn.xlarge|g6.xlarge,region,ap-northeast-2,,9
2026-08-28T22:13:49Z,g-xlarge-trio,g5.xlarge|g4dn.xlarge|g6.xlarge,region,us-east-2,,2
2026-08-28T22:13:49Z,g-xlarge-trio,g5.xlarge|g4dn.xlarge|g6.xlarge,region,ap-southeast-3,,3
2026-08-28T22:13:49Z,g-xlarge-trio,g5.xlarge|g4dn.xlarge|g6.xlarge,region,us-east-1,,5
2026-08-28T22:13:49Z,g-xlarge-trio,g5.xlarge|g4dn.xlarge|g6.xlarge,region,ap-northeast-1,,9
2026-08-28T22:13:49Z,g-xlarge-trio,g5.xlarge|g4dn.xlarge|g6.xlarge,region,us-west-2,,2
2026-08-28T22:13:49Z,g-xlarge-trio,g5.xlarge|g4dn.xlarge|g6.xlarge,az,ap-south-1,aps1-az1,3
2026-08-28T22:13:49Z,g-xlarge-trio,g5.xlarge|g4dn.xlarge|g6.xlarge,az,ap-northeast-2,apne2-az1,9
2026-08-28T22:13:49Z,g-xlarge-trio,g5.xlarge|g4dn.xlarge|g6.xlarge,az,ap-northeast-1,apne1-az1,3
2026-08-28T22:13:49Z,g-xlarge-trio,g5.xlarge|g4dn.xlarge|g6.xlarge,az,ap-northeast-1,apne1-az2,3
2026-08-28T22:13:49Z,g-xlarge-trio,g5.xlarge|g4dn.xlarge|g6.xlarge,az,ap-southeast-2,apse2-az1,9
2026-08-28T22:13:49Z,g-xlarge-trio,g5.xlarge|g4dn.xlarge|g6.xlarge,az,ap-south-1,aps1-az2,3
2026-08-28T22:13:49Z,g-xlarge-trio,g5.xlarge|g4dn.xlarge|g6.xlarge,az,ap-east-1,ape1-az1,3
2026-08-28T22:13:49Z,g-xlarge-trio,g5.xlarge|g4dn.xlarge|g6.xlarge,az,ap-northeast-2,apne2-az3,9
2026-08-28T22:13:49Z,g-xlarge-trio,g5.xlarge|g4dn.xlarge|g6.xlarge,az,ap-northeast-1,apne1-az4,9
2026-08-28T22:13:49Z,g-xlarge-trio,g5.xlarge|g4dn.xlarge|g6.xlarge,az,ap-south-1,aps1-az3,3
2026-08-29T04:07:18Z,g5.xlarge,g5.xlarge,region,ap-northeast-1,,3
2026-08-29T04:07:18Z,g5.xlarge,g5.xlarge,region,us-east-1,,1
2026-08-29T04:07:18Z,g5.xlarge,g5.xlarge,region,us-west-2,,1
2026-08-29T04:07:18Z,g5.xlarge,g5.xlarge,region,ap-south-1,,3
2026-08-29T04:07:18Z,g5.xlarge,g5.xlarge,region,ap-east-1,,1
2026-08-29T04:07:18Z,g5.xlarge,g5.xlarge,region,ap-southeast-3,,3
2026-08-29T04:07:18Z,g5.xlarge,g5.xlarge,region,ap-southeast-2,,1
2026-08-29T04:07:18Z,g5.xlarge,g5.xlarge,region,ap-northeast-2,,3
2026-08-29T04:07:18Z,g5.xlarge,g5.xlarge,region,us-east-2,,1
2026-08-29T04:07:18Z,g5.xlarge,g5.xlarge,az,ap-east-1,ape1-az1,1
2026-08-29T04:07:18Z,g5.xlarge,g5.xlarge,az,us-east-1,use1-az2,1
2026-08-29T04:07:18Z,g5.xlarge,g5.xlarge,az,ap-northeast-1,apne1-az4,3
2026-08-29T04:07:18Z,g5.xlarge,g5.xlarge,az,ap-southeast-3,apse3-az1,1
2026-08-29T04:07:18Z,g5.xlarge,g5.xlarge,az,us-west-2,usw2-az1,1
2026-08-29T04:07:18Z,g5.xlarge,g5.xlarge,az,ap-northeast-2,apne2-az4,3
2026-08-29T04:07:18Z,g5.xlarge,g5.xlarge,az,ap-south-1,aps1-az3,3
2026-08-29T04:07:18Z,g5.xlarge,g5.xlarge,az,ap-northeast-2,apne2-az1,3
2026-08-29T04:07:18Z,g5.xlarge,g5.xlarge,az,ap-southeast-3,apse3-az3,3
2026-08-29T04:07:18Z,g5.xlarge,g5.xlarge,az,ap-northeast-2,apne2-az3,3
2026-08-29T04:07:18Z,g-xlarge-trio,g5.xlarge|g4dn.xlarge|g6.xlarge,region,ap-south-1,,3
2026-08-29T04:07:18Z,g-xlarge-trio,g5.xlarge|g4dn.xlarge|g6.xlarge,region,ap-east-1,,3
2026-08-29T04:07:18Z,g-xlarge-trio,g5.xlarge|g4dn.xlarge|g6.xlarge,region,ap-southeast-2,,7
2026-08-29T04:07:18Z,g-xlarge-trio,g5.xlarge|g4dn.xlarge|g6.xlarge,region,us-west-2,,1
2026-08-29T04:07:18Z,g-xlarge-trio,g5.xlarge|g4dn.xlarge|g6.xlarge,region,ap-northeast-2,,9
2026-08-29T04:07:18Z,g-xlarge-trio,g5.xlarge|g4dn.xlarge|g6.xlarge,region,us-east-2,,9
2026-08-29T04:07:18Z,g-xlarge-trio,g5.xlarge|g4dn.xlarge|g6.xlarge,region,ap-southeast-3,,3
2026-08-29T04:07:18Z,g-xlarge-trio,g5.xlarge|g4dn.xlarge|g6.xlarge,region,us-east-1,,8
2026-08-29T04:07:18Z,g-xlarge-trio,g5.xlarge|g4dn.xlarge|g6.xlarge,region,ap-northeast-1,,9
2026-08-29T04:07:18Z,g-xlarge-trio,g5.xlarge|g4dn.xlarge|g6.xlarge,az,us-east-2,use2-az2,9
2026-08-29T04:07:18Z,g-xlarge-trio,g5.xlarge|g4dn.xlarge|g6.xlarge,az,ap-northeast-1,apne1-az2,3
2026-08-29T04:07:18Z,g-xlarge-trio,g5.xlarge|g4dn.xlarge|g6.xlarge,az,ap-east-1,ape1-az1,3
2026-08-29T04:07:18Z,g-xlarge-trio,g5.xlarge|g4dn.xlarge|g6.xlarge,az,ap-northeast-1,apne1-az4,9
2026-08-29T04:07:18Z,g-xlarge-trio,g5.xlarge|g4dn.xlarge|g6.xlarge,az,ap-northeast-2,apne2-az1,9
2026-08-29T04:07:18Z,g-xlarge-trio,g5.xlarge|g4dn.xlarge|g6.xlarge,az,us-east-2,use2-az3,9
2026-08-29T04:07:18Z,g-xlarge-trio,g5.xlarge|g4dn.xlarge|g6.xlarge,az,ap-northeast-2,apne2-az3,9
2026-08-29T04:07:18Z,g-xlarge-trio,g5.xlarge|g4dn.xlarge|g6.xlarge,az,ap-northeast-2,apne2-az4,3
2026-08-29T04:07:18Z,g-xlarge-trio,g5.xlarge|g4dn.xlarge|g6.xlarge,az,ap-south-1,aps1-az2,3
2026-08-29T04:07:18Z,g-xlarge-trio,g5.xlarge|g4dn.xlarge|g6.xlarge,az,ap-southeast-2,apse2-az1,7
2026-08-29T11:36:28Z,g5.xlarge,g5.xlarge,region,ap-northeast-2,,3
2026-08-29T11:36:28Z,g5.xlarge,g5.xlarge,region,us-east-2,,3
2026-08-29T11:36:28Z,g5.xlarge,g5.xlarge,region,us-west-2,,3
2026-08-29T11:36:28Z,g5.xlarge,g5.xlarge,region,us-east-1,,1
2026-08-29T11:36:28Z,g5.xlarge,g5.xlarge,region,ap-northeast-1,,3
2026-08-29T11:36:28Z,g5.xlarge,g5.xlarge,region,ap-southeast-3,,2
2026-08-29T11:36:28Z,g5.xlarge,g5.xlarge,region,ap-south-1,,3
2026-08-29T11:36:28Z,g5.xlarge,g5.xlarge,region,ap-east-1,,1
2026-08-29T11:36:28Z,g5.xlarge,g5.xlarge,region,ap-southeast-2,,1
2026-08-29T11:36:28Z,g5.xlarge,g5.xlarge,az,us-east-2,use2-az2,3
2026-08-29T11:36:28Z,g5.xlarge,g5.xlarge,az,us-west-2,usw2-az2,3
2026-08-29T11:36:28Z,g5.xlarge,g5.xlarge,az,ap-northeast-2,apne2-az3,3
2026-08-29T11:36:28Z,g5.xlarge,g5.xlarge,az,ap-northeast-1,apne1-az4,3
2026-08-29T11:36:28Z,g5.xlarge,g5.xlarge,az,us-east-2,use2-az3,3
2026-08-29T11:36:28Z,g5.xlarge,g5.xlarge,az,ap-northeast-2,apne2-az1,3
2026-08-29T11:36:28Z,g5.xlarge,g5.xlarge,az,us-west-2,usw2-az3,3
2026-08-29T11:36:28Z,g5.xlarge,g5.xlarge,az,ap-south-1,aps1-az3,3
2026-08-29T11:36:28Z,g5.xlarge,g5.xlarge,az,ap-northeast-2,apne2-az4,3
2026-08-29T11:36:28Z,g5.xlarge,g5.xlarge,az,us-east-2,use2-az1,3
2026-08-29T11:36:28Z,g-xlarge-trio,g5.xlarge|g4dn.xlarge|g6.xlarge,region,ap-east-1,,3
2026-08-29T11:36:28Z,g-xlarge-trio,g5.xlarge|g4dn.xlarge|g6.xlarge,region,ap-south-1,,3
2026-08-29T11:36:28Z,g-xlarge-trio,g5.xlarge|g4dn.xlarge|g6.xlarge,region,ap-southeast-2,,9
2026-08-29T11:36:28Z,g-xlarge-trio,g5.xlarge|g4dn.xlarge|g6.xlarge,region,ap-southeast-3,,2
2026-08-29T11:36:28Z,g-xlarge-trio,g5.xlarge|g4dn.xlarge|g6.xlarge,region,us-east-2,,9
2026-08-29T11:36:28Z,g-xlarge-trio,g5.xlarge|g4dn.xlarge|g6.xlarge,region,ap-northeast-2,,9
2026-08-29T11:36:28Z,g-xlarge-trio,g5.xlarge|g4dn.xlarge|g6.xlarge,region,us-west-2,,9
2026-08-29T11:36:28Z,g-xlarge-trio,g5.xlarge|g4dn.xlarge|g6.xlarge,region,ap-northeast-1,,9
2026-08-29T11:36:28Z,g-xlarge-trio,g5.xlarge|g4dn.xlarge|g6.xlarge,region,us-east-1,,9
2026-08-29T11:36:28Z,g-xlarge-trio,g5.xlarge|g4dn.xlarge|g6.xlarge,az,us-east-1,use1-az1,9
2026-08-29T11:36:28Z,g-xlarge-trio,g5.xlarge|g4dn.xlarge|g6.xlarge,az,us-east-1,use1-az2,9
2026-08-29T11:36:28Z,g-xlarge-trio,g5.xlarge|g4dn.xlarge|g6.xlarge,az,us-west-2,usw2-az2,9
2026-08-29T11:36:28Z,g-xlarge-trio,g5.xlarge|g4dn.xlarge|g6.xlarge,az,us-east-1,use1-az4,9
2026-08-29T11:36:28Z,g-xlarge-trio,g5.xlarge|g4dn.xlarge|g6.xlarge,az,us-east-2,use2-az3,9
2026-08-29T11:36:28Z,g-xlarge-trio,g5.xlarge|g4dn.xlarge|g6.xlarge,az,ap-southeast-2,apse2-az1,9
2026-08-29T11:36:28Z,g-xlarge-trio,g5.xlarge|g4dn.xlarge|g6.xlarge,az,us-east-2,use2-az1,9
2026-08-29T11:36:28Z,g-xlarge-trio,g5.xlarge|g4dn.xlarge|g6.xlarge,az,us-west-2,usw2-az3,9
2026-08-29T11:36:28Z,g-xlarge-trio,g5.xlarge|g4dn.xlarge|g6.xlarge,az,us-east-1,use1-az6,9
2026-08-29T11:36:28Z,g-xlarge-trio,g5.xlarge|g4dn.xlarge|g6.xlarge,az,us-east-2,use2-az2,9
2026-08-29T16:40:12Z,g5.xlarge,g5.xlarge,region,ap-south-1,,3
2026-08-29T16:40:12Z,g5.xlarge,g5.xlarge,region,ap-east-1,,1
2026-08-29T16:40:12Z,g5.xlarge,g5.xlarge,region,ap-southeast-2,,1
2026-08-29T16:40:12Z,g5.xlarge,g5.xlarge,region,us-west-2,,1
2026-08-29T16:40:12Z,g5.xlarge,g5.xlarge,region,ap-northeast-2,,3
2026-08-29T16:40:12Z,g5.xlarge,g5.xlarge,region,us-east-2,,1
2026-08-29T16:40:12Z,g5.xlarge,g5.xlarge,region,ap-southeast-3,,3
2026-08-29T16:40:12Z,g5.xlarge,g5.xlarge,region,us-east-1,,1
2026-08-29T16:40:12Z,g5.xlarge,g5.xlarge,region,ap-northeast-1,,3
2026-08-29T16:40:12Z,g5.xlarge,g5.xlarge,az,us-east-2,use2-az2,1
2026-08-29T16:40:12Z,g5.xlarge,g5.xlarge,az,ap-southeast-3,apse3-az3,3
2026-08-29T16:40:12Z,g5.xlarge,g5.xlarge,az,us-east-1,use1-az2,1
2026-08-29T16:40:12Z,g5.xlarge,g5.xlarge,az,us-east-1,use1-az6,1
2026-08-29T16:40:12Z,g5.xlarge,g5.xlarge,az,ap-south-1,aps1-az3,3
2026-08-29T16:40:12Z,g5.xlarge,g5.xlarge,az,ap-northeast-1,apne1-az4,3
2026-08-29T16:40:12Z,g5.xlarge,g5.xlarge,az,ap-south-1,aps1-az1,2
2026-08-29T16:40:12Z,g5.xlarge,g5.xlarge,az,ap-northeast-2,apne2-az1,3
2026-08-29T16:40:12Z,g5.xlarge,g5.xlarge,az,ap-northeast-2,apne2-az4,3
2026-08-29T16:40:12Z,g5.xlarge,g5.xlarge,az,ap-northeast-2,apne2-az3,3
2026-08-29T16:40:12Z,g-xlarge-trio,g5.xlarge|g4dn.xlarge|g6.xlarge,region,ap-southeast-2,,9
2026-08-29T16:40:12Z,g-xlarge-trio,g5.xlarge|g4dn.xlarge|g6.xlarge,region,ap-southeast-3,,3
2026-08-29T16:40:12Z,g-xlarge-trio,g5.xlarge|g4dn.xlarge|g6.xlarge,region,ap-northeast-2,,9
2026-08-29T16:40:12Z,g-xlarge-trio,g5.xlarge|g4dn.xlarge|g6.xlarge,region,us-east-2,,9
2026-08-29T16:40:12Z,g-xlarge-trio,g5.xlarge|g4dn.xlarge|g6.xlarge,region,us-west-2,,2
2026-08-29T16:40:12Z,g-xlarge-trio,g5.xlarge|g4dn.xlarge|g6.xlarge,region,ap-northeast-1,,9
2026-08-29T16:40:12Z,g-xlarge-trio,g5.xlarge|g4dn.xlarge|g6.xlarge,region,us-east-1,,9
2026-08-29T16:40:12Z,g-xlarge-trio,g5.xlarge|g4dn.xlarge|g6.xlarge,region,ap-east-1,,3
2026-08-29T16:40:12Z,g-xlarge-trio,g5.xlarge|g4dn.xlarge|g6.xlarge,region,ap-south-1,,3
2026-08-29T16:40:12Z,g-xlarge-trio,g5.xlarge|g4dn.xlarge|g6.xlarge,az,us-east-2,use2-az2,8
2026-08-29T16:40:12Z,g-xlarge-trio,g5.xlarge|g4dn.xlarge|g6.xlarge,az,us-east-1,use1-az2,9
2026-08-29T16:40:12Z,g-xlarge-trio,g5.xlarge|g4dn.xlarge|g6.xlarge,az,us-east-1,use1-az6,9
2026-08-29T16:40:12Z,g-xlarge-trio,g5.xlarge|g4dn.xlarge|g6.xlarge,az,ap-east-1,ape1-az1,3
2026-08-29T16:40:12Z,g-xlarge-trio,g5.xlarge|g4dn.xlarge|g6.xlarge,az,ap-northeast-1,apne1-az4,9
2026-08-29T16:40:12Z,g-xlarge-trio,g5.xlarge|g4dn.xlarge|g6.xlarge,az,ap-northeast-2,apne2-az1,9
2026-08-29T16:40:12Z,g-xlarge-trio,g5.xlarge|g4dn.xlarge|g6.xlarge,az,us-east-1,use1-az5,9
2026-08-29T16:40:12Z,g-xlarge-trio,g5.xlarge|g4dn.xlarge|g6.xlarge,az,ap-northeast-2,apne2-az3,9
2026-08-29T16:40:12Z,g-xlarge-trio,g5.xlarge|g4dn.xlarge|g6.xlarge,az,us-east-1,use1-az4,9
2026-08-29T16:40:12Z,g-xlarge-trio,g5.xlarge|g4dn.xlarge|g6.xlarge,az,ap-northeast-2,apne2-az4,3
2026-08-29T19:41:14Z,g5.xlarge,g5.xlarge,region,us-east-1,,3
2026-08-29T19:41:14Z,g5.xlarge,g5.xlarge,region,ap-northeast-1,,1
2026-08-29T19:41:14Z,g5.xlarge,g5.xlarge,region,us-west-2,,1
2026-08-29T19:41:14Z,g5.xlarge,g5.xlarge,region,ap-south-1,,3
2026-08-29T19:41:14Z,g5.xlarge,g5.xlarge,region,ap-east-1,,1
2026-08-29T19:41:14Z,g5.xlarge,g5.xlarge,region,ap-southeast-3,,2
2026-08-29T19:41:14Z,g5.xlarge,g5.xlarge,region,ap-southeast-2,,1
2026-08-29T19:41:14Z,g5.xlarge,g5.xlarge,region,ap-northeast-2,,3
2026-08-29T19:41:14Z,g5.xlarge,g5.xlarge,region,us-east-2,,1
2026-08-29T19:41:14Z,g5.xlarge,g5.xlarge,az,ap-northeast-2,apne2-az1,3
2026-08-29T19:41:14Z,g5.xlarge,g5.xlarge,az,us-east-1,use1-az4,3
2026-08-29T19:41:14Z,g5.xlarge,g5.xlarge,az,ap-southeast-3,apse3-az3,2
2026-08-29T19:41:14Z,g5.xlarge,g5.xlarge,az,us-east-1,use1-az5,3
2026-08-29T19:41:14Z,g5.xlarge,g5.xlarge,az,us-east-1,use1-az6,3
2026-08-29T19:41:14Z,g5.xlarge,g5.xlarge,az,ap-south-1,aps1-az1,3
2026-08-29T19:41:14Z,g5.xlarge,g5.xlarge,az,ap-south-1,aps1-az3,3
2026-08-29T19:41:14Z,g5.xlarge,g5.xlarge,az,ap-northeast-2,apne2-az4,3
2026-08-29T19:41:14Z,g5.xlarge,g5.xlarge,az,us-east-1,use1-az2,3
2026-08-29T19:41:14Z,g5.xlarge,g5.xlarge,az,ap-northeast-2,apne2-az3,3
2026-08-29T19:41:14Z,g-xlarge-trio,g5.xlarge|g4dn.xlarge|g6.xlarge,region,ap-southeast-2,,9
2026-08-29T19:41:14Z,g-xlarge-trio,g5.xlarge|g4dn.xlarge|g6.xlarge,region,ap-southeast-3,,2
2026-08-29T19:41:14Z,g-xlarge-trio,g5.xlarge|g4dn.xlarge|g6.xlarge,region,ap-northeast-2,,9
2026-08-29T19:41:14Z,g-xlarge-trio,g5.xlarge|g4dn.xlarge|g6.xlarge,region,us-east-2,,9
2026-08-29T19:41:14Z,g-xlarge-trio,g5.xlarge|g4dn.xlarge|g6.xlarge,region,us-west-2,,2
2026-08-29T19:41:14Z,g-xlarge-trio,g5.xlarge|g4dn.xlarge|g6.xlarge,region,ap-northeast-1,,9
2026-08-29T19:41:14Z,g-xlarge-trio,g5.xlarge|g4dn.xlarge|g6.xlarge,region,us-east-1,,9
2026-08-29T19:41:14Z,g-xlarge-trio,g5.xlarge|g4dn.xlarge|g6.xlarge,region,ap-east-1,,3
2026-08-29T19:41:14Z,g-xlarge-trio,g5.xlarge|g4dn.xlarge|g6.xlarge,region,ap-south-1,,3
2026-08-29T19:41:14Z,g-xlarge-trio,g5.xlarge|g4dn.xlarge|g6.xlarge,az,us-east-1,use1-az6,9
2026-08-29T19:41:14Z,g-xlarge-trio,g5.xlarge|g4dn.xlarge|g6.xlarge,az,ap-northeast-2,apne2-az1,9
2026-08-29T19:41:14Z,g-xlarge-trio,g5.xlarge|g4dn.xlarge|g6.xlarge,az,us-east-1,use1-az5,9
2026-08-29T19:41:14Z,g-xlarge-trio,g5.xlarge|g4dn.xlarge|g6.xlarge,az,ap-south-1,aps1-az2,3
2026-08-29T19:41:14Z,g-xlarge-trio,g5.xlarge|g4dn.xlarge|g6.xlarge,az,ap-northeast-2,apne2-az3,9
2026-08-29T19:41:14Z,g-xlarge-trio,g5.xlarge|g4dn.xlarge|g6.xlarge,az,us-east-1,use1-az2,9
2026-08-29T19:41:14Z,g-xlarge-trio,g5.xlarge|g4dn.xlarge|g6.xlarge,az,us-east-1,use1-az4,9
2026-08-29T19:41:14Z,g-xlarge-trio,g5.xlarge|g4dn.xlarge|g6.xlarge,az,us-east-1,use1-az1,6
2026-08-29T19:41:14Z,g-xlarge-trio,g5.xlarge|g4dn.xlarge|g6.xlarge,az,us-east-2,use2-az2,4
2026-08-29T19:41:14Z,g-xlarge-trio,g5.xlarge|g4dn.xlarge|g6.xlarge,az,ap-northeast-1,apne1-az4,9
2026-08-29T22:37:32Z,g5.xlarge,g5.xlarge,region,ap-northeast-1,,3
2026-08-29T22:37:32Z,g5.xlarge,g5.xlarge,region,us-east-1,,1
2026-08-29T22:37:32Z,g5.xlarge,g5.xlarge,region,us-west-2,,1
2026-08-29T22:37:32Z,g5.xlarge,g5.xlarge,region,ap-south-1,,3
2026-08-29T22:37:32Z,g5.xlarge,g5.xlarge,region,ap-east-1,,1
2026-08-29T22:37:32Z,g5.xlarge,g5.xlarge,region,ap-southeast-3,,3
2026-08-29T22:37:32Z,g5.xlarge,g5.xlarge,region,ap-southeast-2,,1
2026-08-29T22:37:32Z,g5.xlarge,g5.xlarge,region,ap-northeast-2,,3
2026-08-29T22:37:32Z,g5.xlarge,g5.xlarge,region,us-east-2,,1
2026-08-29T22:37:32Z,g5.xlarge,g5.xlarge,az,us-east-1,use1-az1,1
2026-08-29T22:37:32Z,g5.xlarge,g5.xlarge,az,ap-southeast-3,apse3-az3,3
2026-08-29T22:37:32Z,g5.xlarge,g5.xlarge,az,ap-northeast-2,apne2-az3,3
2026-08-29T22:37:32Z,g5.xlarge,g5.xlarge,az,ap-northeast-1,apne1-az4,3
2026-08-29T22:37:32Z,g5.xlarge,g5.xlarge,az,us-west-2,usw2-az2,1
2026-08-29T22:37:32Z,g5.xlarge,g5.xlarge,az,ap-northeast-2,apne2-az1,3
2026-08-29T22:37:32Z,g5.xlarge,g5.xlarge,az,us-east-1,use1-az4,1
2026-08-29T22:37:32Z,g5.xlarge,g5.xlarge,az,ap-south-1,aps1-az3,3
2026-08-29T22:37:32Z,g5.xlarge,g5.xlarge,az,ap-northeast-2,apne2-az4,3
2026-08-29T22:37:32Z,g5.xlarge,g5.xlarge,az,ap-south-1,aps1-az1,3
2026-08-29T22:37:32Z,g-xlarge-trio,g5.xlarge|g4dn.xlarge|g6.xlarge,region,ap-southeast-2,,9
2026-08-29T22:37:32Z,g-xlarge-trio,g5.xlarge|g4dn.xlarge|g6.xlarge,region,ap-southeast-3,,3
2026-08-29T22:37:32Z,g-xlarge-trio,g5.xlarge|g4dn.xlarge|g6.xlarge,region,ap-northeast-2,,9
2026-08-29T22:37:32Z,g-xlarge-trio,g5.xlarge|g4dn.xlarge|g6.xlarge,region,us-east-2,,9
2026-08-29T22:37:32Z,g-xlarge-trio,g5.xlarge|g4dn.xlarge|g6.xlarge,region,us-west-2,,2
2026-08-29T22:37:32Z,g-xlarge-trio,g5.xlarge|g4dn.xlarge|g6.xlarge,region,ap-northeast-1,,9
2026-08-29T22:37:32Z,g-xlarge-trio,g5.xlarge|g4dn.xlarge|g6.xlarge,region,us-east-1,,9
2026-08-29T22:37:32Z,g-xlarge-trio,g5.xlarge|g4dn.xlarge|g6.xlarge,region,ap-east-1,,3
2026-08-29T22:37:32Z,g-xlarge-trio,g5.xlarge|g4dn.xlarge|g6.xlarge,region,ap-south-1,,3
2026-08-29T22:37:32Z,g-xlarge-trio,g5.xlarge|g4dn.xlarge|g6.xlarge,az,us-east-1,use1-az2,9
2026-08-29T22:37:32Z,g-xlarge-trio,g5.xlarge|g4dn.xlarge|g6.xlarge,az,ap-northeast-1,apne1-az4,9
2026-08-29T22:37:32Z,g-xlarge-trio,g5.xlarge|g4dn.xlarge|g6.xlarge,az,us-east-2,use2-az2,3
2026-08-29T22:37:32Z,g-xlarge-trio,g5.xlarge|g4dn.xlarge|g6.xlarge,az,us-east-1,use1-az6,9
2026-08-29T22:37:32Z,g-xlarge-trio,g5.xlarge|g4dn.xlarge|g6.xlarge,az,us-east-2,use2-az1,8
2026-08-29T22:37:32Z,g-xlarge-trio,g5.xlarge|g4dn.xlarge|g6.xlarge,az,us-east-1,use1-az5,9
2026-08-29T22:37:32Z,g-xlarge-trio,g5.xlarge|g4dn.xlarge|g6.xlarge,az,ap-northeast-2,apne2-az1,9
2026-08-29T22:37:32Z,g-xlarge-trio,g5.xlarge|g4dn.xlarge|g6.xlarge,az,us-east-2,use2-az3,9
2026-08-29T22:37:32Z,g-xlarge-trio,g5.xlarge|g4dn.xlarge|g6.xlarge,az,us-east-1,use1-az4,9
2026-08-29T22:37:32Z,g-xlarge-trio,g5.xlarge|g4dn.xlarge|g6.xlarge,az,ap-northeast-2,apne2-az3,9
2026-08-30T01:12:39Z,g5.xlarge,g5.xlarge,region,ap-south-1,,3
2026-08-30T01:12:39Z,g5.xlarge,g5.xlarge,region,ap-east-1,,1
2026-08-30T01:12:39Z,g5.xlarge,g5.xlarge,region,ap-southeast-2,,1
2026-08-30T01:12:39Z,g5.xlarge,g5.xlarge,region,ap-northeast-2,,3
2026-08-30T01:12:39Z,g5.xlarge,g5.xlarge,region,us-east-2,,1
2026-08-30T01:12:39Z,g5.xlarge,g5.xlarge,region,ap-southeast-3,,2
2026-08-30T01:12:39Z,g5.xlarge,g5.xlarge,region,us-east-1,,1
2026-08-30T01:12:39Z,g5.xlarge,g5.xlarge,region,ap-northeast-1,,3
2026-08-30T01:12:39Z,g5.xlarge,g5.xlarge,region,us-west-2,,1
2026-08-30T01:12:39Z,g5.xlarge,g5.xlarge,az,us-east-2,use2-az2,1
2026-08-30T01:12:39Z,g5.xlarge,g5.xlarge,az,ap-southeast-3,apse3-az3,2
2026-08-30T01:12:39Z,g5.xlarge,g5.xlarge,az,us-east-1,use1-az2,1
2026-08-30T01:12:39Z,g5.xlarge,g5.xlarge,az,us-east-1,use1-az6,1
2026-08-30T01:12:39Z,g5.xlarge,g5.xlarge,az,ap-east-1,ape1-az1,1
2026-08-30T01:12:39Z,g5.xlarge,g5.xlarge,az,ap-south-1,aps1-az3,3
2026-08-30T01:12:39Z,g5.xlarge,g5.xlarge,az,ap-northeast-1,apne1-az4,3
2026-08-30T01:12:39Z,g5.xlarge,g5.xlarge,az,ap-northeast-2,apne2-az1,3
2026-08-30T01:12:39Z,g5.xlarge,g5.xlarge,az,ap-northeast-2,apne2-az4,3
2026-08-30T01:12:39Z,g5.xlarge,g5.xlarge,az,ap-northeast-2,apne2-az3,3
2026-08-30T01:12:39Z,g-xlarge-trio,g5.xlarge|g4dn.xlarge|g6.xlarge,region,ap-south-1,,3
2026-08-30T01:12:39Z,g-xlarge-trio,g5.xlarge|g4dn.xlarge|g6.xlarge,region,ap-east-1,,3
2026-08-30T01:12:39Z,g-xlarge-trio,g5.xlarge|g4dn.xlarge|g6.xlarge,region,us-east-1,,9
2026-08-30T01:12:39Z,g-xlarge-trio,g5.xlarge|g4dn.xlarge|g6.xlarge,region,ap-northeast-1,,9
2026-08-30T01:12:39Z,g-xlarge-trio,g5.xlarge|g4dn.xlarge|g6.xlarge,region,us-west-2,,2
2026-08-30T01:12:39Z,g-xlarge-trio,g5.xlarge|g4dn.xlarge|g6.xlarge,region,ap-southeast-3,,2
2026-08-30T01:12:39Z,g-xlarge-trio,g5.xlarge|g4dn.xlarge|g6.xlarge,region,ap-northeast-2,,9
2026-08-30T01:12:39Z,g-xlarge-trio,g5.xlarge|g4dn.xlarge|g6.xlarge,region,us-east-2,,1
2026-08-30T01:12:39Z,g-xlarge-trio,g5.xlarge|g4dn.xlarge|g6.xlarge,region,ap-southeast-2,,9
2026-08-30T01:12:39Z,g-xlarge-trio,g5.xlarge|g4dn.xlarge|g6.xlarge,az,ap-northeast-2,apne2-az3,9
2026-08-30T01:12:39Z,g-xlarge-trio,g5.xlarge|g4dn.xlarge|g6.xlarge,az,us-east-1,use1-az4,9
2026-08-30T01:12:39Z,g-xlarge-trio,g5.xlarge|g4dn.xlarge|g6.xlarge,az,us-east-1,use1-az5,9
2026-08-30T01:12:39Z,g-xlarge-trio,g5.xlarge|g4dn.xlarge|g6.xlarge,az,ap-northeast-1,apne1-az4,9
2026-08-30T01:12:39Z,g-xlarge-trio,g5.xlarge|g4dn.xlarge|g6.xlarge,az,us-east-1,use1-az2,9
2026-08-30T01:12:39Z,g-xlarge-trio,g5.xlarge|g4dn.xlarge|g6.xlarge,az,ap-northeast-2,apne2-az1,9
2026-08-30T01:12:39Z,g-xlarge-trio,g5.xlarge|g4dn.xlarge|g6.xlarge,az,ap-east-1,ape1-az2,3
2026-08-30T01:12:39Z,g-xlarge-trio,g5.xlarge|g4dn.xlarge|g6.xlarge,az,us-east-1,use1-az6,9
2026-08-30T01:12:39Z,g-xlarge-trio,g5.xlarge|g4dn.xlarge|g6.xlarge,az,ap-southeast-2,apse2-az1,3
2026-08-30T01:12:39Z,g-xlarge-trio,g5.xlarge|g4dn.xlarge|g6.xlarge,az,ap-south-1,aps1-az3,3
2026-08-30T08:15:12Z,g5.xlarge,g5.xlarge,region,ap-south-1,,1
2026-08-30T08:15:12Z,g5.xlarge,g5.xlarge,region,ap-east-1,,1
2026-08-30T08:15:12Z,g5.xlarge,g5.xlarge,region,ap-southeast-2,,1
2026-08-30T08:15:12Z,g5.xlarge,g5.xlarge,region,ap-northeast-2,,3
2026-08-30T08:15:12Z,g5.xlarge,g5.xlarge,region,us-east-2,,3
2026-08-30T08:15:12Z,g5.xlarge,g5.xlarge,region,ap-southeast-3,,1
2026-08-30T08:15:12Z,g5.xlarge,g5.xlarge,region,us-east-1,,1
2026-08-30T08:15:12Z,g5.xlarge,g5.xlarge,region,ap-northeast-1,,1
2026-08-30T08:15:12Z,g5.xlarge,g5.xlarge,region,us-west-2,,1
2026-08-30T08:15:12Z,g5.xlarge,g5.xlarge,az,us-east-2,use2-az2,1
2026-08-30T08:15:12Z,g5.xlarge,g5.xlarge,az,us-east-1,use1-az2,1
2026-08-30T08:15:12Z,g5.xlarge,g5.xlarge,az,us-east-1,use1-az6,1
2026-08-30T08:15:12Z,g5.xlarge,g5.xlarge,az,ap-east-1,ape1-az1,1
2026-08-30T08:15:12Z,g5.xlarge,g5.xlarge,az,us-west-2,usw2-az3,1
2026-08-30T08:15:12Z,g5.xlarge,g5.xlarge,az,ap-northeast-1,apne1-az4,1
2026-08-30T08:15:12Z,g5.xlarge,g5.xlarge,az,ap-northeast-2,apne2-az1,3
2026-08-30T08:15:12Z,g5.xlarge,g5.xlarge,az,us-east-2,use2-az3,3
2026-08-30T08:15:12Z,g5.xlarge,g5.xlarge,az,ap-northeast-2,apne2-az4,3
2026-08-30T08:15:12Z,g5.xlarge,g5.xlarge,az,ap-northeast-2,apne2-az3,3
2026-08-30T08:15:12Z,g-xlarge-trio,g5.xlarge|g4dn.xlarge|g6.xlarge,region,ap-south-1,,3
2026-08-30T08:15:12Z,g-xlarge-trio,g5.xlarge|g4dn.xlarge|g6.xlarge,region,ap-east-1,,3
2026-08-30T08:15:12Z,g-xlarge-trio,g5.xlarge|g4dn.xlarge|g6.xlarge,region,ap-southeast-2,,9
2026-08-30T08:15:12Z,g-xlarge-trio,g5.xlarge|g4dn.xlarge|g6.xlarge,region,us-west-2,,9
2026-08-30T08:15:12Z,g-xlarge-trio,g5.xlarge|g4dn.xlarge|g6.xlarge,region,ap-northeast-2,,9
2026-08-30T08:15:12Z,g-xlarge-trio,g5.xlarge|g4dn.xlarge|g6.xlarge,region,us-east-2,,9
2026-08-30T08:15:12Z,g-xlarge-trio,g5.xlarge|g4dn.xlarge|g6.xlarge,region,ap-southeast-3,,1
2026-08-30T08:15:12Z,g-xlarge-trio,g5.xlarge|g4dn.xlarge|g6.xlarge,region,us-east-1,,9
2026-08-30T08:15:12Z,g-xlarge-trio,g5.xlarge|g4dn.xlarge|g6.xlarge,region,ap-northeast-1,,9
2026-08-30T08:15:12Z,g-xlarge-trio,g5.xlarge|g4dn.xlarge|g6.xlarge,az,us-east-2,use2-az2,9
2026-08-30T08:15:12Z,g-xlarge-trio,g5.xlarge|g4dn.xlarge|g6.xlarge,az,us-east-1,use1-az2,9
2026-08-30T08:15:12Z,g-xlarge-trio,g5.xlarge|g4dn.xlarge|g6.xlarge,az,us-east-1,use1-az6,9
2026-08-30T08:15:12Z,g-xlarge-trio,g5.xlarge|g4dn.xlarge|g6.xlarge,az,us-west-2,usw2-az2,9
2026-08-30T08:15:12Z,g-xlarge-trio,g5.xlarge|g4dn.xlarge|g6.xlarge,az,us-west-2,usw2-az3,9
2026-08-30T08:15:12Z,g-xlarge-trio,g5.xlarge|g4dn.xlarge|g6.xlarge,az,ap-northeast-1,apne1-az4,9
2026-08-30T08:15:12Z,g-xlarge-trio,g5.xlarge|g4dn.xlarge|g6.xlarge,az,ap-northeast-2,apne2-az1,9
2026-08-30T08:15:12Z,g-xlarge-trio,g5.xlarge|g4dn.xlarge|g6.xlarge,az,us-east-2,use2-az3,9
2026-08-30T08:15:12Z,g-xlarge-trio,g5.xlarge|g4dn.xlarge|g6.xlarge,az,ap-northeast-2,apne2-az3,9
2026-08-30T08:15:12Z,g-xlarge-trio,g5.xlarge|g4dn.xlarge|g6.xlarge,az,us-east-2,use2-az1,9
2026-08-30T14:23:46Z,g5.xlarge,g5.xlarge,region,ap-south-1,,3
2026-08-30T14:23:46Z,g5.xlarge,g5.xlarge,region,ap-east-1,,1
2026-08-30T14:23:46Z,g5.xlarge,g5.xlarge,region,ap-southeast-2,,1
2026-08-30T14:23:46Z,g5.xlarge,g5.xlarge,region,us-west-2,,3
2026-08-30T14:23:46Z,g5.xlarge,g5.xlarge,region,ap-northeast-2,,3
2026-08-30T14:23:46Z,g5.xlarge,g5.xlarge,region,us-east-2,,3
2026-08-30T14:23:46Z,g5.xlarge,g5.xlarge,region,ap-southeast-3,,1
2026-08-30T14:23:46Z,g5.xlarge,g5.xlarge,region,us-east-1,,1
2026-08-30T14:23:46Z,g5.xlarge,g5.xlarge,region,ap-northeast-1,,3
2026-08-30T14:23:46Z,g5.xlarge,g5.xlarge,az,us-west-2,usw2-az3,3
2026-08-30T14:23:46Z,g5.xlarge,g5.xlarge,az,ap-south-1,aps1-az1,1
2026-08-30T14:23:46Z,g5.xlarge,g5.xlarge,az,ap-northeast-2,apne2-az4,3
2026-08-30T14:23:46Z,g5.xlarge,g5.xlarge,az,us-east-1,use1-az6,1
2026-08-30T14:23:46Z,g5.xlarge,g5.xlarge,az,ap-northeast-2,apne2-az1,3
2026-08-30T14:23:46Z,g5.xlarge,g5.xlarge,az,us-east-2,use2-az3,3
2026-08-30T14:23:46Z,g5.xlarge,g5.xlarge,az,ap-northeast-2,apne2-az3,3
2026-08-30T14:23:46Z,g5.xlarge,g5.xlarge,az,us-west-2,usw2-az1,3
2026-08-30T14:23:46Z,g5.xlarge,g5.xlarge,az,ap-northeast-1,apne1-az4,3
2026-08-30T14:23:46Z,g5.xlarge,g5.xlarge,az,ap-south-1,aps1-az3,3
2026-08-30T14:23:46Z,g-xlarge-trio,g5.xlarge|g4dn.xlarge|g6.xlarge,region,ap-south-1,,3
2026-08-30T14:23:46Z,g-xlarge-trio,g5.xlarge|g4dn.xlarge|g6.xlarge,region,ap-east-1,,3
2026-08-30T14:23:46Z,g-xlarge-trio,g5.xlarge|g4dn.xlarge|g6.xlarge,region,ap-southeast-2,,9
2026-08-30T14:23:46Z,g-xlarge-trio,g5.xlarge|g4dn.xlarge|g6.xlarge,region,ap-northeast-2,,9
2026-08-30T14:23:46Z,g-xlarge-trio,g5.xlarge|g4dn.xlarge|g6.xlarge,region,us-east-2,,9
2026-08-30T14:23:46Z,g-xlarge-trio,g5.xlarge|g4dn.xlarge|g6.xlarge,region,ap-southeast-3,,1
2026-08-30T14:23:46Z,g-xlarge-trio,g5.xlarge|g4dn.xlarge|g6.xlarge,region,us-east-1,,9
2026-08-30T14:23:46Z,g-xlarge-trio,g5.xlarge|g4dn.xlarge|g6.xlarge,region,ap-northeast-1,,9
2026-08-30T14:23:46Z,g-xlarge-trio,g5.xlarge|g4dn.xlarge|g6.xlarge,region,us-west-2,,9
2026-08-30T14:23:46Z,g-xlarge-trio,g5.xlarge|g4dn.xlarge|g6.xlarge,az,us-west-2,usw2-az3,9
2026-08-30T14:23:46Z,g-xlarge-trio,g5.xlarge|g4dn.xlarge|g6.xlarge,az,us-west-2,usw2-az2,9
2026-08-30T14:23:46Z,g-xlarge-trio,g5.xlarge|g4dn.xlarge|g6.xlarge,az,us-east-1,use1-az6,9
2026-08-30T14:23:46Z,g-xlarge-trio,g5.xlarge|g4dn.xlarge|g6.xlarge,az,ap-northeast-2,apne2-az1,9
2026-08-30T14:23:46Z,g-xlarge-trio,g5.xlarge|g4dn.xlarge|g6.xlarge,az,us-east-2,use2-az1,9
2026-08-30T14:23:46Z,g-xlarge-trio,g5.xlarge|g4dn.xlarge|g6.xlarge,az,us-east-1,use1-az5,9
2026-08-30T14:23:46Z,g-xlarge-trio,g5.xlarge|g4dn.xlarge|g6.xlarge,az,ap-northeast-2,apne2-az3,9
2026-08-30T14:23:46Z,g-xlarge-trio,g5.xlarge|g4dn.xlarge|g6.xlarge,az,us-east-2,use2-az2,9
2026-08-30T14:23:46Z,g-xlarge-trio,g5.xlarge|g4dn.xlarge|g6.xlarge,az,us-west-2,usw2-az1,9
2026-08-30T14:23:46Z,g-xlarge-trio,g5.xlarge|g4dn.xlarge|g6.xlarge,az,ap-northeast-1,apne1-az4,9
2026-08-30T18:34:46Z,g5.xlarge,g5.xlarge,region,ap-south-1,,3
2026-08-30T18:34:46Z,g5.xlarge,g5.xlarge,region,ap-east-1,,1
2026-08-30T18:34:46Z,g5.xlarge,g5.xlarge,region,ap-southeast-2,,1
2026-08-30T18:34:46Z,g5.xlarge,g5.xlarge,region,ap-northeast-2,,3
2026-08-30T18:34:46Z,g5.xlarge,g5.xlarge,region,us-east-2,,1
2026-08-30T18:34:46Z,g5.xlarge,g5.xlarge,region,ap-southeast-3,,1
2026-08-30T18:34:46Z,g5.xlarge,g5.xlarge,region,us-east-1,,1
2026-08-30T18:34:46Z,g5.xlarge,g5.xlarge,region,ap-northeast-1,,1
2026-08-30T18:34:46Z,g5.xlarge,g5.xlarge,region,us-west-2,,1
2026-08-30T18:34:46Z,g5.xlarge,g5.xlarge,az,ap-northeast-2,apne2-az4,3
2026-08-30T18:34:46Z,g5.xlarge,g5.xlarge,az,ap-south-1,aps1-az3,3
2026-08-30T18:34:46Z,g5.xlarge,g5.xlarge,az,ap-east-1,ape1-az2,1
2026-08-30T18:34:46Z,g5.xlarge,g5.xlarge,az,us-east-1,use1-az5,1
2026-08-30T18:34:46Z,g5.xlarge,g5.xlarge,az,ap-northeast-1,apne1-az4,1
2026-08-30T18:34:46Z,g5.xlarge,g5.xlarge,az,ap-southeast-2,apse2-az1,1
2026-08-30T18:34:46Z,g5.xlarge,g5.xlarge,az,ap-southeast-2,apse2-az2,1
2026-08-30T18:34:46Z,g5.xlarge,g5.xlarge,az,us-west-2,usw2-az1,1
2026-08-30T18:34:46Z,g5.xlarge,g5.xlarge,az,ap-northeast-2,apne2-az3,3
2026-08-30T18:34:46Z,g5.xlarge,g5.xlarge,az,ap-northeast-2,apne2-az1,3
2026-08-30T18:34:46Z,g-xlarge-trio,g5.xlarge|g4dn.xlarge|g6.xlarge,region,ap-northeast-1,,9
2026-08-30T18:34:46Z,g-xlarge-trio,g5.xlarge|g4dn.xlarge|g6.xlarge,region,us-east-1,,9
2026-08-30T18:34:46Z,g-xlarge-trio,g5.xlarge|g4dn.xlarge|g6.xlarge,region,us-west-2,,9
2026-08-30T18:34:46Z,g-xlarge-trio,g5.xlarge|g4dn.xlarge|g6.xlarge,region,ap-south-1,,3
2026-08-30T18:34:46Z,g-xlarge-trio,g5.xlarge|g4dn.xlarge|g6.xlarge,region,ap-east-1,,3
2026-08-30T18:34:46Z,g-xlarge-trio,g5.xlarge|g4dn.xlarge|g6.xlarge,region,ap-southeast-3,,1
2026-08-30T18:34:46Z,g-xlarge-trio,g5.xlarge|g4dn.xlarge|g6.xlarge,region,ap-southeast-2,,9
2026-08-30T18:34:46Z,g-xlarge-trio,g5.xlarge|g4dn.xlarge|g6.xlarge,region,ap-northeast-2,,9
2026-08-30T18:34:46Z,g-xlarge-trio,g5.xlarge|g4dn.xlarge|g6.xlarge,region,us-east-2,,2
2026-08-30T18:34:46Z,g-xlarge-trio,g5.xlarge|g4dn.xlarge|g6.xlarge,az,us-east-1,use1-az2,9
2026-08-30T18:34:46Z,g-xlarge-trio,g5.xlarge|g4dn.xlarge|g6.xlarge,az,us-east-1,use1-az6,9
2026-08-30T18:34:46Z,g-xlarge-trio,g5.xlarge|g4dn.xlarge|g6.xlarge,az,us-west-2,usw2-az2,9
2026-08-30T18:34:46Z,g-xlarge-trio,g5.xlarge|g4dn.xlarge|g6.xlarge,az,us-west-2,usw2-az3,9
2026-08-30T18:34:46Z,g-xlarge-trio,g5.xlarge|g4dn.xlarge|g6.xlarge,az,ap-northeast-1,apne1-az4,9
2026-08-30T18:34:46Z,g-xlarge-trio,g5.xlarge|g4dn.xlarge|g6.xlarge,az,ap-northeast-2,apne2-az1,9
2026-08-30T18:34:46Z,g-xlarge-trio,g5.xlarge|g4dn.xlarge|g6.xlarge,az,us-east-1,use1-az5,9
2026-08-30T18:34:46Z,g-xlarge-trio,g5.xlarge|g4dn.xlarge|g6.xlarge,az,us-west-2,usw2-az1,9
2026-08-30T18:34:46Z,g-xlarge-trio,g5.xlarge|g4dn.xlarge|g6.xlarge,az,ap-northeast-2,apne2-az3,9
2026-08-30T18:34:46Z,g-xlarge-trio,g5.xlarge|g4dn.xlarge|g6.xlarge,az,us-east-1,use1-az4,9
2026-08-30T21:53:33Z,g5.xlarge,g5.xlarge,region,us-west-2,,3
2026-08-30T21:53:33Z,g5.xlarge,g5.xlarge,region,ap-northeast-1,,1
2026-08-30T21:53:33Z,g5.xlarge,g5.xlarge,region,us-east-1,,1
2026-08-30T21:53:33Z,g5.xlarge,g5.xlarge,region,ap-south-1,,3
2026-08-30T21:53:33Z,g5.xlarge,g5.xlarge,region,ap-east-1,,1
2026-08-30T21:53:33Z,g5.xlarge,g5.xlarge,region,ap-southeast-3,,3
2026-08-30T21:53:33Z,g5.xlarge,g5.xlarge,region,ap-southeast-2,,1
2026-08-30T21:53:33Z,g5.xlarge,g5.xlarge,region,us-east-2,,1
2026-08-30T21:53:33Z,g5.xlarge,g5.xlarge,region,ap-northeast-2,,3
2026-08-30T21:53:33Z,g5.xlarge,g5.xlarge,az,ap-east-1,ape1-az1,1
2026-08-30T21:53:33Z,g5.xlarge,g5.xlarge,az,us-east-1,use1-az2,1
2026-08-30T21:53:33Z,g5.xlarge,g5.xlarge,az,ap-southeast-3,apse3-az1,1
2026-08-30T21:53:33Z,g5.xlarge,g5.xlarge,az,ap-northeast-1,apne1-az4,1
2026-08-30T21:53:33Z,g5.xlarge,g5.xlarge,az,us-west-2,usw2-az1,3
2026-08-30T21:53:33Z,g5.xlarge,g5.xlarge,az,ap-northeast-2,apne2-az4,3
2026-08-30T21:53:33Z,g5.xlarge,g5.xlarge,az,ap-south-1,aps1-az3,3
2026-08-30T21:53:33Z,g5.xlarge,g5.xlarge,az,ap-northeast-2,apne2-az1,3
2026-08-30T21:53:33Z,g5.xlarge,g5.xlarge,az,ap-southeast-3,apse3-az3,3
2026-08-30T21:53:33Z,g5.xlarge,g5.xlarge,az,ap-northeast-2,apne2-az3,3
2026-08-30T21:53:33Z,g-xlarge-trio,g5.xlarge|g4dn.xlarge|g6.xlarge,region,ap-southeast-3,,3
2026-08-30T21:53:33Z,g-xlarge-trio,g5.xlarge|g4dn.xlarge|g6.xlarge,region,ap-southeast-2,,3
2026-08-30T21:53:33Z,g-xlarge-trio,g5.xlarge|g4dn.xlarge|g6.xlarge,region,ap-northeast-2,,9
2026-08-30T21:53:33Z,g-xlarge-trio,g5.xlarge|g4dn.xlarge|g6.xlarge,region,us-east-2,,2
2026-08-30T21:53:33Z,g-xlarge-trio,g5.xlarge|g4dn.xlarge|g6.xlarge,region,us-west-2,,9
2026-08-30T21:53:33Z,g-xlarge-trio,g5.xlarge|g4dn.xlarge|g6.xlarge,region,ap-northeast-1,,9
2026-08-30T21:53:33Z,g-xlarge-trio,g5.xlarge|g4dn.xlarge|g6.xlarge,region,us-east-1,,9
2026-08-30T21:53:33Z,g-xlarge-trio,g5.xlarge|g4dn.xlarge|g6.xlarge,region,ap-east-1,,3
2026-08-30T21:53:33Z,g-xlarge-trio,g5.xlarge|g4dn.xlarge|g6.xlarge,region,ap-south-1,,3
2026-08-30T21:53:33Z,g-xlarge-trio,g5.xlarge|g4dn.xlarge|g6.xlarge,az,us-east-1,use1-az2,9
2026-08-30T21:53:33Z,g-xlarge-trio,g5.xlarge|g4dn.xlarge|g6.xlarge,az,ap-northeast-1,apne1-az4,9
2026-08-30T21:53:33Z,g-xlarge-trio,g5.xlarge|g4dn.xlarge|g6.xlarge,az,us-west-2,usw2-az1,9
2026-08-30T21:53:33Z,g-xlarge-trio,g5.xlarge|g4dn.xlarge|g6.xlarge,az,us-east-1,use1-az6,9
2026-08-30T21:53:33Z,g-xlarge-trio,g5.xlarge|g4dn.xlarge|g6.xlarge,az,us-west-2,usw2-az3,9
2026-08-30T21:53:33Z,g-xlarge-trio,g5.xlarge|g4dn.xlarge|g6.xlarge,az,us-east-1,use1-az5,9
2026-08-30T21:53:33Z,g-xlarge-trio,g5.xlarge|g4dn.xlarge|g6.xlarge,az,ap-northeast-2,apne2-az1,9
2026-08-30T21:53:33Z,g-xlarge-trio,g5.xlarge|g4dn.xlarge|g6.xlarge,az,us-east-1,use1-az4,9
2026-08-30T21:53:33Z,g-xlarge-trio,g5.xlarge|g4dn.xlarge|g6.xlarge,az,ap-northeast-2,apne2-az3,9
2026-08-30T21:53:33Z,g-xlarge-trio,g5.xlarge|g4dn.xlarge|g6.xlarge,az,us-west-2,usw2-az2,9
2026-08-31T00:28:17Z,g5.xlarge,g5.xlarge,region,ap-south-1,,3
2026-08-31T00:28:17Z,g5.xlarge,g5.xlarge,region,ap-east-1,,1
2026-08-31T00:28:17Z,g5.xlarge,g5.xlarge,region,us-east-1,,3
2026-08-31T00:28:17Z,g5.xlarge,g5.xlarge,region,us-west-2,,3
2026-08-31T00:28:17Z,g5.xlarge,g5.xlarge,region,ap-northeast-1,,1
2026-08-31T00:28:17Z,g5.xlarge,g5.xlarge,region,ap-southeast-3,,2
2026-08-31T00:28:17Z,g5.xlarge,g5.xlarge,region,ap-northeast-2,,3
2026-08-31T00:28:17Z,g5.xlarge,g5.xlarge,region,us-east-2,,1
2026-08-31T00:28:17Z,g5.xlarge,g5.xlarge,region,ap-southeast-2,,1
2026-08-31T00:28:17Z,g5.xlarge,g5.xlarge,az,us-east-1,use1-az1,1
2026-08-31T00:28:17Z,g5.xlarge,g5.xlarge,az,ap-northeast-1,apne1-az1,1
2026-08-31T00:28:17Z,g5.xlarge,g5.xlarge,az,us-east-1,use1-az4,3
2026-08-31T00:28:17Z,g5.xlarge,g5.xlarge,az,ap-southeast-3,apse3-az3,2
2026-08-31T00:28:17Z,g5.xlarge,g5.xlarge,az,us-east-1,use1-az5,3
2026-08-31T00:28:17Z,g5.xlarge,g5.xlarge,az,ap-northeast-2,apne2-az4,3
2026-08-31T00:28:17Z,g5.xlarge,g5.xlarge,az,ap-south-1,aps1-az3,3
2026-08-31T00:28:17Z,g5.xlarge,g5.xlarge,az,us-west-2,usw2-az3,3
2026-08-31T00:28:17Z,g5.xlarge,g5.xlarge,az,us-east-1,use1-az6,3
2026-08-31T00:28:17Z,g5.xlarge,g5.xlarge,az,us-west-2,usw2-az1,3
2026-08-31T00:28:17Z,g-xlarge-trio,g5.xlarge|g4dn.xlarge|g6.xlarge,region,ap-south-1,,3
2026-08-31T00:28:17Z,g-xlarge-trio,g5.xlarge|g4dn.xlarge|g6.xlarge,region,ap-east-1,,3
2026-08-31T00:28:17Z,g-xlarge-trio,g5.xlarge|g4dn.xlarge|g6.xlarge,region,ap-southeast-2,,1
2026-08-31T00:28:17Z,g-xlarge-trio,g5.xlarge|g4dn.xlarge|g6.xlarge,region,ap-northeast-2,,9
2026-08-31T00:28:17Z,g-xlarge-trio,g5.xlarge|g4dn.xlarge|g6.xlarge,region,us-east-2,,1
2026-08-31T00:28:17Z,g-xlarge-trio,g5.xlarge|g4dn.xlarge|g6.xlarge,region,ap-southeast-3,,2
2026-08-31T00:28:17Z,g-xlarge-trio,g5.xlarge|g4dn.xlarge|g6.xlarge,region,us-east-1,,9
2026-08-31T00:28:17Z,g-xlarge-trio,g5.xlarge|g4dn.xlarge|g6.xlarge,region,ap-northeast-1,,9
2026-08-31T00:28:17Z,g-xlarge-trio,g5.xlarge|g4dn.xlarge|g6.xlarge,region,us-west-2,,9
2026-08-31T00:28:17Z,g-xlarge-trio,g5.xlarge|g4dn.xlarge|g6.xlarge,az,us-east-1,use1-az2,9
2026-08-31T00:28:17Z,g-xlarge-trio,g5.xlarge|g4dn.xlarge|g6.xlarge,az,us-west-2,usw2-az2,9
2026-08-31T00:28:17Z,g-xlarge-trio,g5.xlarge|g4dn.xlarge|g6.xlarge,az,us-east-1,use1-az4,9
2026-08-31T00:28:17Z,g-xlarge-trio,g5.xlarge|g4dn.xlarge|g6.xlarge,az,us-east-1,use1-az5,9
2026-08-31T00:28:17Z,g-xlarge-trio,g5.xlarge|g4dn.xlarge|g6.xlarge,az,us-west-2,usw2-az3,9
2026-08-31T00:28:17Z,g-xlarge-trio,g5.xlarge|g4dn.xlarge|g6.xlarge,az,ap-northeast-2,apne2-az1,9
2026-08-31T00:28:17Z,g-xlarge-trio,g5.xlarge|g4dn.xlarge|g6.xlarge,az,us-east-1,use1-az6,9
2026-08-31T00:28:17Z,g-xlarge-trio,g5.xlarge|g4dn.xlarge|g6.xlarge,az,ap-northeast-2,apne2-az3,9
2026-08-31T00:28:17Z,g-xlarge-trio,g5.xlarge|g4dn.xlarge|g6.xlarge,az,ap-northeast-1,apne1-az4,9
2026-08-31T00:28:17Z,g-xlarge-trio,g5.xlarge|g4dn.xlarge|g6.xlarge,az,us-west-2,usw2-az1,9
2026-08-31T06:58:18Z,g5.xlarge,g5.xlarge,region,ap-northeast-1,,1
2026-08-31T06:58:18Z,g5.xlarge,g5.xlarge,region,us-east-1,,1
2026-08-31T06:58:18Z,g5.xlarge,g5.xlarge,region,us-west-2,,3
2026-08-31T06:58:18Z,g5.xlarge,g5.xlarge,region,ap-south-1,,1
2026-08-31T06:58:18Z,g5.xlarge,g5.xlarge,region,ap-east-1,,1
2026-08-31T06:58:18Z,g5.xlarge,g5.xlarge,region,ap-southeast-3,,1
2026-08-31T06:58:18Z,g5.xlarge,g5.xlarge,region,ap-southeast-2,,1
2026-08-31T06:58:18Z,g5.xlarge,g5.xlarge,region,ap-northeast-2,,3
2026-08-31T06:58:18Z,g5.xlarge,g5.xlarge,region,us-east-2,,1
2026-08-31T06:58:18Z,g5.xlarge,g5.xlarge,az,us-east-1,use1-az5,1
2026-08-31T06:58:18Z,g5.xlarge,g5.xlarge,az,ap-northeast-1,apne1-az4,1
2026-08-31T06:58:18Z,g5.xlarge,g5.xlarge,az,ap-southeast-3,apse3-az1,1
2026-08-31T06:58:18Z,g5.xlarge,g5.xlarge,az,us-east-1,use1-az2,1
2026-08-31T06:58:18Z,g5.xlarge,g5.xlarge,az,ap-northeast-2,apne2-az1,1
2026-08-31T06:58:18Z,g5.xlarge,g5.xlarge,az,ap-east-1,ape1-az2,1
2026-08-31T06:58:18Z,g5.xlarge,g5.xlarge,az,us-east-2,use2-az3,1
2026-08-31T06:58:18Z,g5.xlarge,g5.xlarge,az,ap-southeast-2,apse2-az1,1
2026-08-31T06:58:18Z,g5.xlarge,g5.xlarge,az,us-west-2,usw2-az3,3
2026-08-31T06:58:18Z,g5.xlarge,g5.xlarge,az,ap-northeast-2,apne2-az4,3
2026-08-31T06:58:18Z,g-xlarge-trio,g5.xlarge|g4dn.xlarge|g6.xlarge,region,ap-east-1,,3
2026-08-31T06:58:18Z,g-xlarge-trio,g5.xlarge|g4dn.xlarge|g6.xlarge,region,ap-south-1,,1
2026-08-31T06:58:18Z,g-xlarge-trio,g5.xlarge|g4dn.xlarge|g6.xlarge,region,ap-southeast-2,,1
2026-08-31T06:58:18Z,g-xlarge-trio,g5.xlarge|g4dn.xlarge|g6.xlarge,region,ap-northeast-2,,9
2026-08-31T06:58:18Z,g-xlarge-trio,g5.xlarge|g4dn.xlarge|g6.xlarge,region,us-east-2,,9
2026-08-31T06:58:18Z,g-xlarge-trio,g5.xlarge|g4dn.xlarge|g6.xlarge,region,ap-southeast-3,,1
2026-08-31T06:58:18Z,g-xlarge-trio,g5.xlarge|g4dn.xlarge|g6.xlarge,region,us-east-1,,9
2026-08-31T06:58:18Z,g-xlarge-trio,g5.xlarge|g4dn.xlarge|g6.xlarge,region,us-west-2,,9
2026-08-31T06:58:18Z,g-xlarge-trio,g5.xlarge|g4dn.xlarge|g6.xlarge,region,ap-northeast-1,,1
2026-08-31T06:58:18Z,g-xlarge-trio,g5.xlarge|g4dn.xlarge|g6.xlarge,az,us-east-2,use2-az2,9
2026-08-31T06:58:18Z,g-xlarge-trio,g5.xlarge|g4dn.xlarge|g6.xlarge,az,us-west-2,usw2-az2,9
2026-08-31T06:58:18Z,g-xlarge-trio,g5.xlarge|g4dn.xlarge|g6.xlarge,az,ap-northeast-2,apne2-az3,9
2026-08-31T06:58:18Z,g-xlarge-trio,g5.xlarge|g4dn.xlarge|g6.xlarge,az,us-east-2,use2-az3,9
2026-08-31T06:58:18Z,g-xlarge-trio,g5.xlarge|g4dn.xlarge|g6.xlarge,az,ap-northeast-2,apne2-az1,9
2026-08-31T06:58:18Z,g-xlarge-trio,g5.xlarge|g4dn.xlarge|g6.xlarge,az,us-west-2,usw2-az3,9
2026-08-31T06:58:18Z,g-xlarge-trio,g5.xlarge|g4dn.xlarge|g6.xlarge,az,us-east-2,use2-az1,9
2026-08-31T06:58:18Z,g-xlarge-trio,g5.xlarge|g4dn.xlarge|g6.xlarge,az,us-east-1,use1-az5,9
2026-08-31T06:58:18Z,g-xlarge-trio,g5.xlarge|g4dn.xlarge|g6.xlarge,az,us-west-2,usw2-az1,9
2026-08-31T06:58:18Z,g-xlarge-trio,g5.xlarge|g4dn.xlarge|g6.xlarge,az,us-east-1,use1-az6,9
2026-08-31T15:02:27Z,g5.xlarge,g5.xlarge,region,us-west-2,,1
2026-08-31T15:02:27Z,g5.xlarge,g5.xlarge,region,ap-northeast-2,,3
2026-08-31T15:02:27Z,g5.xlarge,g5.xlarge,region,us-east-2,,1
2026-08-31T15:02:27Z,g5.xlarge,g5.xlarge,region,ap-southeast-2,,1
2026-08-31T15:02:27Z,g5.xlarge,g5.xlarge,region,ap-south-1,,1
2026-08-31T15:02:27Z,g5.xlarge,g5.xlarge,region,ap-east-1,,1
2026-08-31T15:02:27Z,g5.xlarge,g5.xlarge,region,ap-southeast-3,,1
2026-08-31T15:02:27Z,g5.xlarge,g5.xlarge,region,us-east-1,,2
2026-08-31T15:02:27Z,g5.xlarge,g5.xlarge,region,ap-northeast-1,,3
2026-08-31T15:02:27Z,g5.xlarge,g5.xlarge,az,us-east-2,use2-az2,1
2026-08-31T15:02:27Z,g5.xlarge,g5.xlarge,az,us-east-1,use1-az2,1
2026-08-31T15:02:27Z,g5.xlarge,g5.xlarge,az,us-east-1,use1-az6,1
2026-08-31T15:02:27Z,g5.xlarge,g5.xlarge,az,ap-east-1,ape1-az1,1
2026-08-31T15:02:27Z,g5.xlarge,g5.xlarge,az,us-west-2,usw2-az3,1
2026-08-31T15:02:27Z,g5.xlarge,g5.xlarge,az,ap-northeast-1,apne1-az4,3
2026-08-31T15:02:27Z,g5.xlarge,g5.xlarge,az,ap-south-1,aps1-az1,1
2026-08-31T15:02:27Z,g5.xlarge,g5.xlarge,az,ap-northeast-2,apne2-az1,3
2026-08-31T15:02:27Z,g5.xlarge,g5.xlarge,az,ap-northeast-2,apne2-az4,3
2026-08-31T15:02:27Z,g5.xlarge,g5.xlarge,az,ap-northeast-2,apne2-az3,3
2026-08-31T15:02:27Z,g-xlarge-trio,g5.xlarge|g4dn.xlarge|g6.xlarge,region,ap-south-1,,3
2026-08-31T15:02:27Z,g-xlarge-trio,g5.xlarge|g4dn.xlarge|g6.xlarge,region,ap-east-1,,3
2026-08-31T15:02:27Z,g-xlarge-trio,g5.xlarge|g4dn.xlarge|g6.xlarge,region,us-east-1,,4
2026-08-31T15:02:27Z,g-xlarge-trio,g5.xlarge|g4dn.xlarge|g6.xlarge,region,ap-northeast-1,,9
2026-08-31T15:02:27Z,g-xlarge-trio,g5.xlarge|g4dn.xlarge|g6.xlarge,region,us-west-2,,9
2026-08-31T15:02:27Z,g-xlarge-trio,g5.xlarge|g4dn.xlarge|g6.xlarge,region,ap-southeast-3,,1
2026-08-31T15:02:27Z,g-xlarge-trio,g5.xlarge|g4dn.xlarge|g6.xlarge,region,ap-northeast-2,,9
2026-08-31T15:02:27Z,g-xlarge-trio,g5.xlarge|g4dn.xlarge|g6.xlarge,region,us-east-2,,1
2026-08-31T15:02:27Z,g-xlarge-trio,g5.xlarge|g4dn.xlarge|g6.xlarge,region,ap-southeast-2,,1
2026-08-31T15:02:27Z,g-xlarge-trio,g5.xlarge|g4dn.xlarge|g6.xlarge,az,ap-east-1,ape1-az1,3
2026-08-31T15:02:27Z,g-xlarge-trio,g5.xlarge|g4dn.xlarge|g6.xlarge,az,ap-south-1,aps1-az2,3
2026-08-31T15:02:27Z,g-xlarge-trio,g5.xlarge|g4dn.xlarge|g6.xlarge,az,ap-northeast-1,apne1-az4,9
2026-08-31T15:02:27Z,g-xlarge-trio,g5.xlarge|g4dn.xlarge|g6.xlarge,az,us-west-2,usw2-az1,9
2026-08-31T15:02:27Z,g-xlarge-trio,g5.xlarge|g4dn.xlarge|g6.xlarge,az,us-west-2,usw2-az3,9
2026-08-31T15:02:27Z,g-xlarge-trio,g5.xlarge|g4dn.xlarge|g6.xlarge,az,ap-east-1,ape1-az2,3
2026-08-31T15:02:27Z,g-xlarge-trio,g5.xlarge|g4dn.xlarge|g6.xlarge,az,ap-south-1,aps1-az1,3
2026-08-31T15:02:27Z,g-xlarge-trio,g5.xlarge|g4dn.xlarge|g6.xlarge,az,ap-northeast-2,apne2-az1,9
2026-08-31T15:02:27Z,g-xlarge-trio,g5.xlarge|g4dn.xlarge|g6.xlarge,az,ap-northeast-2,apne2-az3,9
2026-08-31T15:02:27Z,g-xlarge-trio,g5.xlarge|g4dn.xlarge|g6.xlarge,az,us-west-2,usw2-az2,9
2026-08-31T20:47:17Z,g5.xlarge,g5.xlarge,region,ap-southeast-3,,2
2026-08-31T20:47:17Z,g5.xlarge,g5.xlarge,region,ap-southeast-2,,1
2026-08-31T20:47:17Z,g5.xlarge,g5.xlarge,region,ap-northeast-2,,3
2026-08-31T20:47:17Z,g5.xlarge,g5.xlarge,region,us-east-2,,1
2026-08-31T20:47:17Z,g5.xlarge,g5.xlarge,region,us-west-2,,1
2026-08-31T20:47:17Z,g5.xlarge,g5.xlarge,region,us-east-1,,1
2026-08-31T20:47:17Z,g5.xlarge,g5.xlarge,region,ap-northeast-1,,1
2026-08-31T20:47:17Z,g5.xlarge,g5.xlarge,region,ap-east-1,,1
2026-08-31T20:47:17Z,g5.xlarge,g5.xlarge,region,ap-south-1,,1
2026-08-31T20:47:17Z,g5.xlarge,g5.xlarge,az,ap-northeast-2,apne2-az4,3
2026-08-31T20:47:17Z,g5.xlarge,g5.xlarge,az,ap-south-1,aps1-az3,1
2026-08-31T20:47:17Z,g5.xlarge,g5.xlarge,az,ap-east-1,ape1-az2,1
2026-08-31T20:47:17Z,g5.xlarge,g5.xlarge,az,us-east-1,use1-az5,1
2026-08-31T20:47:17Z,g5.xlarge,g5.xlarge,az,ap-northeast-1,apne1-az4,1
2026-08-31T20:47:17Z,g5.xlarge,g5.xlarge,az,ap-southeast-2,apse2-az1,1
2026-08-31T20:47:17Z,g5.xlarge,g5.xlarge,az,ap-southeast-2,apse2-az2,1
2026-08-31T20:47:17Z,g5.xlarge,g5.xlarge,az,ap-southeast-3,apse3-az3,2
2026-08-31T20:47:17Z,g5.xlarge,g5.xlarge,az,ap-northeast-2,apne2-az3,3
2026-08-31T20:47:17Z,g5.xlarge,g5.xlarge,az,ap-northeast-2,apne2-az1,3
2026-08-31T20:47:17Z,g-xlarge-trio,g5.xlarge|g4dn.xlarge|g6.xlarge,region,us-west-2,,1
2026-08-31T20:47:17Z,g-xlarge-trio,g5.xlarge|g4dn.xlarge|g6.xlarge,region,ap-northeast-1,,9
2026-08-31T20:47:17Z,g-xlarge-trio,g5.xlarge|g4dn.xlarge|g6.xlarge,region,us-east-1,,1
2026-08-31T20:47:17Z,g-xlarge-trio,g5.xlarge|g4dn.xlarge|g6.xlarge,region,ap-east-1,,3
2026-08-31T20:47:17Z,g-xlarge-trio,g5.xlarge|g4dn.xlarge|g6.xlarge,region,ap-south-1,,3
2026-08-31T20:47:17Z,g-xlarge-trio,g5.xlarge|g4dn.xlarge|g6.xlarge,region,ap-southeast-3,,2
2026-08-31T20:47:17Z,g-xlarge-trio,g5.xlarge|g4dn.xlarge|g6.xlarge,region,ap-southeast-2,,1
2026-08-31T20:47:17Z,g-xlarge-trio,g5.xlarge|g4dn.xlarge|g6.xlarge,region,us-east-2,,1
2026-08-31T20:47:17Z,g-xlarge-trio,g5.xlarge|g4dn.xlarge|g6.xlarge,region,ap-northeast-2,,9
2026-08-31T20:47:17Z,g-xlarge-trio,g5.xlarge|g4dn.xlarge|g6.xlarge,az,ap-south-1,aps1-az2,3
2026-08-31T20:47:17Z,g-xlarge-trio,g5.xlarge|g4dn.xlarge|g6.xlarge,az,ap-east-1,ape1-az1,3
2026-08-31T20:47:17Z,g-xlarge-trio,g5.xlarge|g4dn.xlarge|g6.xlarge,az,ap-east-1,ape1-az3,3
2026-08-31T20:47:17Z,g-xlarge-trio,g5.xlarge|g4dn.xlarge|g6.xlarge,az,ap-northeast-2,apne2-az1,9
2026-08-31T20:47:17Z,g-xlarge-trio,g5.xlarge|g4dn.xlarge|g6.xlarge,az,ap-northeast-1,apne1-az2,3
2026-08-31T20:47:17Z,g-xlarge-trio,g5.xlarge|g4dn.xlarge|g6.xlarge,az,ap-south-1,aps1-az3,3
2026-08-31T20:47:17Z,g-xlarge-trio,g5.xlarge|g4dn.xlarge|g6.xlarge,az,ap-east-1,ape1-az2,3
2026-08-31T20:47:17Z,g-xlarge-trio,g5.xlarge|g4dn.xlarge|g6.xlarge,az,ap-northeast-2,apne2-az4,3
2026-08-31T20:47:17Z,g-xlarge-trio,g5.xlarge|g4dn.xlarge|g6.xlarge,az,ap-northeast-1,apne1-az4,9
2026-08-31T20:47:17Z,g-xlarge-trio,g5.xlarge|g4dn.xlarge|g6.xlarge,az,ap-northeast-2,apne2-az3,9
2026-09-01T00:34:02Z,g5.xlarge,g5.xlarge,region,ap-south-1,,3
2026-09-01T00:34:02Z,g5.xlarge,g5.xlarge,region,ap-east-1,,1
2026-09-01T00:34:02Z,g5.xlarge,g5.xlarge,region,ap-southeast-2,,1
2026-09-01T00:34:02Z,g5.xlarge,g5.xlarge,region,ap-northeast-2,,3
2026-09-01T00:34:02Z,g5.xlarge,g5.xlarge,region,us-east-2,,1
2026-09-01T00:34:02Z,g5.xlarge,g5.xlarge,region,ap-southeast-3,,3
2026-09-01T00:34:02Z,g5.xlarge,g5.xlarge,region,us-east-1,,1
2026-09-01T00:34:02Z,g5.xlarge,g5.xlarge,region,ap-northeast-1,,1
2026-09-01T00:34:02Z,g5.xlarge,g5.xlarge,region,us-west-2,,1
2026-09-01T00:34:02Z,g5.xlarge,g5.xlarge,az,us-east-1,use1-az1,1
2026-09-01T00:34:02Z,g5.xlarge,g5.xlarge,az,ap-southeast-3,apse3-az3,3
2026-09-01T00:34:02Z,g5.xlarge,g5.xlarge,az,us-west-2,usw2-az2,1
2026-09-01T00:34:02Z,g5.xlarge,g5.xlarge,az,ap-northeast-2,apne2-az3,1
2026-09-01T00:34:02Z,g5.xlarge,g5.xlarge,az,ap-northeast-2,apne2-az1,3
2026-09-01T00:34:02Z,g5.xlarge,g5.xlarge,az,us-east-1,use1-az4,1
2026-09-01T00:34:02Z,g5.xlarge,g5.xlarge,az,ap-northeast-1,apne1-az1,1
2026-09-01T00:34:02Z,g5.xlarge,g5.xlarge,az,ap-south-1,aps1-az3,3
2026-09-01T00:34:02Z,g5.xlarge,g5.xlarge,az,ap-northeast-2,apne2-az4,3
2026-09-01T00:34:02Z,g5.xlarge,g5.xlarge,az,ap-southeast-2,apse2-az1,1
2026-09-01T00:34:02Z,g-xlarge-trio,g5.xlarge|g4dn.xlarge|g6.xlarge,region,ap-south-1,,3
2026-09-01T00:34:02Z,g-xlarge-trio,g5.xlarge|g4dn.xlarge|g6.xlarge,region,ap-east-1,,3
2026-09-01T00:34:02Z,g-xlarge-trio,g5.xlarge|g4dn.xlarge|g6.xlarge,region,ap-southeast-2,,1
2026-09-01T00:34:02Z,g-xlarge-trio,g5.xlarge|g4dn.xlarge|g6.xlarge,region,ap-northeast-2,,9
2026-09-01T00:34:02Z,g-xlarge-trio,g5.xlarge|g4dn.xlarge|g6.xlarge,region,us-east-2,,1
2026-09-01T00:34:02Z,g-xlarge-trio,g5.xlarge|g4dn.xlarge|g6.xlarge,region,ap-southeast-3,,3
2026-09-01T00:34:02Z,g-xlarge-trio,g5.xlarge|g4dn.xlarge|g6.xlarge,region,us-east-1,,1
2026-09-01T00:34:02Z,g-xlarge-trio,g5.xlarge|g4dn.xlarge|g6.xlarge,region,us-west-2,,2
2026-09-01T00:34:02Z,g-xlarge-trio,g5.xlarge|g4dn.xlarge|g6.xlarge,region,ap-northeast-1,,1
2026-09-01T00:34:02Z,g-xlarge-trio,g5.xlarge|g4dn.xlarge|g6.xlarge,az,ap-northeast-2,apne2-az4,3
2026-09-01T00:34:02Z,g-xlarge-trio,g5.xlarge|g4dn.xlarge|g6.xlarge,az,ap-south-1,aps1-az3,3
2026-09-01T00:34:02Z,g-xlarge-trio,g5.xlarge|g4dn.xlarge|g6.xlarge,az,ap-east-1,ape1-az2,3
2026-09-01T00:34:02Z,g-xlarge-trio,g5.xlarge|g4dn.xlarge|g6.xlarge,az,ap-south-1,aps1-az1,3
2026-09-01T00:34:02Z,g-xlarge-trio,g5.xlarge|g4dn.xlarge|g6.xlarge,az,ap-east-1,ape1-az3,3
2026-09-01T00:34:02Z,g-xlarge-trio,g5.xlarge|g4dn.xlarge|g6.xlarge,az,ap-southeast-3,apse3-az3,3
2026-09-01T00:34:02Z,g-xlarge-trio,g5.xlarge|g4dn.xlarge|g6.xlarge,az,ap-east-1,ape1-az1,3
2026-09-01T00:34:02Z,g-xlarge-trio,g5.xlarge|g4dn.xlarge|g6.xlarge,az,ap-south-1,aps1-az2,3
2026-09-01T00:34:02Z,g-xlarge-trio,g5.xlarge|g4dn.xlarge|g6.xlarge,az,ap-northeast-2,apne2-az3,9
2026-09-01T00:34:02Z,g-xlarge-trio,g5.xlarge|g4dn.xlarge|g6.xlarge,az,ap-northeast-2,apne2-az1,9
2026-09-01T06:12:39Z,g5.xlarge,g5.xlarge,region,ap-northeast-1,,1
2026-09-01T06:12:39Z,g5.xlarge,g5.xlarge,region,us-east-1,,1
2026-09-01T06:12:39Z,g5.xlarge,g5.xlarge,region,us-west-2,,1
2026-09-01T06:12:39Z,g5.xlarge,g5.xlarge,region,ap-south-1,,1
2026-09-01T06:12:39Z,g5.xlarge,g5.xlarge,region,ap-east-1,,1
2026-09-01T06:12:39Z,g5.xlarge,g5.xlarge,region,ap-southeast-3,,3
2026-09-01T06:12:39Z,g5.xlarge,g5.xlarge,region,ap-southeast-2,,1
2026-09-01T06:12:39Z,g5.xlarge,g5.xlarge,region,ap-northeast-2,,3
2026-09-01T06:12:39Z,g5.xlarge,g5.xlarge,region,us-east-2,,1
2026-09-01T06:12:39Z,g5.xlarge,g5.xlarge,az,us-east-1,use1-az1,1
2026-09-01T06:12:39Z,g5.xlarge,g5.xlarge,az,ap-southeast-3,apse3-az3,3
2026-09-01T06:12:39Z,g5.xlarge,g5.xlarge,az,us-west-2,usw2-az2,1
2026-09-01T06:12:39Z,g5.xlarge,g5.xlarge,az,ap-northeast-2,apne2-az3,1
2026-09-01T06:12:39Z,g5.xlarge,g5.xlarge,az,us-east-1,use1-az4,1
2026-09-01T06:12:39Z,g5.xlarge,g5.xlarge,az,ap-northeast-1,apne1-az1,1
2026-09-01T06:12:39Z,g5.xlarge,g5.xlarge,az,ap-south-1,aps1-az3,1
2026-09-01T06:12:39Z,g5.xlarge,g5.xlarge,az,ap-northeast-2,apne2-az4,3
2026-09-01T06:12:39Z,g5.xlarge,g5.xlarge,az,ap-southeast-2,apse2-az1,1
2026-09-01T06:12:39Z,g5.xlarge,g5.xlarge,az,us-east-1,use1-az5,1
2026-09-01T06:12:39Z,g-xlarge-trio,g5.xlarge|g4dn.xlarge|g6.xlarge,region,ap-northeast-2,,9
2026-09-01T06:12:39Z,g-xlarge-trio,g5.xlarge|g4dn.xlarge|g6.xlarge,region,us-east-2,,9
2026-09-01T06:12:39Z,g-xlarge-trio,g5.xlarge|g4dn.xlarge|g6.xlarge,region,us-west-2,,9
2026-09-01T06:12:39Z,g-xlarge-trio,g5.xlarge|g4dn.xlarge|g6.xlarge,region,us-east-1,,9
2026-09-01T06:12:39Z,g-xlarge-trio,g5.xlarge|g4dn.xlarge|g6.xlarge,region,ap-northeast-1,,1
2026-09-01T06:12:39Z,g-xlarge-trio,g5.xlarge|g4dn.xlarge|g6.xlarge,region,ap-southeast-3,,3
2026-09-01T06:12:39Z,g-xlarge-trio,g5.xlarge|g4dn.xlarge|g6.xlarge,region,ap-east-1,,3
2026-09-01T06:12:39Z,g-xlarge-trio,g5.xlarge|g4dn.xlarge|g6.xlarge,region,ap-south-1,,1
2026-09-01T06:12:39Z,g-xlarge-trio,g5.xlarge|g4dn.xlarge|g6.xlarge,region,ap-southeast-2,,1
2026-09-01T06:12:39Z,g-xlarge-trio,g5.xlarge|g4dn.xlarge|g6.xlarge,az,ap-northeast-2,apne2-az4,3
2026-09-01T06:12:39Z,g-xlarge-trio,g5.xlarge|g4dn.xlarge|g6.xlarge,az,us-east-1,use1-az5,9
2026-09-01T06:12:39Z,g-xlarge-trio,g5.xlarge|g4dn.xlarge|g6.xlarge,az,us-east-2,use2-az1,9
2026-09-01T06:12:39Z,g-xlarge-trio,g5.xlarge|g4dn.xlarge|g6.xlarge,az,us-west-2,usw2-az1,9
2026-09-01T06:12:39Z,g-xlarge-trio,g5.xlarge|g4dn.xlarge|g6.xlarge,az,us-east-2,use2-az2,9
2026-09-01T06:12:39Z,g-xlarge-trio,g5.xlarge|g4dn.xlarge|g6.xlarge,az,ap-east-1,ape1-az1,3
2026-09-01T06:12:39Z,g-xlarge-trio,g5.xlarge|g4dn.xlarge|g6.xlarge,az,ap-northeast-2,apne2-az3,9
2026-09-01T06:12:39Z,g-xlarge-trio,g5.xlarge|g4dn.xlarge|g6.xlarge,az,us-west-2,usw2-az3,9
2026-09-01T06:12:39Z,g-xlarge-trio,g5.xlarge|g4dn.xlarge|g6.xlarge,az,ap-northeast-2,apne2-az1,9
2026-09-01T06:12:39Z,g-xlarge-trio,g5.xlarge|g4dn.xlarge|g6.xlarge,az,us-west-2,usw2-az2,9
2026-09-01T12:31:42Z,g5.xlarge,g5.xlarge,region,ap-south-1,,1
2026-09-01T12:31:42Z,g5.xlarge,g5.xlarge,region,ap-east-1,,1
2026-09-01T12:31:42Z,g5.xlarge,g5.xlarge,region,ap-southeast-2,,1
2026-09-01T12:31:42Z,g5.xlarge,g5.xlarge,region,us-west-2,,1
2026-09-01T12:31:42Z,g5.xlarge,g5.xlarge,region,ap-northeast-2,,3
2026-09-01T12:31:42Z,g5.xlarge,g5.xlarge,region,us-east-2,,1
2026-09-01T12:31:42Z,g5.xlarge,g5.xlarge,region,ap-southeast-3,,3
2026-09-01T12:31:42Z,g5.xlarge,g5.xlarge,region,us-east-1,,1
2026-09-01T12:31:42Z,g5.xlarge,g5.xlarge,region,ap-northeast-1,,1
2026-09-01T12:31:42Z,g5.xlarge,g5.xlarge,az,ap-east-1,ape1-az1,1
2026-09-01T12:31:42Z,g5.xlarge,g5.xlarge,az,us-east-2,use2-az3,1
2026-09-01T12:31:42Z,g5.xlarge,g5.xlarge,az,ap-northeast-2,apne2-az1,3
2026-09-01T12:31:42Z,g5.xlarge,g5.xlarge,az,us-west-2,usw2-az1,1
2026-09-01T12:31:42Z,g5.xlarge,g5.xlarge,az,ap-southeast-3,apse3-az3,3
2026-09-01T12:31:42Z,g5.xlarge,g5.xlarge,az,us-east-1,use1-az5,1
2026-09-01T12:31:42Z,g5.xlarge,g5.xlarge,az,ap-southeast-3,apse3-az1,1
2026-09-01T12:31:42Z,g5.xlarge,g5.xlarge,az,us-west-2,usw2-az3,1
2026-09-01T12:31:42Z,g5.xlarge,g5.xlarge,az,ap-northeast-2,apne2-az4,3
2026-09-01T12:31:42Z,g5.xlarge,g5.xlarge,az,ap-northeast-2,apne2-az3,3
2026-09-01T12:31:42Z,g-xlarge-trio,g5.xlarge|g4dn.xlarge|g6.xlarge,region,ap-east-1,,3
2026-09-01T12:31:42Z,g-xlarge-trio,g5.xlarge|g4dn.xlarge|g6.xlarge,region,ap-south-1,,1
2026-09-01T12:31:42Z,g-xlarge-trio,g5.xlarge|g4dn.xlarge|g6.xlarge,region,ap-southeast-2,,2
2026-09-01T12:31:42Z,g-xlarge-trio,g5.xlarge|g4dn.xlarge|g6.xlarge,region,ap-northeast-2,,9
2026-09-01T12:31:42Z,g-xlarge-trio,g5.xlarge|g4dn.xlarge|g6.xlarge,region,us-east-2,,9
2026-09-01T12:31:42Z,g-xlarge-trio,g5.xlarge|g4dn.xlarge|g6.xlarge,region,ap-southeast-3,,3
2026-09-01T12:31:42Z,g-xlarge-trio,g5.xlarge|g4dn.xlarge|g6.xlarge,region,us-east-1,,1
2026-09-01T12:31:42Z,g-xlarge-trio,g5.xlarge|g4dn.xlarge|g6.xlarge,region,ap-northeast-1,,9
2026-09-01T12:31:42Z,g-xlarge-trio,g5.xlarge|g4dn.xlarge|g6.xlarge,region,us-west-2,,9
2026-09-01T12:31:42Z,g-xlarge-trio,g5.xlarge|g4dn.xlarge|g6.xlarge,az,ap-east-1,ape1-az1,3
2026-09-01T12:31:42Z,g-xlarge-trio,g5.xlarge|g4dn.xlarge|g6.xlarge,az,ap-northeast-1,apne1-az4,9
2026-09-01T12:31:42Z,g-xlarge-trio,g5.xlarge|g4dn.xlarge|g6.xlarge,az,us-west-2,usw2-az1,9
2026-09-01T12:31:42Z,g-xlarge-trio,g5.xlarge|g4dn.xlarge|g6.xlarge,az,us-east-2,use2-az2,9
2026-09-01T12:31:42Z,g-xlarge-trio,g5.xlarge|g4dn.xlarge|g6.xlarge,az,ap-northeast-2,apne2-az4,3
2026-09-01T12:31:42Z,g-xlarge-trio,g5.xlarge|g4dn.xlarge|g6.xlarge,az,us-west-2,usw2-az3,9
2026-09-01T12:31:42Z,g-xlarge-trio,g5.xlarge|g4dn.xlarge|g6.xlarge,az,ap-east-1,ape1-az2,3
2026-09-01T12:31:42Z,g-xlarge-trio,g5.xlarge|g4dn.xlarge|g6.xlarge,az,us-east-2,use2-az1,9
2026-09-01T12:31:42Z,g-xlarge-trio,g5.xlarge|g4dn.xlarge|g6.xlarge,az,ap-northeast-2,apne2-az1,9
2026-09-01T12:31:42Z,g-xlarge-trio,g5.xlarge|g4dn.xlarge|g6.xlarge,az,ap-northeast-2,apne2-az3,9
2026-09-01T17:18:17Z,g5.xlarge,g5.xlarge,region,ap-northeast-1,,1
2026-09-01T17:18:17Z,g5.xlarge,g5.xlarge,region,us-east-1,,1
2026-09-01T17:18:17Z,g5.xlarge,g5.xlarge,region,us-west-2,,1
2026-09-01T17:18:17Z,g5.xlarge,g5.xlarge,region,ap-south-1,,1
2026-09-01T17:18:17Z,g5.xlarge,g5.xlarge,region,ap-east-1,,1
2026-09-01T17:18:17Z,g5.xlarge,g5.xlarge,region,ap-southeast-3,,3
2026-09-01T17:18:17Z,g5.xlarge,g5.xlarge,region,ap-southeast-2,,1
2026-09-01T17:18:17Z,g5.xlarge,g5.xlarge,region,ap-northeast-2,,3
2026-09-01T17:18:17Z,g5.xlarge,g5.xlarge,region,us-east-2,,1
2026-09-01T17:18:17Z,g5.xlarge,g5.xlarge,az,us-east-2,use2-az2,1
2026-09-01T17:18:17Z,g5.xlarge,g5.xlarge,az,ap-southeast-3,apse3-az3,3
2026-09-01T17:18:17Z,g5.xlarge,g5.xlarge,az,us-east-1,use1-az2,1
2026-09-01T17:18:17Z,g5.xlarge,g5.xlarge,az,us-east-1,use1-az6,1
2026-09-01T17:18:17Z,g5.xlarge,g5.xlarge,az,ap-east-1,ape1-az1,1
2026-09-01T17:18:17Z,g5.xlarge,g5.xlarge,az,us-west-2,usw2-az3,1
2026-09-01T17:18:17Z,g5.xlarge,g5.xlarge,az,ap-northeast-1,apne1-az4,1
2026-09-01T17:18:17Z,g5.xlarge,g5.xlarge,az,ap-northeast-2,apne2-az1,3
2026-09-01T17:18:17Z,g5.xlarge,g5.xlarge,az,ap-northeast-2,apne2-az3,3
2026-09-01T17:18:17Z,g5.xlarge,g5.xlarge,az,ap-northeast-2,apne2-az4,3
2026-09-01T17:18:17Z,g-xlarge-trio,g5.xlarge|g4dn.xlarge|g6.xlarge,region,ap-southeast-3,,3
2026-09-01T17:18:17Z,g-xlarge-trio,g5.xlarge|g4dn.xlarge|g6.xlarge,region,ap-southeast-2,,3
2026-09-01T17:18:17Z,g-xlarge-trio,g5.xlarge|g4dn.xlarge|g6.xlarge,region,ap-northeast-2,,9
2026-09-01T17:18:17Z,g-xlarge-trio,g5.xlarge|g4dn.xlarge|g6.xlarge,region,us-east-2,,9
2026-09-01T17:18:17Z,g-xlarge-trio,g5.xlarge|g4dn.xlarge|g6.xlarge,region,us-west-2,,2
2026-09-01T17:18:17Z,g-xlarge-trio,g5.xlarge|g4dn.xlarge|g6.xlarge,region,ap-northeast-1,,9
2026-09-01T17:18:17Z,g-xlarge-trio,g5.xlarge|g4dn.xlarge|g6.xlarge,region,us-east-1,,1
2026-09-01T17:18:17Z,g-xlarge-trio,g5.xlarge|g4dn.xlarge|g6.xlarge,region,ap-east-1,,3
2026-09-01T17:18:17Z,g-xlarge-trio,g5.xlarge|g4dn.xlarge|g6.xlarge,region,ap-south-1,,3
2026-09-01T17:18:17Z,g-xlarge-trio,g5.xlarge|g4dn.xlarge|g6.xlarge,az,us-east-2,use2-az2,9
2026-09-01T17:18:17Z,g-xlarge-trio,g5.xlarge|g4dn.xlarge|g6.xlarge,az,ap-northeast-1,apne1-az2,3
2026-09-01T17:18:17Z,g-xlarge-trio,g5.xlarge|g4dn.xlarge|g6.xlarge,az,ap-southeast-3,apse3-az3,3
2026-09-01T17:18:17Z,g-xlarge-trio,g5.xlarge|g4dn.xlarge|g6.xlarge,az,ap-east-1,ape1-az1,3
2026-09-01T17:18:17Z,g-xlarge-trio,g5.xlarge|g4dn.xlarge|g6.xlarge,az,ap-northeast-1,apne1-az4,9
2026-09-01T17:18:17Z,g-xlarge-trio,g5.xlarge|g4dn.xlarge|g6.xlarge,az,ap-northeast-2,apne2-az1,9
2026-09-01T17:18:17Z,g-xlarge-trio,g5.xlarge|g4dn.xlarge|g6.xlarge,az,us-east-2,use2-az3,3
2026-09-01T17:18:17Z,g-xlarge-trio,g5.xlarge|g4dn.xlarge|g6.xlarge,az,ap-northeast-2,apne2-az3,9
2026-09-01T17:18:17Z,g-xlarge-trio,g5.xlarge|g4dn.xlarge|g6.xlarge,az,ap-northeast-2,apne2-az4,3
2026-09-01T17:18:17Z,g-xlarge-trio,g5.xlarge|g4dn.xlarge|g6.xlarge,az,ap-south-1,aps1-az2,3
2026-09-01T20:58:18Z,g5.xlarge,g5.xlarge,region,us-west-2,,1
2026-09-01T20:58:18Z,g5.xlarge,g5.xlarge,region,ap-northeast-2,,3
2026-09-01T20:58:18Z,g5.xlarge,g5.xlarge,region,us-east-2,,1
2026-09-01T20:58:18Z,g5.xlarge,g5.xlarge,region,ap-southeast-2,,1
2026-09-01T20:58:18Z,g5.xlarge,g5.xlarge,region,ap-south-1,,3
2026-09-01T20:58:18Z,g5.xlarge,g5.xlarge,region,ap-east-1,,1
2026-09-01T20:58:18Z,g5.xlarge,g5.xlarge,region,ap-southeast-3,,3
2026-09-01T20:58:18Z,g5.xlarge,g5.xlarge,region,us-east-1,,1
2026-09-01T20:58:18Z,g5.xlarge,g5.xlarge,region,ap-northeast-1,,1
2026-09-01T20:58:18Z,g5.xlarge,g5.xlarge,az,ap-east-1,ape1-az1,1
2026-09-01T20:58:18Z,g5.xlarge,g5.xlarge,az,us-east-1,use1-az2,1
2026-09-01T20:58:18Z,g5.xlarge,g5.xlarge,az,ap-southeast-3,apse3-az1,1
2026-09-01T20:58:18Z,g5.xlarge,g5.xlarge,az,ap-northeast-1,apne1-az4,1
2026-09-01T20:58:18Z,g5.xlarge,g5.xlarge,az,us-west-2,usw2-az1,1
2026-09-01T20:58:18Z,g5.xlarge,g5.xlarge,az,ap-northeast-2,apne2-az4,3
2026-09-01T20:58:18Z,g5.xlarge,g5.xlarge,az,ap-south-1,aps1-az3,3
2026-09-01T20:58:18Z,g5.xlarge,g5.xlarge,az,ap-northeast-2,apne2-az1,3
2026-09-01T20:58:18Z,g5.xlarge,g5.xlarge,az,ap-southeast-3,apse3-az3,3
2026-09-01T20:58:18Z,g5.xlarge,g5.xlarge,az,ap-northeast-2,apne2-az3,3
2026-09-01T20:58:18Z,g-xlarge-trio,g5.xlarge|g4dn.xlarge|g6.xlarge,region,ap-south-1,,3
2026-09-01T20:58:18Z,g-xlarge-trio,g5.xlarge|g4dn.xlarge|g6.xlarge,region,ap-east-1,,3
2026-09-01T20:58:18Z,g-xlarge-trio,g5.xlarge|g4dn.xlarge|g6.xlarge,region,us-east-1,,2
2026-09-01T20:58:18Z,g-xlarge-trio,g5.xlarge|g4dn.xlarge|g6.xlarge,region,ap-northeast-1,,9
2026-09-01T20:58:18Z,g-xlarge-trio,g5.xlarge|g4dn.xlarge|g6.xlarge,region,us-west-2,,4
2026-09-01T20:58:18Z,g-xlarge-trio,g5.xlarge|g4dn.xlarge|g6.xlarge,region,ap-southeast-3,,3
2026-09-01T20:58:18Z,g-xlarge-trio,g5.xlarge|g4dn.xlarge|g6.xlarge,region,ap-northeast-2,,9
2026-09-01T20:58:18Z,g-xlarge-trio,g5.xlarge|g4dn.xlarge|g6.xlarge,region,us-east-2,,9
2026-09-01T20:58:18Z,g-xlarge-trio,g5.xlarge|g4dn.xlarge|g6.xlarge,region,ap-southeast-2,,1
2026-09-01T20:58:18Z,g-xlarge-trio,g5.xlarge|g4dn.xlarge|g6.xlarge,az,ap-south-1,aps1-az2,3
2026-09-01T20:58:18Z,g-xlarge-trio,g5.xlarge|g4dn.xlarge|g6.xlarge,az,ap-east-1,ape1-az1,3
2026-09-01T20:58:18Z,g-xlarge-trio,g5.xlarge|g4dn.xlarge|g6.xlarge,az,ap-east-1,ape1-az3,3
2026-09-01T20:58:18Z,g-xlarge-trio,g5.xlarge|g4dn.xlarge|g6.xlarge,az,ap-northeast-2,apne2-az1,9
2026-09-01T20:58:18Z,g-xlarge-trio,g5.xlarge|g4dn.xlarge|g6.xlarge,az,ap-southeast-3,apse3-az3,3
2026-09-01T20:58:18Z,g-xlarge-trio,g5.xlarge|g4dn.xlarge|g6.xlarge,az,ap-northeast-1,apne1-az2,3
2026-09-01T20:58:18Z,g-xlarge-trio,g5.xlarge|g4dn.xlarge|g6.xlarge,az,ap-northeast-2,apne2-az4,3
2026-09-01T20:58:18Z,g-xlarge-trio,g5.xlarge|g4dn.xlarge|g6.xlarge,az,us-east-2,use2-az2,9
2026-09-01T20:58:18Z,g-xlarge-trio,g5.xlarge|g4dn.xlarge|g6.xlarge,az,ap-northeast-1,apne1-az4,9
2026-09-01T20:58:18Z,g-xlarge-trio,g5.xlarge|g4dn.xlarge|g6.xlarge,az,ap-northeast-2,apne2-az3,9
2026-09-01T23:15:26Z,g5.xlarge,g5.xlarge,region,us-west-2,,1
2026-09-01T23:15:26Z,g5.xlarge,g5.xlarge,region,ap-northeast-1,,1
2026-09-01T23:15:26Z,g5.xlarge,g5.xlarge,region,us-east-1,,1
2026-09-01T23:15:26Z,g5.xlarge,g5.xlarge,region,ap-east-1,,1
2026-09-01T23:15:26Z,g5.xlarge,g5.xlarge,region,ap-south-1,,1
2026-09-01T23:15:26Z,g5.xlarge,g5.xlarge,region,ap-southeast-3,,3
2026-09-01T23:15:26Z,g5.xlarge,g5.xlarge,region,ap-southeast-2,,1
2026-09-01T23:15:26Z,g5.xlarge,g5.xlarge,region,us-east-2,,1
2026-09-01T23:15:26Z,g5.xlarge,g5.xlarge,region,ap-northeast-2,,1
2026-09-01T23:15:26Z,g5.xlarge,g5.xlarge,az,ap-east-1,ape1-az1,1
2026-09-01T23:15:26Z,g5.xlarge,g5.xlarge,az,us-east-1,use1-az2,1
2026-09-01T23:15:26Z,g5.xlarge,g5.xlarge,az,ap-southeast-3,apse3-az1,1
2026-09-01T23:15:26Z,g5.xlarge,g5.xlarge,az,ap-northeast-1,apne1-az4,1
2026-09-01T23:15:26Z,g5.xlarge,g5.xlarge,az,us-west-2,usw2-az1,1
2026-09-01T23:15:26Z,g5.xlarge,g5.xlarge,az,us-east-2,use2-az2,1
2026-09-01T23:15:26Z,g5.xlarge,g5.xlarge,az,ap-northeast-2,apne2-az4,1
2026-09-01T23:15:26Z,g5.xlarge,g5.xlarge,az,us-east-1,use1-az6,1
2026-09-01T23:15:26Z,g5.xlarge,g5.xlarge,az,ap-south-1,aps1-az1,1
2026-09-01T23:15:26Z,g5.xlarge,g5.xlarge,az,ap-southeast-3,apse3-az3,3
2026-09-01T23:15:26Z,g-xlarge-trio,g5.xlarge|g4dn.xlarge|g6.xlarge,region,us-west-2,,4
2026-09-01T23:15:26Z,g-xlarge-trio,g5.xlarge|g4dn.xlarge|g6.xlarge,region,ap-northeast-1,,9
2026-09-01T23:15:26Z,g-xlarge-trio,g5.xlarge|g4dn.xlarge|g6.xlarge,region,us-east-1,,1
2026-09-01T23:15:26Z,g-xlarge-trio,g5.xlarge|g4dn.xlarge|g6.xlarge,region,ap-east-1,,3
2026-09-01T23:15:26Z,g-xlarge-trio,g5.xlarge|g4dn.xlarge|g6.xlarge,region,ap-south-1,,3
2026-09-01T23:15:26Z,g-xlarge-trio,g5.xlarge|g4dn.xlarge|g6.xlarge,region,ap-southeast-3,,3
2026-09-01T23:15:26Z,g-xlarge-trio,g5.xlarge|g4dn.xlarge|g6.xlarge,region,ap-southeast-2,,1
2026-09-01T23:15:26Z,g-xlarge-trio,g5.xlarge|g4dn.xlarge|g6.xlarge,region,us-east-2,,9
2026-09-01T23:15:26Z,g-xlarge-trio,g5.xlarge|g4dn.xlarge|g6.xlarge,region,ap-northeast-2,,9
2026-09-01T23:15:26Z,g-xlarge-trio,g5.xlarge|g4dn.xlarge|g6.xlarge,az,us-east-2,use2-az2,6
2026-09-01T23:15:26Z,g-xlarge-trio,g5.xlarge|g4dn.xlarge|g6.xlarge,az,ap-northeast-1,apne1-az2,3
2026-09-01T23:15:26Z,g-xlarge-trio,g5.xlarge|g4dn.xlarge|g6.xlarge,az,ap-southeast-3,apse3-az3,3
2026-09-01T23:15:26Z,g-xlarge-trio,g5.xlarge|g4dn.xlarge|g6.xlarge,az,ap-east-1,ape1-az1,3
2026-09-01T23:15:26Z,g-xlarge-trio,g5.xlarge|g4dn.xlarge|g6.xlarge,az,ap-northeast-1,apne1-az4,9
2026-09-01T23:15:26Z,g-xlarge-trio,g5.xlarge|g4dn.xlarge|g6.xlarge,az,ap-northeast-2,apne2-az1,9
2026-09-01T23:15:26Z,g-xlarge-trio,g5.xlarge|g4dn.xlarge|g6.xlarge,az,us-east-2,use2-az3,3
2026-09-01T23:15:26Z,g-xlarge-trio,g5.xlarge|g4dn.xlarge|g6.xlarge,az,ap-northeast-2,apne2-az3,9
2026-09-01T23:15:26Z,g-xlarge-trio,g5.xlarge|g4dn.xlarge|g6.xlarge,az,ap-northeast-2,apne2-az4,3
2026-09-01T23:15:26Z,g-xlarge-trio,g5.xlarge|g4dn.xlarge|g6.xlarge,az,ap-south-1,aps1-az2,3
2026-09-02T04:21:13Z,g5.xlarge,g5.xlarge,region,us-west-2,,1
2026-09-02T04:21:13Z,g5.xlarge,g5.xlarge,region,ap-northeast-1,,1
2026-09-02T04:21:13Z,g5.xlarge,g5.xlarge,region,us-east-1,,1
2026-09-02T04:21:13Z,g5.xlarge,g5.xlarge,region,ap-south-1,,2
2026-09-02T04:21:13Z,g5.xlarge,g5.xlarge,region,ap-east-1,,1
2026-09-02T04:21:13Z,g5.xlarge,g5.xlarge,region,ap-southeast-3,,3
2026-09-02T04:21:13Z,g5.xlarge,g5.xlarge,region,ap-southeast-2,,1
2026-09-02T04:21:13Z,g5.xlarge,g5.xlarge,region,us-east-2,,1
2026-09-02T04:21:13Z,g5.xlarge,g5.xlarge,region,ap-northeast-2,,1
2026-09-02T04:21:13Z,g5.xlarge,g5.xlarge,az,us-east-2,use2-az2,1
2026-09-02T04:21:13Z,g5.xlarge,g5.xlarge,az,ap-southeast-3,apse3-az3,3
2026-09-02T04:21:13Z,g5.xlarge,g5.xlarge,az,us-east-1,use1-az2,1
2026-09-02T04:21:13Z,g5.xlarge,g5.xlarge,az,us-east-1,use1-az6,1
2026-09-02T04:21:13Z,g5.xlarge,g5.xlarge,az,ap-east-1,ape1-az1,1
2026-09-02T04:21:13Z,g5.xlarge,g5.xlarge,az,us-west-2,usw2-az3,1
2026-09-02T04:21:13Z,g5.xlarge,g5.xlarge,az,ap-northeast-1,apne1-az4,1
2026-09-02T04:21:13Z,g5.xlarge,g5.xlarge,az,ap-south-1,aps1-az1,1
2026-09-02T04:21:13Z,g5.xlarge,g5.xlarge,az,us-east-1,use1-az5,1
2026-09-02T04:21:13Z,g5.xlarge,g5.xlarge,az,us-east-2,use2-az3,1
2026-09-02T04:21:13Z,g-xlarge-trio,g5.xlarge|g4dn.xlarge|g6.xlarge,region,ap-south-1,,3
2026-09-02T04:21:13Z,g-xlarge-trio,g5.xlarge|g4dn.xlarge|g6.xlarge,region,ap-east-1,,3
2026-09-02T04:21:13Z,g-xlarge-trio,g5.xlarge|g4dn.xlarge|g6.xlarge,region,us-east-1,,9
2026-09-02T04:21:13Z,g-xlarge-trio,g5.xlarge|g4dn.xlarge|g6.xlarge,region,us-west-2,,9
2026-09-02T04:21:13Z,g-xlarge-trio,g5.xlarge|g4dn.xlarge|g6.xlarge,region,ap-northeast-1,,1
2026-09-02T04:21:13Z,g-xlarge-trio,g5.xlarge|g4dn.xlarge|g6.xlarge,region,ap-southeast-3,,3
2026-09-02T04:21:13Z,g-xlarge-trio,g5.xlarge|g4dn.xlarge|g6.xlarge,region,ap-northeast-2,,9
2026-09-02T04:21:13Z,g-xlarge-trio,g5.xlarge|g4dn.xlarge|g6.xlarge,region,us-east-2,,9
2026-09-02T04:21:13Z,g-xlarge-trio,g5.xlarge|g4dn.xlarge|g6.xlarge,region,ap-southeast-2,,1
2026-09-02T04:21:13Z,g-xlarge-trio,g5.xlarge|g4dn.xlarge|g6.xlarge,az,ap-south-1,aps1-az2,3
2026-09-02T04:21:13Z,g-xlarge-trio,g5.xlarge|g4dn.xlarge|g6.xlarge,az,us-west-2,usw2-az1,9
2026-09-02T04:21:13Z,g-xlarge-trio,g5.xlarge|g4dn.xlarge|g6.xlarge,az,ap-northeast-2,apne2-az1,9
2026-09-02T04:21:13Z,g-xlarge-trio,g5.xlarge|g4dn.xlarge|g6.xlarge,az,us-east-1,use1-az4,9
2026-09-02T04:21:13Z,g-xlarge-trio,g5.xlarge|g4dn.xlarge|g6.xlarge,az,us-east-2,use2-az1,9
2026-09-02T04:21:13Z,g-xlarge-trio,g5.xlarge|g4dn.xlarge|g6.xlarge,az,us-east-1,use1-az5,9
2026-09-02T04:21:13Z,g-xlarge-trio,g5.xlarge|g4dn.xlarge|g6.xlarge,az,us-west-2,usw2-az3,9
2026-09-02T04:21:13Z,g-xlarge-trio,g5.xlarge|g4dn.xlarge|g6.xlarge,az,us-east-2,use2-az2,9
2026-09-02T04:21:13Z,g-xlarge-trio,g5.xlarge|g4dn.xlarge|g6.xlarge,az,us-east-1,use1-az2,9
2026-09-02T04:21:13Z,g-xlarge-trio,g5.xlarge|g4dn.xlarge|g6.xlarge,az,ap-northeast-2,apne2-az3,9
2026-09-02T09:31:11Z,g5.xlarge,g5.xlarge,region,us-west-2,,1
2026-09-02T09:31:11Z,g5.xlarge,g5.xlarge,region,ap-northeast-2,,3
2026-09-02T09:31:11Z,g5.xlarge,g5.xlarge,region,us-east-2,,3
2026-09-02T09:31:11Z,g5.xlarge,g5.xlarge,region,ap-southeast-2,,1
2026-09-02T09:31:11Z,g5.xlarge,g5.xlarge,region,ap-south-1,,2
2026-09-02T09:31:11Z,g5.xlarge,g5.xlarge,region,ap-east-1,,1
2026-09-02T09:31:11Z,g5.xlarge,g5.xlarge,region,ap-southeast-3,,3
2026-09-02T09:31:11Z,g5.xlarge,g5.xlarge,region,us-east-1,,1
2026-09-02T09:31:11Z,g5.xlarge,g5.xlarge,region,ap-northeast-1,,1
2026-09-02T09:31:11Z,g5.xlarge,g5.xlarge,az,ap-northeast-2,apne2-az3,3
2026-09-02T09:31:11Z,g5.xlarge,g5.xlarge,az,us-east-1,use1-az5,1
2026-09-02T09:31:11Z,g5.xlarge,g5.xlarge,az,ap-northeast-1,apne1-az4,1
2026-09-02T09:31:11Z,g5.xlarge,g5.xlarge,az,ap-southeast-3,apse3-az1,1
2026-09-02T09:31:11Z,g5.xlarge,g5.xlarge,az,us-east-1,use1-az2,1
2026-09-02T09:31:11Z,g5.xlarge,g5.xlarge,az,ap-northeast-2,apne2-az1,3
2026-09-02T09:31:11Z,g5.xlarge,g5.xlarge,az,ap-southeast-3,apse3-az3,3
2026-09-02T09:31:11Z,g5.xlarge,g5.xlarge,az,us-east-2,use2-az3,3
2026-09-02T09:31:11Z,g5.xlarge,g5.xlarge,az,ap-east-1,ape1-az2,1
2026-09-02T09:31:11Z,g5.xlarge,g5.xlarge,az,ap-northeast-2,apne2-az4,3
2026-09-02T09:31:11Z,g-xlarge-trio,g5.xlarge|g4dn.xlarge|g6.xlarge,region,ap-south-1,,3
2026-09-02T09:31:11Z,g-xlarge-trio,g5.xlarge|g4dn.xlarge|g6.xlarge,region,ap-east-1,,3
2026-09-02T09:31:11Z,g-xlarge-trio,g5.xlarge|g4dn.xlarge|g6.xlarge,region,ap-southeast-2,,1
2026-09-02T09:31:11Z,g-xlarge-trio,g5.xlarge|g4dn.xlarge|g6.xlarge,region,us-west-2,,2
2026-09-02T09:31:11Z,g-xlarge-trio,g5.xlarge|g4dn.xlarge|g6.xlarge,region,ap-northeast-2,,9
2026-09-02T09:31:11Z,g-xlarge-trio,g5.xlarge|g4dn.xlarge|g6.xlarge,region,us-east-2,,9
2026-09-02T09:31:11Z,g-xlarge-trio,g5.xlarge|g4dn.xlarge|g6.xlarge,region,ap-southeast-3,,3
2026-09-02T09:31:11Z,g-xlarge-trio,g5.xlarge|g4dn.xlarge|g6.xlarge,region,us-east-1,,9
2026-09-02T09:31:11Z,g-xlarge-trio,g5.xlarge|g4dn.xlarge|g6.xlarge,region,ap-northeast-1,,1
2026-09-02T09:31:11Z,g-xlarge-trio,g5.xlarge|g4dn.xlarge|g6.xlarge,az,us-east-2,use2-az2,9
2026-09-02T09:31:11Z,g-xlarge-trio,g5.xlarge|g4dn.xlarge|g6.xlarge,az,ap-southeast-3,apse3-az3,3
2026-09-02T09:31:11Z,g-xlarge-trio,g5.xlarge|g4dn.xlarge|g6.xlarge,az,ap-east-1,ape1-az3,3
2026-09-02T09:31:11Z,g-xlarge-trio,g5.xlarge|g4dn.xlarge|g6.xlarge,az,ap-east-1,ape1-az1,3
2026-09-02T09:31:11Z,g-xlarge-trio,g5.xlarge|g4dn.xlarge|g6.xlarge,az,ap-northeast-2,apne2-az1,9
2026-09-02T09:31:11Z,g-xlarge-trio,g5.xlarge|g4dn.xlarge|g6.xlarge,az,us-east-1,use1-az5,9
2026-09-02T09:31:11Z,g-xlarge-trio,g5.xlarge|g4dn.xlarge|g6.xlarge,az,us-east-2,use2-az3,3
2026-09-02T09:31:11Z,g-xlarge-trio,g5.xlarge|g4dn.xlarge|g6.xlarge,az,ap-northeast-2,apne2-az3,9
2026-09-02T09:31:11Z,g-xlarge-trio,g5.xlarge|g4dn.xlarge|g6.xlarge,az,ap-northeast-2,apne2-az4,3
2026-09-02T09:31:11Z,g-xlarge-trio,g5.xlarge|g4dn.xlarge|g6.xlarge,az,us-east-2,use2-az1,9
2026-09-02T14:23:26Z,g5.xlarge,g5.xlarge,region,us-west-2,,1
2026-09-02T14:23:26Z,g5.xlarge,g5.xlarge,region,ap-northeast-2,,3
2026-09-02T14:23:26Z,g5.xlarge,g5.xlarge,region,us-east-2,,1
2026-09-02T14:23:26Z,g5.xlarge,g5.xlarge,region,ap-southeast-2,,1
2026-09-02T14:23:26Z,g5.xlarge,g5.xlarge,region,ap-south-1,,2
2026-09-02T14:23:26Z,g5.xlarge,g5.xlarge,region,ap-east-1,,1
2026-09-02T14:23:26Z,g5.xlarge,g5.xlarge,region,ap-southeast-3,,3
2026-09-02T14:23:26Z,g5.xlarge,g5.xlarge,region,us-east-1,,1
2026-09-02T14:23:26Z,g5.xlarge,g5.xlarge,region,ap-northeast-1,,3
2026-09-02T14:23:26Z,g5.xlarge,g5.xlarge,az,ap-northeast-1,apne1-az1,3
2026-09-02T14:23:26Z,g5.xlarge,g5.xlarge,az,us-east-2,use2-az2,1
2026-09-02T14:23:26Z,g5.xlarge,g5.xlarge,az,ap-southeast-3,apse3-az3,3
2026-09-02T14:23:26Z,g5.xlarge,g5.xlarge,az,us-east-1,use1-az2,1
2026-09-02T14:23:26Z,g5.xlarge,g5.xlarge,az,us-east-1,use1-az6,1
2026-09-02T14:23:26Z,g5.xlarge,g5.xlarge,az,ap-east-1,ape1-az1,1
2026-09-02T14:23:26Z,g5.xlarge,g5.xlarge,az,ap-northeast-1,apne1-az4,3
2026-09-02T14:23:26Z,g5.xlarge,g5.xlarge,az,ap-northeast-2,apne2-az1,3
2026-09-02T14:23:26Z,g5.xlarge,g5.xlarge,az,ap-northeast-2,apne2-az3,3
2026-09-02T14:23:26Z,g5.xlarge,g5.xlarge,az,ap-northeast-2,apne2-az4,3
2026-09-02T14:23:26Z,g-xlarge-trio,g5.xlarge|g4dn.xlarge|g6.xlarge,region,us-west-2,,9
2026-09-02T14:23:26Z,g-xlarge-trio,g5.xlarge|g4dn.xlarge|g6.xlarge,region,ap-northeast-2,,9
2026-09-02T14:23:26Z,g-xlarge-trio,g5.xlarge|g4dn.xlarge|g6.xlarge,region,us-east-2,,9
2026-09-02T14:23:26Z,g-xlarge-trio,g5.xlarge|g4dn.xlarge|g6.xlarge,region,ap-southeast-2,,1
2026-09-02T14:23:26Z,g-xlarge-trio,g5.xlarge|g4dn.xlarge|g6.xlarge,region,ap-south-1,,3
2026-09-02T14:23:26Z,g-xlarge-trio,g5.xlarge|g4dn.xlarge|g6.xlarge,region,ap-east-1,,3
2026-09-02T14:23:26Z,g-xlarge-trio,g5.xlarge|g4dn.xlarge|g6.xlarge,region,ap-southeast-3,,3
2026-09-02T14:23:26Z,g-xlarge-trio,g5.xlarge|g4dn.xlarge|g6.xlarge,region,us-east-1,,2
2026-09-02T14:23:26Z,g-xlarge-trio,g5.xlarge|g4dn.xlarge|g6.xlarge,region,ap-northeast-1,,9
2026-09-02T14:23:26Z,g-xlarge-trio,g5.xlarge|g4dn.xlarge|g6.xlarge,az,ap-northeast-2,apne2-az3,9
2026-09-02T14:23:26Z,g-xlarge-trio,g5.xlarge|g4dn.xlarge|g6.xlarge,az,ap-northeast-1,apne1-az4,9
2026-09-02T14:23:26Z,g-xlarge-trio,g5.xlarge|g4dn.xlarge|g6.xlarge,az,us-east-2,use2-az1,9
2026-09-02T14:23:26Z,g-xlarge-trio,g5.xlarge|g4dn.xlarge|g6.xlarge,az,ap-northeast-2,apne2-az1,9
2026-09-02T14:23:26Z,g-xlarge-trio,g5.xlarge|g4dn.xlarge|g6.xlarge,az,ap-southeast-3,apse3-az3,3
2026-09-02T14:23:26Z,g-xlarge-trio,g5.xlarge|g4dn.xlarge|g6.xlarge,az,ap-northeast-1,apne1-az2,3
2026-09-02T14:23:26Z,g-xlarge-trio,g5.xlarge|g4dn.xlarge|g6.xlarge,az,ap-east-1,ape1-az2,3
2026-09-02T14:23:26Z,g-xlarge-trio,g5.xlarge|g4dn.xlarge|g6.xlarge,az,us-west-2,usw2-az3,9
2026-09-02T14:23:26Z,g-xlarge-trio,g5.xlarge|g4dn.xlarge|g6.xlarge,az,us-east-2,use2-az2,9
2026-09-02T14:23:26Z,g-xlarge-trio,g5.xlarge|g4dn.xlarge|g6.xlarge,az,us-west-2,usw2-az1,9
2026-09-02T18:36:45Z,g5.xlarge,g5.xlarge,region,us-east-1,,1
2026-09-02T18:36:45Z,g5.xlarge,g5.xlarge,region,ap-northeast-1,,1
2026-09-02T18:36:45Z,g5.xlarge,g5.xlarge,region,us-west-2,,1
2026-09-02T18:36:45Z,g5.xlarge,g5.xlarge,region,ap-northeast-2,,3
2026-09-02T18:36:45Z,g5.xlarge,g5.xlarge,region,us-east-2,,1
2026-09-02T18:36:45Z,g5.xlarge,g5.xlarge,region,ap-southeast-3,,3
2026-09-02T18:36:45Z,g5.xlarge,g5.xlarge,region,ap-southeast-2,,1
2026-09-02T18:36:45Z,g5.xlarge,g5.xlarge,region,ap-south-1,,1
2026-09-02T18:36:45Z,g5.xlarge,g5.xlarge,region,ap-east-1,,1
2026-09-02T18:36:45Z,g5.xlarge,g5.xlarge,az,ap-south-1,aps1-az3,1
2026-09-02T18:36:45Z,g5.xlarge,g5.xlarge,az,ap-east-1,ape1-az2,1
2026-09-02T18:36:45Z,g5.xlarge,g5.xlarge,az,ap-southeast-2,apse2-az1,1
2026-09-02T18:36:45Z,g5.xlarge,g5.xlarge,az,ap-northeast-2,apne2-az1,3
2026-09-02T18:36:45Z,g5.xlarge,g5.xlarge,az,ap-northeast-1,apne1-az1,1
2026-09-02T18:36:45Z,g5.xlarge,g5.xlarge,az,us-east-1,use1-az5,1
2026-09-02T18:36:45Z,g5.xlarge,g5.xlarge,az,ap-southeast-3,apse3-az3,3
2026-09-02T18:36:45Z,g5.xlarge,g5.xlarge,az,us-east-2,use2-az3,1
2026-09-02T18:36:45Z,g5.xlarge,g5.xlarge,az,ap-northeast-2,apne2-az3,3
2026-09-02T18:36:45Z,g5.xlarge,g5.xlarge,az,ap-northeast-2,apne2-az4,3
2026-09-02T18:36:45Z,g-xlarge-trio,g5.xlarge|g4dn.xlarge|g6.xlarge,region,ap-northeast-2,,9
2026-09-02T18:36:45Z,g-xlarge-trio,g5.xlarge|g4dn.xlarge|g6.xlarge,region,us-east-2,,1
2026-09-02T18:36:45Z,g-xlarge-trio,g5.xlarge|g4dn.xlarge|g6.xlarge,region,ap-southeast-2,,3
2026-09-02T18:36:45Z,g-xlarge-trio,g5.xlarge|g4dn.xlarge|g6.xlarge,region,us-east-1,,1
2026-09-02T18:36:45Z,g-xlarge-trio,g5.xlarge|g4dn.xlarge|g6.xlarge,region,ap-northeast-1,,9
2026-09-02T18:36:45Z,g-xlarge-trio,g5.xlarge|g4dn.xlarge|g6.xlarge,region,us-west-2,,2
2026-09-02T18:36:45Z,g-xlarge-trio,g5.xlarge|g4dn.xlarge|g6.xlarge,region,ap-south-1,,3
2026-09-02T18:36:45Z,g-xlarge-trio,g5.xlarge|g4dn.xlarge|g6.xlarge,region,ap-east-1,,3
2026-09-02T18:36:45Z,g-xlarge-trio,g5.xlarge|g4dn.xlarge|g6.xlarge,region,ap-southeast-3,,3
2026-09-02T18:36:45Z,g-xlarge-trio,g5.xlarge|g4dn.xlarge|g6.xlarge,az,ap-northeast-2,apne2-az1,9
2026-09-02T18:36:45Z,g-xlarge-trio,g5.xlarge|g4dn.xlarge|g6.xlarge,az,ap-northeast-1,apne1-az1,3
2026-09-02T18:36:45Z,g-xlarge-trio,g5.xlarge|g4dn.xlarge|g6.xlarge,az,ap-southeast-3,apse3-az3,3
2026-09-02T18:36:45Z,g-xlarge-trio,g5.xlarge|g4dn.xlarge|g6.xlarge,az,ap-northeast-2,apne2-az3,9
2026-09-02T18:36:45Z,g-xlarge-trio,g5.xlarge|g4dn.xlarge|g6.xlarge,az,ap-east-1,ape1-az1,3
2026-09-02T18:36:45Z,g-xlarge-trio,g5.xlarge|g4dn.xlarge|g6.xlarge,az,ap-southeast-2,apse2-az3,3
2026-09-02T18:36:45Z,g-xlarge-trio,g5.xlarge|g4dn.xlarge|g6.xlarge,az,ap-south-1,aps1-az2,3
2026-09-02T18:36:45Z,g-xlarge-trio,g5.xlarge|g4dn.xlarge|g6.xlarge,az,ap-northeast-1,apne1-az4,9
2026-09-02T18:36:45Z,g-xlarge-trio,g5.xlarge|g4dn.xlarge|g6.xlarge,az,ap-northeast-2,apne2-az4,3
2026-09-02T18:36:45Z,g-xlarge-trio,g5.xlarge|g4dn.xlarge|g6.xlarge,az,ap-east-1,ape1-az3,3
2026-09-02T21:46:03Z,g5.xlarge,g5.xlarge,region,ap-northeast-2,,3
2026-09-02T21:46:03Z,g5.xlarge,g5.xlarge,region,us-east-2,,1
2026-09-02T21:46:03Z,g5.xlarge,g5.xlarge,region,ap-southeast-2,,1
2026-09-02T21:46:03Z,g5.xlarge,g5.xlarge,region,ap-south-1,,3
2026-09-02T21:46:03Z,g5.xlarge,g5.xlarge,region,ap-east-1,,1
2026-09-02T21:46:03Z,g5.xlarge,g5.xlarge,region,us-east-1,,1
2026-09-02T21:46:03Z,g5.xlarge,g5.xlarge,region,ap-northeast-1,,1
2026-09-02T21:46:03Z,g5.xlarge,g5.xlarge,region,us-west-2,,1
2026-09-02T21:46:03Z,g5.xlarge,g5.xlarge,region,ap-southeast-3,,3
2026-09-02T21:46:03Z,g5.xlarge,g5.xlarge,az,us-east-1,use1-az1,1
2026-09-02T21:46:03Z,g5.xlarge,g5.xlarge,az,ap-northeast-2,apne2-az3,3
2026-09-02T21:46:03Z,g5.xlarge,g5.xlarge,az,us-east-1,use1-az4,1
2026-09-02T21:46:03Z,g5.xlarge,g5.xlarge,az,ap-southeast-2,apse2-az2,1
2026-09-02T21:46:03Z,g5.xlarge,g5.xlarge,az,ap-south-1,aps1-az3,3
2026-09-02T21:46:03Z,g5.xlarge,g5.xlarge,az,us-west-2,usw2-az3,1
2026-09-02T21:46:03Z,g5.xlarge,g5.xlarge,az,ap-east-1,ape1-az2,1
2026-09-02T21:46:03Z,g5.xlarge,g5.xlarge,az,ap-northeast-2,apne2-az4,3
2026-09-02T21:46:03Z,g5.xlarge,g5.xlarge,az,ap-northeast-2,apne2-az1,3
2026-09-02T21:46:03Z,g5.xlarge,g5.xlarge,az,ap-southeast-3,apse3-az3,3
2026-09-02T21:46:03Z,g-xlarge-trio,g5.xlarge|g4dn.xlarge|g6.xlarge,region,ap-south-1,,3
2026-09-02T21:46:03Z,g-xlarge-trio,g5.xlarge|g4dn.xlarge|g6.xlarge,region,ap-east-1,,3
2026-09-02T21:46:03Z,g-xlarge-trio,g5.xlarge|g4dn.xlarge|g6.xlarge,region,ap-southeast-2,,1
2026-09-02T21:46:03Z,g-xlarge-trio,g5.xlarge|g4dn.xlarge|g6.xlarge,region,ap-northeast-2,,9
2026-09-02T21:46:03Z,g-xlarge-trio,g5.xlarge|g4dn.xlarge|g6.xlarge,region,us-east-2,,1
2026-09-02T21:46:03Z,g-xlarge-trio,g5.xlarge|g4dn.xlarge|g6.xlarge,region,ap-southeast-3,,3
2026-09-02T21:46:03Z,g-xlarge-trio,g5.xlarge|g4dn.xlarge|g6.xlarge,region,ap-northeast-1,,9
2026-09-02T21:46:03Z,g-xlarge-trio,g5.xlarge|g4dn.xlarge|g6.xlarge,region,us-east-1,,1
2026-09-02T21:46:03Z,g-xlarge-trio,g5.xlarge|g4dn.xlarge|g6.xlarge,region,us-west-2,,1
2026-09-02T21:46:03Z,g-xlarge-trio,g5.xlarge|g4dn.xlarge|g6.xlarge,az,ap-south-1,aps1-az3,3
2026-09-02T21:46:03Z,g-xlarge-trio,g5.xlarge|g4dn.xlarge|g6.xlarge,az,ap-northeast-2,apne2-az1,9
2026-09-02T21:46:03Z,g-xlarge-trio,g5.xlarge|g4dn.xlarge|g6.xlarge,az,ap-northeast-1,apne1-az1,3
2026-09-02T21:46:03Z,g-xlarge-trio,g5.xlarge|g4dn.xlarge|g6.xlarge,az,ap-southeast-3,apse3-az3,3
2026-09-02T21:46:03Z,g-xlarge-trio,g5.xlarge|g4dn.xlarge|g6.xlarge,az,ap-northeast-2,apne2-az3,9
2026-09-02T21:46:03Z,g-xlarge-trio,g5.xlarge|g4dn.xlarge|g6.xlarge,az,ap-east-1,ape1-az1,3
2026-09-02T21:46:03Z,g-xlarge-trio,g5.xlarge|g4dn.xlarge|g6.xlarge,az,ap-south-1,aps1-az2,3
2026-09-02T21:46:03Z,g-xlarge-trio,g5.xlarge|g4dn.xlarge|g6.xlarge,az,ap-northeast-1,apne1-az4,9
2026-09-02T21:46:03Z,g-xlarge-trio,g5.xlarge|g4dn.xlarge|g6.xlarge,az,ap-northeast-2,apne2-az4,3
2026-09-02T21:46:03Z,g-xlarge-trio,g5.xlarge|g4dn.xlarge|g6.xlarge,az,ap-east-1,ape1-az3,3
2026-09-03T00:06:57Z,g5.xlarge,g5.xlarge,region,us-west-2,,2
2026-09-03T00:06:57Z,g5.xlarge,g5.xlarge,region,ap-northeast-2,,3
2026-09-03T00:06:57Z,g5.xlarge,g5.xlarge,region,us-east-2,,1
2026-09-03T00:06:57Z,g5.xlarge,g5.xlarge,region,ap-southeast-2,,1
2026-09-03T00:06:57Z,g5.xlarge,g5.xlarge,region,ap-south-1,,3
2026-09-03T00:06:57Z,g5.xlarge,g5.xlarge,region,ap-east-1,,1
2026-09-03T00:06:57Z,g5.xlarge,g5.xlarge,region,ap-southeast-3,,3
2026-09-03T00:06:57Z,g5.xlarge,g5.xlarge,region,us-east-1,,1
2026-09-03T00:06:57Z,g5.xlarge,g5.xlarge,region,ap-northeast-1,,2
2026-09-03T00:06:57Z,g5.xlarge,g5.xlarge,az,ap-southeast-2,apse2-az1,1
2026-09-03T00:06:57Z,g5.xlarge,g5.xlarge,az,ap-south-1,aps1-az3,3
2026-09-03T00:06:57Z,g5.xlarge,g5.xlarge,az,ap-east-1,ape1-az2,1
2026-09-03T00:06:57Z,g5.xlarge,g5.xlarge,az,ap-southeast-2,apse2-az2,1
2026-09-03T00:06:57Z,g5.xlarge,g5.xlarge,az,us-west-2,usw2-az2,1
2026-09-03T00:06:57Z,g5.xlarge,g5.xlarge,az,ap-northeast-2,apne2-az4,3
2026-09-03T00:06:57Z,g5.xlarge,g5.xlarge,az,ap-northeast-1,apne1-az1,1
2026-09-03T00:06:57Z,g5.xlarge,g5.xlarge,az,ap-southeast-3,apse3-az3,3
2026-09-03T00:06:57Z,g5.xlarge,g5.xlarge,az,ap-northeast-2,apne2-az3,3
2026-09-03T00:06:57Z,g5.xlarge,g5.xlarge,az,ap-northeast-2,apne2-az1,3
2026-09-03T00:06:57Z,g-xlarge-trio,g5.xlarge|g4dn.xlarge|g6.xlarge,region,us-west-2,,2
2026-09-03T00:06:57Z,g-xlarge-trio,g5.xlarge|g4dn.xlarge|g6.xlarge,region,ap-northeast-2,,9
2026-09-03T00:06:57Z,g-xlarge-trio,g5.xlarge|g4dn.xlarge|g6.xlarge,region,us-east-2,,3
2026-09-03T00:06:57Z,g-xlarge-trio,g5.xlarge|g4dn.xlarge|g6.xlarge,region,ap-southeast-2,,1
2026-09-03T00:06:57Z,g-xlarge-trio,g5.xlarge|g4dn.xlarge|g6.xlarge,region,ap-east-1,,3
2026-09-03T00:06:57Z,g-xlarge-trio,g5.xlarge|g4dn.xlarge|g6.xlarge,region,ap-south-1,,3
2026-09-03T00:06:57Z,g-xlarge-trio,g5.xlarge|g4dn.xlarge|g6.xlarge,region,ap-southeast-3,,3
2026-09-03T00:06:57Z,g-xlarge-trio,g5.xlarge|g4dn.xlarge|g6.xlarge,region,us-east-1,,3
2026-09-03T00:06:57Z,g-xlarge-trio,g5.xlarge|g4dn.xlarge|g6.xlarge,region,ap-northeast-1,,9
2026-09-03T00:06:57Z,g-xlarge-trio,g5.xlarge|g4dn.xlarge|g6.xlarge,az,ap-south-1,aps1-az1,3
2026-09-03T00:06:57Z,g-xlarge-trio,g5.xlarge|g4dn.xlarge|g6.xlarge,az,ap-east-1,ape1-az2,3
2026-09-03T00:06:57Z,g-xlarge-trio,g5.xlarge|g4dn.xlarge|g6.xlarge,az,ap-south-1,aps1-az3,3
2026-09-03T00:06:57Z,g-xlarge-trio,g5.xlarge|g4dn.xlarge|g6.xlarge,az,ap-northeast-2,apne2-az2,3
2026-09-03T00:06:57Z,g-xlarge-trio,g5.xlarge|g4dn.xlarge|g6.xlarge,az,ap-northeast-2,apne2-az4,3
2026-09-03T00:06:57Z,g-xlarge-trio,g5.xlarge|g4dn.xlarge|g6.xlarge,az,ap-northeast-1,apne1-az2,3
2026-09-03T00:06:57Z,g-xlarge-trio,g5.xlarge|g4dn.xlarge|g6.xlarge,az,ap-southeast-3,apse3-az3,3
2026-09-03T00:06:57Z,g-xlarge-trio,g5.xlarge|g4dn.xlarge|g6.xlarge,az,ap-northeast-2,apne2-az3,9
2026-09-03T00:06:57Z,g-xlarge-trio,g5.xlarge|g4dn.xlarge|g6.xlarge,az,ap-northeast-2,apne2-az1,9
2026-09-03T00:06:57Z,g-xlarge-trio,g5.xlarge|g4dn.xlarge|g6.xlarge,az,ap-northeast-1,apne1-az4,9
2026-09-03T04:19:11Z,g5.xlarge,g5.xlarge,region,us-east-1,,1
2026-09-03T04:19:11Z,g5.xlarge,g5.xlarge,region,ap-northeast-1,,1
2026-09-03T04:19:11Z,g5.xlarge,g5.xlarge,region,us-west-2,,1
2026-09-03T04:19:11Z,g5.xlarge,g5.xlarge,region,ap-northeast-2,,3
2026-09-03T04:19:11Z,g5.xlarge,g5.xlarge,region,us-east-2,,1
2026-09-03T04:19:11Z,g5.xlarge,g5.xlarge,region,ap-southeast-3,,3
2026-09-03T04:19:11Z,g5.xlarge,g5.xlarge,region,ap-southeast-2,,1
2026-09-03T04:19:11Z,g5.xlarge,g5.xlarge,region,ap-south-1,,2
2026-09-03T04:19:11Z,g5.xlarge,g5.xlarge,region,ap-east-1,,1
2026-09-03T04:19:11Z,g5.xlarge,g5.xlarge,az,ap-northeast-2,apne2-az1,3
2026-09-03T04:19:11Z,g5.xlarge,g5.xlarge,az,us-east-1,use1-az5,1
2026-09-03T04:19:11Z,g5.xlarge,g5.xlarge,az,ap-northeast-1,apne1-az4,1
2026-09-03T04:19:11Z,g5.xlarge,g5.xlarge,az,ap-northeast-2,apne2-az3,3
2026-09-03T04:19:11Z,g5.xlarge,g5.xlarge,az,ap-southeast-2,apse2-az1,1
2026-09-03T04:19:11Z,g5.xlarge,g5.xlarge,az,us-west-2,usw2-az2,1
2026-09-03T04:19:11Z,g5.xlarge,g5.xlarge,az,ap-east-1,ape1-az2,1
2026-09-03T04:19:11Z,g5.xlarge,g5.xlarge,az,us-east-2,use2-az3,1
2026-09-03T04:19:11Z,g5.xlarge,g5.xlarge,az,ap-southeast-3,apse3-az3,3
2026-09-03T04:19:11Z,g5.xlarge,g5.xlarge,az,ap-northeast-2,apne2-az4,3
2026-09-03T04:19:11Z,g-xlarge-trio,g5.xlarge|g4dn.xlarge|g6.xlarge,region,us-west-2,,4
2026-09-03T04:19:11Z,g-xlarge-trio,g5.xlarge|g4dn.xlarge|g6.xlarge,region,ap-northeast-2,,9
2026-09-03T04:19:11Z,g-xlarge-trio,g5.xlarge|g4dn.xlarge|g6.xlarge,region,us-east-2,,9
2026-09-03T04:19:11Z,g-xlarge-trio,g5.xlarge|g4dn.xlarge|g6.xlarge,region,ap-southeast-2,,1
2026-09-03T04:19:11Z,g-xlarge-trio,g5.xlarge|g4dn.xlarge|g6.xlarge,region,ap-east-1,,3
2026-09-03T04:19:11Z,g-xlarge-trio,g5.xlarge|g4dn.xlarge|g6.xlarge,region,ap-south-1,,3
2026-09-03T04:19:11Z,g-xlarge-trio,g5.xlarge|g4dn.xlarge|g6.xlarge,region,ap-southeast-3,,3
2026-09-03T04:19:11Z,g-xlarge-trio,g5.xlarge|g4dn.xlarge|g6.xlarge,region,us-east-1,,9
2026-09-03T04:19:11Z,g-xlarge-trio,g5.xlarge|g4dn.xlarge|g6.xlarge,region,ap-northeast-1,,2
2026-09-03T04:19:11Z,g-xlarge-trio,g5.xlarge|g4dn.xlarge|g6.xlarge,az,ap-northeast-2,apne2-az1,9
2026-09-03T04:19:11Z,g-xlarge-trio,g5.xlarge|g4dn.xlarge|g6.xlarge,az,us-east-1,use1-az5,9
2026-09-03T04:19:11Z,g-xlarge-trio,g5.xlarge|g4dn.xlarge|g6.xlarge,az,ap-southeast-3,apse3-az3,3
2026-09-03T04:19:11Z,g-xlarge-trio,g5.xlarge|g4dn.xlarge|g6.xlarge,az,us-east-2,use2-az3,3
2026-09-03T04:19:11Z,g-xlarge-trio,g5.xlarge|g4dn.xlarge|g6.xlarge,az,ap-northeast-2,apne2-az3,9
2026-09-03T04:19:11Z,g-xlarge-trio,g5.xlarge|g4dn.xlarge|g6.xlarge,az,us-east-1,use1-az4,9
2026-09-03T04:19:11Z,g-xlarge-trio,g5.xlarge|g4dn.xlarge|g6.xlarge,az,us-east-1,use1-az2,8
2026-09-03T04:19:11Z,g-xlarge-trio,g5.xlarge|g4dn.xlarge|g6.xlarge,az,ap-east-1,ape1-az1,3
2026-09-03T04:19:11Z,g-xlarge-trio,g5.xlarge|g4dn.xlarge|g6.xlarge,az,us-east-2,use2-az2,9
2026-09-03T04:19:11Z,g-xlarge-trio,g5.xlarge|g4dn.xlarge|g6.xlarge,az,us-east-1,use1-az6,9
2026-09-03T09:40:05Z,g5.xlarge,g5.xlarge,region,ap-northeast-2,,3
2026-09-03T09:40:05Z,g5.xlarge,g5.xlarge,region,us-east-2,,1
2026-09-03T09:40:05Z,g5.xlarge,g5.xlarge,region,ap-southeast-2,,1
2026-09-03T09:40:05Z,g5.xlarge,g5.xlarge,region,ap-south-1,,2
2026-09-03T09:40:05Z,g5.xlarge,g5.xlarge,region,ap-east-1,,1
2026-09-03T09:40:05Z,g5.xlarge,g5.xlarge,region,us-east-1,,2
2026-09-03T09:40:05Z,g5.xlarge,g5.xlarge,region,ap-northeast-1,,1
2026-09-03T09:40:05Z,g5.xlarge,g5.xlarge,region,us-west-2,,1
2026-09-03T09:40:05Z,g5.xlarge,g5.xlarge,region,ap-southeast-3,,1
2026-09-03T09:40:05Z,g5.xlarge,g5.xlarge,az,ap-south-1,aps1-az1,1
2026-09-03T09:40:05Z,g5.xlarge,g5.xlarge,az,us-west-2,usw2-az3,1
2026-09-03T09:40:05Z,g5.xlarge,g5.xlarge,az,us-east-2,use2-az1,1
2026-09-03T09:40:05Z,g5.xlarge,g5.xlarge,az,us-east-2,use2-az2,1
2026-09-03T09:40:05Z,g5.xlarge,g5.xlarge,az,ap-northeast-2,apne2-az4,3
2026-09-03T09:40:05Z,g5.xlarge,g5.xlarge,az,us-east-1,use1-az6,1
2026-09-03T09:40:05Z,g5.xlarge,g5.xlarge,az,ap-east-1,ape1-az1,1
2026-09-03T09:40:05Z,g5.xlarge,g5.xlarge,az,ap-southeast-3,apse3-az1,1
2026-09-03T09:40:05Z,g5.xlarge,g5.xlarge,az,ap-northeast-2,apne2-az1,3
2026-09-03T09:40:05Z,g5.xlarge,g5.xlarge,az,ap-northeast-2,apne2-az3,3
2026-09-03T09:40:05Z,g-xlarge-trio,g5.xlarge|g4dn.xlarge|g6.xlarge,region,us-west-2,,2
2026-09-03T09:40:05Z,g-xlarge-trio,g5.xlarge|g4dn.xlarge|g6.xlarge,region,ap-northeast-1,,1
2026-09-03T09:40:05Z,g-xlarge-trio,g5.xlarge|g4dn.xlarge|g6.xlarge,region,us-east-1,,9
2026-09-03T09:40:05Z,g-xlarge-trio,g5.xlarge|g4dn.xlarge|g6.xlarge,region,us-east-2,,9
2026-09-03T09:40:05Z,g-xlarge-trio,g5.xlarge|g4dn.xlarge|g6.xlarge,region,ap-northeast-2,,9
2026-09-03T09:40:05Z,g-xlarge-trio,g5.xlarge|g4dn.xlarge|g6.xlarge,region,ap-southeast-2,,1
2026-09-03T09:40:05Z,g-xlarge-trio,g5.xlarge|g4dn.xlarge|g6.xlarge,region,ap-southeast-3,,1
2026-09-03T09:40:05Z,g-xlarge-trio,g5.xlarge|g4dn.xlarge|g6.xlarge,region,ap-east-1,,3
2026-09-03T09:40:05Z,g-xlarge-trio,g5.xlarge|g4dn.xlarge|g6.xlarge,region,ap-south-1,,2
2026-09-03T09:40:05Z,g-xlarge-trio,g5.xlarge|g4dn.xlarge|g6.xlarge,az,ap-east-1,ape1-az2,3
2026-09-03T09:40:05Z,g-xlarge-trio,g5.xlarge|g4dn.xlarge|g6.xlarge,az,us-east-2,use2-az2,9
2026-09-03T09:40:05Z,g-xlarge-trio,g5.xlarge|g4dn.xlarge|g6.xlarge,az,ap-northeast-2,apne2-az4,3
2026-09-03T09:40:05Z,g-xlarge-trio,g5.xlarge|g4dn.xlarge|g6.xlarge,az,ap-east-1,ape1-az3,3
2026-09-03T09:40:05Z,g-xlarge-trio,g5.xlarge|g4dn.xlarge|g6.xlarge,az,ap-east-1,ape1-az1,3
2026-09-03T09:40:05Z,g-xlarge-trio,g5.xlarge|g4dn.xlarge|g6.xlarge,az,us-east-1,use1-az5,8
2026-09-03T09:40:05Z,g-xlarge-trio,g5.xlarge|g4dn.xlarge|g6.xlarge,az,ap-northeast-2,apne2-az1,9
2026-09-03T09:40:05Z,g-xlarge-trio,g5.xlarge|g4dn.xlarge|g6.xlarge,az,us-east-2,use2-az3,3
2026-09-03T09:40:05Z,g-xlarge-trio,g5.xlarge|g4dn.xlarge|g6.xlarge,az,us-east-1,use1-az4,9
2026-09-03T09:40:05Z,g-xlarge-trio,g5.xlarge|g4dn.xlarge|g6.xlarge,az,ap-northeast-2,apne2-az3,9
2026-09-03T14:26:54Z,g5.xlarge,g5.xlarge,region,ap-northeast-2,,3
2026-09-03T14:26:54Z,g5.xlarge,g5.xlarge,region,us-east-2,,1
2026-09-03T14:26:54Z,g5.xlarge,g5.xlarge,region,ap-southeast-2,,1
2026-09-03T14:26:54Z,g5.xlarge,g5.xlarge,region,us-east-1,,2
2026-09-03T14:26:54Z,g5.xlarge,g5.xlarge,region,us-west-2,,1
2026-09-03T14:26:54Z,g5.xlarge,g5.xlarge,region,ap-northeast-1,,1
2026-09-03T14:26:54Z,g5.xlarge,g5.xlarge,region,ap-south-1,,1
2026-09-03T14:26:54Z,g5.xlarge,g5.xlarge,region,ap-east-1,,1
2026-09-03T14:26:54Z,g5.xlarge,g5.xlarge,region,ap-southeast-3,,3
2026-09-03T14:26:54Z,g5.xlarge,g5.xlarge,az,us-east-1,use1-az1,1
2026-09-03T14:26:54Z,g5.xlarge,g5.xlarge,az,ap-northeast-2,apne2-az3,3
2026-09-03T14:26:54Z,g5.xlarge,g5.xlarge,az,us-east-1,use1-az4,1
2026-09-03T14:26:54Z,g5.xlarge,g5.xlarge,az,ap-southeast-2,apse2-az2,1
2026-09-03T14:26:54Z,g5.xlarge,g5.xlarge,az,us-west-2,usw2-az3,1
2026-09-03T14:26:54Z,g5.xlarge,g5.xlarge,az,ap-east-1,ape1-az2,1
2026-09-03T14:26:54Z,g5.xlarge,g5.xlarge,az,ap-northeast-2,apne2-az4,3
2026-09-03T14:26:54Z,g5.xlarge,g5.xlarge,az,us-east-1,use1-az6,1
2026-09-03T14:26:54Z,g5.xlarge,g5.xlarge,az,ap-northeast-2,apne2-az1,3
2026-09-03T14:26:54Z,g5.xlarge,g5.xlarge,az,ap-southeast-3,apse3-az3,3
2026-09-03T14:26:54Z,g-xlarge-trio,g5.xlarge|g4dn.xlarge|g6.xlarge,region,ap-southeast-2,,3
2026-09-03T14:26:54Z,g-xlarge-trio,g5.xlarge|g4dn.xlarge|g6.xlarge,region,ap-south-1,,2
2026-09-03T14:26:54Z,g-xlarge-trio,g5.xlarge|g4dn.xlarge|g6.xlarge,region,ap-east-1,,3
2026-09-03T14:26:54Z,g-xlarge-trio,g5.xlarge|g4dn.xlarge|g6.xlarge,region,ap-southeast-3,,3
2026-09-03T14:26:54Z,g-xlarge-trio,g5.xlarge|g4dn.xlarge|g6.xlarge,region,ap-northeast-1,,9
2026-09-03T14:26:54Z,g-xlarge-trio,g5.xlarge|g4dn.xlarge|g6.xlarge,region,us-east-1,,4
2026-09-03T14:26:54Z,g-xlarge-trio,g5.xlarge|g4dn.xlarge|g6.xlarge,region,us-west-2,,9
2026-09-03T14:26:54Z,g-xlarge-trio,g5.xlarge|g4dn.xlarge|g6.xlarge,region,ap-northeast-2,,9
2026-09-03T14:26:54Z,g-xlarge-trio,g5.xlarge|g4dn.xlarge|g6.xlarge,region,us-east-2,,3
2026-09-03T14:26:54Z,g-xlarge-trio,g5.xlarge|g4dn.xlarge|g6.xlarge,az,ap-southeast-2,apse2-az1,3
2026-09-03T14:26:54Z,g-xlarge-trio,g5.xlarge|g4dn.xlarge|g6.xlarge,az,ap-northeast-2,apne2-az1,9
2026-09-03T14:26:54Z,g-xlarge-trio,g5.xlarge|g4dn.xlarge|g6.xlarge,az,ap-southeast-3,apse3-az3,3
2026-09-03T14:26:54Z,g-xlarge-trio,g5.xlarge|g4dn.xlarge|g6.xlarge,az,ap-northeast-1,apne1-az2,3
2026-09-03T14:26:54Z,g-xlarge-trio,g5.xlarge|g4dn.xlarge|g6.xlarge,az,ap-northeast-2,apne2-az3,9
2026-09-03T14:26:54Z,g-xlarge-trio,g5.xlarge|g4dn.xlarge|g6.xlarge,az,ap-northeast-1,apne1-az4,9
2026-09-03T14:26:54Z,g-xlarge-trio,g5.xlarge|g4dn.xlarge|g6.xlarge,az,ap-east-1,ape1-az3,3
2026-09-03T14:26:54Z,g-xlarge-trio,g5.xlarge|g4dn.xlarge|g6.xlarge,az,ap-northeast-2,apne2-az4,3
2026-09-03T14:26:54Z,g-xlarge-trio,g5.xlarge|g4dn.xlarge|g6.xlarge,az,us-west-2,usw2-az1,9
2026-09-03T14:26:54Z,g-xlarge-trio,g5.xlarge|g4dn.xlarge|g6.xlarge,az,ap-east-1,ape1-az1,3
2026-09-03T18:33:53Z,g5.xlarge,g5.xlarge,region,us-west-2,,2
2026-09-03T18:33:53Z,g5.xlarge,g5.xlarge,region,ap-northeast-1,,1
2026-09-03T18:33:53Z,g5.xlarge,g5.xlarge,region,us-east-1,,1
2026-09-03T18:33:53Z,g5.xlarge,g5.xlarge,region,us-east-2,,1
2026-09-03T18:33:53Z,g5.xlarge,g5.xlarge,region,ap-northeast-2,,3
2026-09-03T18:33:53Z,g5.xlarge,g5.xlarge,region,ap-southeast-2,,1
2026-09-03T18:33:53Z,g5.xlarge,g5.xlarge,region,ap-southeast-3,,1
2026-09-03T18:33:53Z,g5.xlarge,g5.xlarge,region,ap-south-1,,1
2026-09-03T18:33:53Z,g5.xlarge,g5.xlarge,region,ap-east-1,,1
2026-09-03T18:33:53Z,g5.xlarge,g5.xlarge,az,us-west-2,usw2-az1,1
2026-09-03T18:33:53Z,g5.xlarge,g5.xlarge,az,us-east-1,use1-az5,1
2026-09-03T18:33:53Z,g5.xlarge,g5.xlarge,az,ap-northeast-1,apne1-az4,1
2026-09-03T18:33:53Z,g5.xlarge,g5.xlarge,az,us-east-2,use2-az3,1
2026-09-03T18:33:53Z,g5.xlarge,g5.xlarge,az,ap-northeast-2,apne2-az1,3
2026-09-03T18:33:53Z,g5.xlarge,g5.xlarge,az,ap-east-1,ape1-az1,1
2026-09-03T18:33:53Z,g5.xlarge,g5.xlarge,az,ap-east-1,ape1-az2,1
2026-09-03T18:33:53Z,g5.xlarge,g5.xlarge,az,ap-northeast-2,apne2-az3,3
2026-09-03T18:33:53Z,g5.xlarge,g5.xlarge,az,us-east-1,use1-az2,1
2026-09-03T18:33:53Z,g5.xlarge,g5.xlarge,az,ap-northeast-2,apne2-az4,3
2026-09-03T18:33:53Z,g-xlarge-trio,g5.xlarge|g4dn.xlarge|g6.xlarge,region,us-east-1,,3
2026-09-03T18:33:53Z,g-xlarge-trio,g5.xlarge|g4dn.xlarge|g6.xlarge,region,ap-northeast-1,,9
2026-09-03T18:33:53Z,g-xlarge-trio,g5.xlarge|g4dn.xlarge|g6.xlarge,region,us-west-2,,4
2026-09-03T18:33:53Z,g-xlarge-trio,g5.xlarge|g4dn.xlarge|g6.xlarge,region,ap-northeast-2,,9
2026-09-03T18:33:53Z,g-xlarge-trio,g5.xlarge|g4dn.xlarge|g6.xlarge,region,us-east-2,,3
2026-09-03T18:33:53Z,g-xlarge-trio,g5.xlarge|g4dn.xlarge|g6.xlarge,region,ap-southeast-2,,3
2026-09-03T18:33:53Z,g-xlarge-trio,g5.xlarge|g4dn.xlarge|g6.xlarge,region,ap-southeast-3,,1
2026-09-03T18:33:53Z,g-xlarge-trio,g5.xlarge|g4dn.xlarge|g6.xlarge,region,ap-south-1,,3
2026-09-03T18:33:53Z,g-xlarge-trio,g5.xlarge|g4dn.xlarge|g6.xlarge,region,ap-east-1,,3
2026-09-03T18:33:53Z,g-xlarge-trio,g5.xlarge|g4dn.xlarge|g6.xlarge,az,ap-south-1,aps1-az1,3
2026-09-03T18:33:53Z,g-xlarge-trio,g5.xlarge|g4dn.xlarge|g6.xlarge,az,ap-east-1,ape1-az2,3
2026-09-03T18:33:53Z,g-xlarge-trio,g5.xlarge|g4dn.xlarge|g6.xlarge,az,ap-south-1,aps1-az3,3
2026-09-03T18:33:53Z,g-xlarge-trio,g5.xlarge|g4dn.xlarge|g6.xlarge,az,ap-southeast-2,apse2-az1,3
2026-09-03T18:33:53Z,g-xlarge-trio,g5.xlarge|g4dn.xlarge|g6.xlarge,az,ap-northeast-2,apne2-az2,3
2026-09-03T18:33:53Z,g-xlarge-trio,g5.xlarge|g4dn.xlarge|g6.xlarge,az,ap-southeast-2,apse2-az3,3
2026-09-03T18:33:53Z,g-xlarge-trio,g5.xlarge|g4dn.xlarge|g6.xlarge,az,ap-northeast-1,apne1-az4,9
2026-09-03T18:33:53Z,g-xlarge-trio,g5.xlarge|g4dn.xlarge|g6.xlarge,az,ap-northeast-2,apne2-az1,9
2026-09-03T18:33:53Z,g-xlarge-trio,g5.xlarge|g4dn.xlarge|g6.xlarge,az,ap-northeast-1,apne1-az1,3
2026-09-03T18:33:53Z,g-xlarge-trio,g5.xlarge|g4dn.xlarge|g6.xlarge,az,ap-northeast-2,apne2-az3,9
2026-09-03T21:40:17Z,g5.xlarge,g5.xlarge,region,us-west-2,,2
2026-09-03T21:40:17Z,g5.xlarge,g5.xlarge,region,ap-northeast-2,,3
2026-09-03T21:40:17Z,g5.xlarge,g5.xlarge,region,us-east-2,,1
2026-09-03T21:40:17Z,g5.xlarge,g5.xlarge,region,ap-southeast-2,,1
2026-09-03T21:40:17Z,g5.xlarge,g5.xlarge,region,ap-south-1,,3
2026-09-03T21:40:17Z,g5.xlarge,g5.xlarge,region,ap-east-1,,1
2026-09-03T21:40:17Z,g5.xlarge,g5.xlarge,region,ap-southeast-3,,3
2026-09-03T21:40:17Z,g5.xlarge,g5.xlarge,region,us-east-1,,2
2026-09-03T21:40:17Z,g5.xlarge,g5.xlarge,region,ap-northeast-1,,2
2026-09-03T21:40:17Z,g5.xlarge,g5.xlarge,az,ap-southeast-2,apse2-az1,1
2026-09-03T21:40:17Z,g5.xlarge,g5.xlarge,az,ap-south-1,aps1-az3,3
2026-09-03T21:40:17Z,g5.xlarge,g5.xlarge,az,ap-east-1,ape1-az2,1
2026-09-03T21:40:17Z,g5.xlarge,g5.xlarge,az,ap-southeast-2,apse2-az2,1
2026-09-03T21:40:17Z,g5.xlarge,g5.xlarge,az,us-west-2,usw2-az2,1
2026-09-03T21:40:17Z,g5.xlarge,g5.xlarge,az,ap-northeast-2,apne2-az4,3
2026-09-03T21:40:17Z,g5.xlarge,g5.xlarge,az,ap-northeast-1,apne1-az1,1
2026-09-03T21:40:17Z,g5.xlarge,g5.xlarge,az,ap-southeast-3,apse3-az3,3
2026-09-03T21:40:17Z,g5.xlarge,g5.xlarge,az,ap-northeast-2,apne2-az3,3
2026-09-03T21:40:17Z,g5.xlarge,g5.xlarge,az,ap-northeast-2,apne2-az1,3
2026-09-03T21:40:17Z,g-xlarge-trio,g5.xlarge|g4dn.xlarge|g6.xlarge,region,us-west-2,,4
2026-09-03T21:40:17Z,g-xlarge-trio,g5.xlarge|g4dn.xlarge|g6.xlarge,region,ap-northeast-1,,9
2026-09-03T21:40:17Z,g-xlarge-trio,g5.xlarge|g4dn.xlarge|g6.xlarge,region,us-east-1,,3
2026-09-03T21:40:17Z,g-xlarge-trio,g5.xlarge|g4dn.xlarge|g6.xlarge,region,us-east-2,,3
2026-09-03T21:40:17Z,g-xlarge-trio,g5.xlarge|g4dn.xlarge|g6.xlarge,region,ap-northeast-2,,9
2026-09-03T21:40:17Z,g-xlarge-trio,g5.xlarge|g4dn.xlarge|g6.xlarge,region,ap-southeast-2,,3
2026-09-03T21:40:17Z,g-xlarge-trio,g5.xlarge|g4dn.xlarge|g6.xlarge,region,ap-southeast-3,,3
2026-09-03T21:40:17Z,g-xlarge-trio,g5.xlarge|g4dn.xlarge|g6.xlarge,region,ap-south-1,,3
2026-09-03T21:40:17Z,g-xlarge-trio,g5.xlarge|g4dn.xlarge|g6.xlarge,region,ap-east-1,,3
2026-09-03T21:40:17Z,g-xlarge-trio,g5.xlarge|g4dn.xlarge|g6.xlarge,az,ap-east-1,ape1-az1,3
2026-09-03T21:40:17Z,g-xlarge-trio,g5.xlarge|g4dn.xlarge|g6.xlarge,az,ap-northeast-2,apne2-az3,9
2026-09-03T21:40:17Z,g-xlarge-trio,g5.xlarge|g4dn.xlarge|g6.xlarge,az,ap-east-1,ape1-az3,3
2026-09-03T21:40:17Z,g-xlarge-trio,g5.xlarge|g4dn.xlarge|g6.xlarge,az,ap-northeast-1,apne1-az4,9
2026-09-03T21:40:17Z,g-xlarge-trio,g5.xlarge|g4dn.xlarge|g6.xlarge,az,ap-south-1,aps1-az1,3
2026-09-03T21:40:17Z,g-xlarge-trio,g5.xlarge|g4dn.xlarge|g6.xlarge,az,ap-south-1,aps1-az3,3
2026-09-03T21:40:17Z,g-xlarge-trio,g5.xlarge|g4dn.xlarge|g6.xlarge,az,ap-northeast-2,apne2-az2,3
2026-09-03T21:40:17Z,g-xlarge-trio,g5.xlarge|g4dn.xlarge|g6.xlarge,az,ap-northeast-2,apne2-az1,9
2026-09-03T21:40:17Z,g-xlarge-trio,g5.xlarge|g4dn.xlarge|g6.xlarge,az,ap-northeast-1,apne1-az1,3
2026-09-03T21:40:17Z,g-xlarge-trio,g5.xlarge|g4dn.xlarge|g6.xlarge,az,ap-southeast-2,apse2-az1,3
2026-09-03T23:59:41Z,g5.xlarge,g5.xlarge,region,us-east-2,,1
2026-09-03T23:59:41Z,g5.xlarge,g5.xlarge,region,ap-northeast-2,,3
2026-09-03T23:59:41Z,g5.xlarge,g5.xlarge,region,ap-southeast-2,,1
2026-09-03T23:59:41Z,g5.xlarge,g5.xlarge,region,ap-south-1,,3
2026-09-03T23:59:41Z,g5.xlarge,g5.xlarge,region,ap-east-1,,1
2026-09-03T23:59:41Z,g5.xlarge,g5.xlarge,region,ap-northeast-1,,2
2026-09-03T23:59:41Z,g5.xlarge,g5.xlarge,region,us-west-2,,2
2026-09-03T23:59:41Z,g5.xlarge,g5.xlarge,region,us-east-1,,3
2026-09-03T23:59:41Z,g5.xlarge,g5.xlarge,region,ap-southeast-3,,1
2026-09-03T23:59:41Z,g5.xlarge,g5.xlarge,az,ap-south-1,aps1-az1,1
2026-09-03T23:59:41Z,g5.xlarge,g5.xlarge,az,us-east-1,use1-az6,1
2026-09-03T23:59:41Z,g5.xlarge,g5.xlarge,az,us-west-2,usw2-az3,1
2026-09-03T23:59:41Z,g5.xlarge,g5.xlarge,az,us-east-1,use1-az2,1
2026-09-03T23:59:41Z,g5.xlarge,g5.xlarge,az,ap-southeast-3,apse3-az1,1
2026-09-03T23:59:41Z,g5.xlarge,g5.xlarge,az,us-east-2,use2-az1,1
2026-09-03T23:59:41Z,g5.xlarge,g5.xlarge,az,ap-northeast-2,apne2-az1,3
2026-09-03T23:59:41Z,g5.xlarge,g5.xlarge,az,ap-northeast-2,apne2-az3,3
2026-09-03T23:59:41Z,g5.xlarge,g5.xlarge,az,ap-northeast-2,apne2-az4,3
2026-09-03T23:59:41Z,g5.xlarge,g5.xlarge,az,ap-south-1,aps1-az3,3
2026-09-03T23:59:41Z,g-xlarge-trio,g5.xlarge|g4dn.xlarge|g6.xlarge,region,us-west-2,,3
2026-09-03T23:59:41Z,g-xlarge-trio,g5.xlarge|g4dn.xlarge|g6.xlarge,region,ap-northeast-2,,9
2026-09-03T23:59:41Z,g-xlarge-trio,g5.xlarge|g4dn.xlarge|g6.xlarge,region,us-east-2,,2
2026-09-03T23:59:41Z,g-xlarge-trio,g5.xlarge|g4dn.xlarge|g6.xlarge,region,ap-southeast-2,,1
2026-09-03T23:59:41Z,g-xlarge-trio,g5.xlarge|g4dn.xlarge|g6.xlarge,region,ap-east-1,,3
2026-09-03T23:59:41Z,g-xlarge-trio,g5.xlarge|g4dn.xlarge|g6.xlarge,region,ap-south-1,,3
2026-09-03T23:59:41Z,g-xlarge-trio,g5.xlarge|g4dn.xlarge|g6.xlarge,region,ap-southeast-3,,1
2026-09-03T23:59:41Z,g-xlarge-trio,g5.xlarge|g4dn.xlarge|g6.xlarge,region,us-east-1,,5
2026-09-03T23:59:41Z,g-xlarge-trio,g5.xlarge|g4dn.xlarge|g6.xlarge,region,ap-northeast-1,,9
2026-09-03T23:59:41Z,g-xlarge-trio,g5.xlarge|g4dn.xlarge|g6.xlarge,az,ap-northeast-1,apne1-az4,9
2026-09-03T23:59:41Z,g-xlarge-trio,g5.xlarge|g4dn.xlarge|g6.xlarge,az,ap-northeast-2,apne2-az1,9
2026-09-03T23:59:41Z,g-xlarge-trio,g5.xlarge|g4dn.xlarge|g6.xlarge,az,ap-south-1,aps1-az2,3
2026-09-03T23:59:41Z,g-xlarge-trio,g5.xlarge|g4dn.xlarge|g6.xlarge,az,ap-east-1,ape1-az1,3
2026-09-03T23:59:41Z,g-xlarge-trio,g5.xlarge|g4dn.xlarge|g6.xlarge,az,ap-east-1,ape1-az2,3
2026-09-03T23:59:41Z,g-xlarge-trio,g5.xlarge|g4dn.xlarge|g6.xlarge,az,ap-south-1,aps1-az1,3
2026-09-03T23:59:41Z,g-xlarge-trio,g5.xlarge|g4dn.xlarge|g6.xlarge,az,ap-northeast-2,apne2-az3,9
2026-09-03T23:59:41Z,g-xlarge-trio,g5.xlarge|g4dn.xlarge|g6.xlarge,az,ap-northeast-1,apne1-az2,3
2026-09-03T23:59:41Z,g-xlarge-trio,g5.xlarge|g4dn.xlarge|g6.xlarge,az,ap-northeast-2,apne2-az4,3
2026-09-03T23:59:41Z,g-xlarge-trio,g5.xlarge|g4dn.xlarge|g6.xlarge,az,ap-east-1,ape1-az3,3
2026-09-04T04:22:05Z,g5.xlarge,g5.xlarge,region,ap-southeast-2,,1
2026-09-04T04:22:05Z,g5.xlarge,g5.xlarge,region,ap-south-1,,3
2026-09-04T04:22:05Z,g5.xlarge,g5.xlarge,region,ap-east-1,,1
2026-09-04T04:22:05Z,g5.xlarge,g5.xlarge,region,ap-southeast-3,,3
2026-09-04T04:22:05Z,g5.xlarge,g5.xlarge,region,us-east-1,,3
2026-09-04T04:22:05Z,g5.xlarge,g5.xlarge,region,ap-northeast-1,,1
2026-09-04T04:22:05Z,g5.xlarge,g5.xlarge,region,us-west-2,,2
2026-09-04T04:22:05Z,g5.xlarge,g5.xlarge,region,ap-northeast-2,,3
2026-09-04T04:22:05Z,g5.xlarge,g5.xlarge,region,us-east-2,,1
2026-09-04T04:22:05Z,g5.xlarge,g5.xlarge,az,us-west-2,usw2-az1,1
2026-09-04T04:22:05Z,g5.xlarge,g5.xlarge,az,us-east-1,use1-az5,1
2026-09-04T04:22:05Z,g5.xlarge,g5.xlarge,az,ap-northeast-1,apne1-az4,1
2026-09-04T04:22:05Z,g5.xlarge,g5.xlarge,az,us-east-2,use2-az3,1
2026-09-04T04:22:05Z,g5.xlarge,g5.xlarge,az,ap-northeast-2,apne2-az1,3
2026-09-04T04:22:05Z,g5.xlarge,g5.xlarge,az,ap-east-1,ape1-az1,1
2026-09-04T04:22:05Z,g5.xlarge,g5.xlarge,az,ap-northeast-2,apne2-az3,3
2026-09-04T04:22:05Z,g5.xlarge,g5.xlarge,az,ap-southeast-3,apse3-az3,3
2026-09-04T04:22:05Z,g5.xlarge,g5.xlarge,az,ap-south-1,aps1-az3,3
2026-09-04T04:22:05Z,g5.xlarge,g5.xlarge,az,ap-northeast-2,apne2-az4,3
2026-09-04T04:22:05Z,g-xlarge-trio,g5.xlarge|g4dn.xlarge|g6.xlarge,region,us-east-2,,3
2026-09-04T04:22:05Z,g-xlarge-trio,g5.xlarge|g4dn.xlarge|g6.xlarge,region,ap-northeast-2,,9
2026-09-04T04:22:05Z,g-xlarge-trio,g5.xlarge|g4dn.xlarge|g6.xlarge,region,ap-southeast-2,,1
2026-09-04T04:22:05Z,g-xlarge-trio,g5.xlarge|g4dn.xlarge|g6.xlarge,region,ap-south-1,,3
2026-09-04T04:22:05Z,g-xlarge-trio,g5.xlarge|g4dn.xlarge|g6.xlarge,region,ap-east-1,,3
2026-09-04T04:22:05Z,g-xlarge-trio,g5.xlarge|g4dn.xlarge|g6.xlarge,region,us-west-2,,4
2026-09-04T04:22:05Z,g-xlarge-trio,g5.xlarge|g4dn.xlarge|g6.xlarge,region,ap-northeast-1,,1
2026-09-04T04:22:05Z,g-xlarge-trio,g5.xlarge|g4dn.xlarge|g6.xlarge,region,us-east-1,,6
2026-09-04T04:22:05Z,g-xlarge-trio,g5.xlarge|g4dn.xlarge|g6.xlarge,region,ap-southeast-3,,3
2026-09-04T04:22:05Z,g-xlarge-trio,g5.xlarge|g4dn.xlarge|g6.xlarge,az,ap-south-1,aps1-az1,3
2026-09-04T04:22:05Z,g-xlarge-trio,g5.xlarge|g4dn.xlarge|g6.xlarge,az,ap-east-1,ape1-az2,3
2026-09-04T04:22:05Z,g-xlarge-trio,g5.xlarge|g4dn.xlarge|g6.xlarge,az,ap-south-1,aps1-az3,3
2026-09-04T04:22:05Z,g-xlarge-trio,g5.xlarge|g4dn.xlarge|g6.xlarge,az,ap-northeast-2,apne2-az4,3
2026-09-04T04:22:05Z,g-xlarge-trio,g5.xlarge|g4dn.xlarge|g6.xlarge,az,ap-east-1,ape1-az3,3
2026-09-04T04:22:05Z,g-xlarge-trio,g5.xlarge|g4dn.xlarge|g6.xlarge,az,ap-northeast-2,apne2-az2,3
2026-09-04T04:22:05Z,g-xlarge-trio,g5.xlarge|g4dn.xlarge|g6.xlarge,az,ap-east-1,ape1-az1,3
2026-09-04T04:22:05Z,g-xlarge-trio,g5.xlarge|g4dn.xlarge|g6.xlarge,az,ap-south-1,aps1-az2,3
2026-09-04T04:22:05Z,g-xlarge-trio,g5.xlarge|g4dn.xlarge|g6.xlarge,az,ap-northeast-2,apne2-az1,9
2026-09-04T04:22:05Z,g-xlarge-trio,g5.xlarge|g4dn.xlarge|g6.xlarge,az,ap-northeast-2,apne2-az3,9
2026-09-04T09:32:50Z,g5.xlarge,g5.xlarge,region,us-west-2,,2
2026-09-04T09:32:50Z,g5.xlarge,g5.xlarge,region,ap-northeast-2,,3
2026-09-04T09:32:50Z,g5.xlarge,g5.xlarge,region,us-east-2,,1
2026-09-04T09:32:50Z,g5.xlarge,g5.xlarge,region,ap-southeast-2,,1
2026-09-04T09:32:50Z,g5.xlarge,g5.xlarge,region,ap-south-1,,2
2026-09-04T09:32:50Z,g5.xlarge,g5.xlarge,region,ap-east-1,,1
2026-09-04T09:32:50Z,g5.xlarge,g5.xlarge,region,ap-southeast-3,,1
2026-09-04T09:32:50Z,g5.xlarge,g5.xlarge,region,us-east-1,,3
2026-09-04T09:32:50Z,g5.xlarge,g5.xlarge,region,ap-northeast-1,,1
2026-09-04T09:32:50Z,g5.xlarge,g5.xlarge,az,ap-south-1,aps1-az3,1
2026-09-04T09:32:50Z,g5.xlarge,g5.xlarge,az,ap-east-1,ape1-az2,1
2026-09-04T09:32:50Z,g5.xlarge,g5.xlarge,az,ap-southeast-2,apse2-az1,1
2026-09-04T09:32:50Z,g5.xlarge,g5.xlarge,az,ap-northeast-2,apne2-az1,3
2026-09-04T09:32:50Z,g5.xlarge,g5.xlarge,az,ap-northeast-1,apne1-az1,1
2026-09-04T09:32:50Z,g5.xlarge,g5.xlarge,az,us-east-1,use1-az5,1
2026-09-04T09:32:50Z,g5.xlarge,g5.xlarge,az,us-east-2,use2-az3,1
2026-09-04T09:32:50Z,g5.xlarge,g5.xlarge,az,ap-southeast-3,apse3-az3,1
2026-09-04T09:32:50Z,g5.xlarge,g5.xlarge,az,ap-northeast-2,apne2-az3,3
2026-09-04T09:32:50Z,g5.xlarge,g5.xlarge,az,ap-northeast-2,apne2-az4,3
2026-09-04T09:32:50Z,g-xlarge-trio,g5.xlarge|g4dn.xlarge|g6.xlarge,region,ap-southeast-2,,1
2026-09-04T09:32:50Z,g-xlarge-trio,g5.xlarge|g4dn.xlarge|g6.xlarge,region,ap-south-1,,3
2026-09-04T09:32:50Z,g-xlarge-trio,g5.xlarge|g4dn.xlarge|g6.xlarge,region,ap-east-1,,3
2026-09-04T09:32:50Z,g-xlarge-trio,g5.xlarge|g4dn.xlarge|g6.xlarge,region,ap-southeast-3,,1
2026-09-04T09:32:50Z,g-xlarge-trio,g5.xlarge|g4dn.xlarge|g6.xlarge,region,us-east-1,,5
2026-09-04T09:32:50Z,g-xlarge-trio,g5.xlarge|g4dn.xlarge|g6.xlarge,region,ap-northeast-1,,2
2026-09-04T09:32:50Z,g-xlarge-trio,g5.xlarge|g4dn.xlarge|g6.xlarge,region,us-west-2,,4
2026-09-04T09:32:50Z,g-xlarge-trio,g5.xlarge|g4dn.xlarge|g6.xlarge,region,ap-northeast-2,,9
2026-09-04T09:32:50Z,g-xlarge-trio,g5.xlarge|g4dn.xlarge|g6.xlarge,region,us-east-2,,9
2026-09-04T09:32:50Z,g-xlarge-trio,g5.xlarge|g4dn.xlarge|g6.xlarge,az,us-west-2,usw2-az3,2
2026-09-04T09:32:50Z,g-xlarge-trio,g5.xlarge|g4dn.xlarge|g6.xlarge,az,ap-east-1,ape1-az2,3
2026-09-04T09:32:50Z,g-xlarge-trio,g5.xlarge|g4dn.xlarge|g6.xlarge,az,ap-northeast-2,apne2-az4,3
2026-09-04T09:32:50Z,g-xlarge-trio,g5.xlarge|g4dn.xlarge|g6.xlarge,az,ap-northeast-2,apne2-az3,9
2026-09-04T09:32:50Z,g-xlarge-trio,g5.xlarge|g4dn.xlarge|g6.xlarge,az,ap-east-1,ape1-az1,3
2026-09-04T09:32:50Z,g-xlarge-trio,g5.xlarge|g4dn.xlarge|g6.xlarge,az,ap-south-1,aps1-az2,3
2026-09-04T09:32:50Z,g-xlarge-trio,g5.xlarge|g4dn.xlarge|g6.xlarge,az,us-east-2,use2-az3,9
2026-09-04T09:32:50Z,g-xlarge-trio,g5.xlarge|g4dn.xlarge|g6.xlarge,az,ap-northeast-2,apne2-az1,9
2026-09-04T09:32:50Z,g-xlarge-trio,g5.xlarge|g4dn.xlarge|g6.xlarge,az,ap-east-1,ape1-az3,3
2026-09-04T09:32:50Z,g-xlarge-trio,g5.xlarge|g4dn.xlarge|g6.xlarge,az,us-east-2,use2-az2,9
2026-09-04T14:16:43Z,g5.xlarge,g5.xlarge,region,us-west-2,,2
2026-09-04T14:16:43Z,g5.xlarge,g5.xlarge,region,ap-northeast-1,,3
2026-09-04T14:16:43Z,g5.xlarge,g5.xlarge,region,us-east-1,,2
2026-09-04T14:16:43Z,g5.xlarge,g5.xlarge,region,us-east-2,,1
2026-09-04T14:16:43Z,g5.xlarge,g5.xlarge,region,ap-northeast-2,,3
2026-09-04T14:16:43Z,g5.xlarge,g5.xlarge,region,ap-southeast-2,,1
2026-09-04T14:16:43Z,g5.xlarge,g5.xlarge,region,ap-southeast-3,,3
2026-09-04T14:16:43Z,g5.xlarge,g5.xlarge,region,ap-south-1,,2
2026-09-04T14:16:43Z,g5.xlarge,g5.xlarge,region,ap-east-1,,1
2026-09-04T14:16:43Z,g5.xlarge,g5.xlarge,az,us-east-2,use2-az1,1
2026-09-04T14:16:43Z,g5.xlarge,g5.xlarge,az,ap-south-1,aps1-az1,1
2026-09-04T14:16:43Z,g5.xlarge,g5.xlarge,az,us-west-2,usw2-az3,1
2026-09-04T14:16:43Z,g5.xlarge,g5.xlarge,az,ap-northeast-1,apne1-az4,3
2026-09-04T14:16:43Z,g5.xlarge,g5.xlarge,az,us-east-2,use2-az2,1
2026-09-04T14:16:43Z,g5.xlarge,g5.xlarge,az,us-east-1,use1-az6,1
2026-09-04T14:16:43Z,g5.xlarge,g5.xlarge,az,ap-northeast-2,apne2-az4,3
2026-09-04T14:16:43Z,g5.xlarge,g5.xlarge,az,ap-northeast-2,apne2-az3,3
2026-09-04T14:16:43Z,g5.xlarge,g5.xlarge,az,ap-southeast-3,apse3-az3,3
2026-09-04T14:16:43Z,g5.xlarge,g5.xlarge,az,ap-northeast-2,apne2-az1,3
2026-09-04T14:16:43Z,g-xlarge-trio,g5.xlarge|g4dn.xlarge|g6.xlarge,region,ap-south-1,,3
2026-09-04T14:16:43Z,g-xlarge-trio,g5.xlarge|g4dn.xlarge|g6.xlarge,region,ap-east-1,,3
2026-09-04T14:16:43Z,g-xlarge-trio,g5.xlarge|g4dn.xlarge|g6.xlarge,region,us-west-2,,5
2026-09-04T14:16:43Z,g-xlarge-trio,g5.xlarge|g4dn.xlarge|g6.xlarge,region,ap-northeast-1,,9
2026-09-04T14:16:43Z,g-xlarge-trio,g5.xlarge|g4dn.xlarge|g6.xlarge,region,us-east-1,,4
2026-09-04T14:16:43Z,g-xlarge-trio,g5.xlarge|g4dn.xlarge|g6.xlarge,region,ap-southeast-3,,3
2026-09-04T14:16:43Z,g-xlarge-trio,g5.xlarge|g4dn.xlarge|g6.xlarge,region,us-east-2,,3
2026-09-04T14:16:43Z,g-xlarge-trio,g5.xlarge|g4dn.xlarge|g6.xlarge,region,ap-northeast-2,,9
2026-09-04T14:16:43Z,g-xlarge-trio,g5.xlarge|g4dn.xlarge|g6.xlarge,region,ap-southeast-2,,3
2026-09-04T14:16:43Z,g-xlarge-trio,g5.xlarge|g4dn.xlarge|g6.xlarge,az,ap-east-1,ape1-az2,3
2026-09-04T14:16:43Z,g-xlarge-trio,g5.xlarge|g4dn.xlarge|g6.xlarge,az,ap-southeast-2,apse2-az1,3
2026-09-04T14:16:43Z,g-xlarge-trio,g5.xlarge|g4dn.xlarge|g6.xlarge,az,ap-northeast-2,apne2-az2,3
2026-09-04T14:16:43Z,g-xlarge-trio,g5.xlarge|g4dn.xlarge|g6.xlarge,az,ap-southeast-2,apse2-az3,3
2026-09-04T14:16:43Z,g-xlarge-trio,g5.xlarge|g4dn.xlarge|g6.xlarge,az,ap-east-1,ape1-az1,3
2026-09-04T14:16:43Z,g-xlarge-trio,g5.xlarge|g4dn.xlarge|g6.xlarge,az,ap-northeast-1,apne1-az4,9
2026-09-04T14:16:43Z,g-xlarge-trio,g5.xlarge|g4dn.xlarge|g6.xlarge,az,ap-northeast-2,apne2-az1,9
2026-09-04T14:16:43Z,g-xlarge-trio,g5.xlarge|g4dn.xlarge|g6.xlarge,az,ap-northeast-1,apne1-az1,3
2026-09-04T14:16:43Z,g-xlarge-trio,g5.xlarge|g4dn.xlarge|g6.xlarge,az,ap-northeast-1,apne1-az2,3
2026-09-04T14:16:43Z,g-xlarge-trio,g5.xlarge|g4dn.xlarge|g6.xlarge,az,ap-northeast-2,apne2-az3,9
2026-09-04T18:19:35Z,g5.xlarge,g5.xlarge,region,ap-south-1,,3
2026-09-04T18:19:35Z,g5.xlarge,g5.xlarge,region,ap-east-1,,1
2026-09-04T18:19:35Z,g5.xlarge,g5.xlarge,region,us-west-2,,2
2026-09-04T18:19:35Z,g5.xlarge,g5.xlarge,region,ap-northeast-1,,1
2026-09-04T18:19:35Z,g5.xlarge,g5.xlarge,region,us-east-1,,1
2026-09-04T18:19:35Z,g5.xlarge,g5.xlarge,region,ap-southeast-3,,3
2026-09-04T18:19:35Z,g5.xlarge,g5.xlarge,region,us-east-2,,1
2026-09-04T18:19:35Z,g5.xlarge,g5.xlarge,region,ap-northeast-2,,3
2026-09-04T18:19:35Z,g5.xlarge,g5.xlarge,region,ap-southeast-2,,1
2026-09-04T18:19:35Z,g5.xlarge,g5.xlarge,az,ap-south-1,aps1-az3,3
2026-09-04T18:19:35Z,g5.xlarge,g5.xlarge,az,ap-east-1,ape1-az2,1
2026-09-04T18:19:35Z,g5.xlarge,g5.xlarge,az,ap-south-1,aps1-az1,2
2026-09-04T18:19:35Z,g5.xlarge,g5.xlarge,az,ap-southeast-2,apse2-az1,1
2026-09-04T18:19:35Z,g5.xlarge,g5.xlarge,az,ap-northeast-2,apne2-az1,3
2026-09-04T18:19:35Z,g5.xlarge,g5.xlarge,az,ap-northeast-1,apne1-az1,1
2026-09-04T18:19:35Z,g5.xlarge,g5.xlarge,az,us-east-1,use1-az5,1
2026-09-04T18:19:35Z,g5.xlarge,g5.xlarge,az,ap-southeast-3,apse3-az3,3
2026-09-04T18:19:35Z,g5.xlarge,g5.xlarge,az,ap-northeast-2,apne2-az3,3
2026-09-04T18:19:35Z,g5.xlarge,g5.xlarge,az,ap-northeast-2,apne2-az4,3
2026-09-04T18:19:35Z,g-xlarge-trio,g5.xlarge|g4dn.xlarge|g6.xlarge,region,us-west-2,,3
2026-09-04T18:19:35Z,g-xlarge-trio,g5.xlarge|g4dn.xlarge|g6.xlarge,region,ap-northeast-1,,9
2026-09-04T18:19:35Z,g-xlarge-trio,g5.xlarge|g4dn.xlarge|g6.xlarge,region,us-east-1,,2
2026-09-04T18:19:35Z,g-xlarge-trio,g5.xlarge|g4dn.xlarge|g6.xlarge,region,us-east-2,,3
2026-09-04T18:19:35Z,g-xlarge-trio,g5.xlarge|g4dn.xlarge|g6.xlarge,region,ap-northeast-2,,9
2026-09-04T18:19:35Z,g-xlarge-trio,g5.xlarge|g4dn.xlarge|g6.xlarge,region,ap-southeast-2,,3
2026-09-04T18:19:35Z,g-xlarge-trio,g5.xlarge|g4dn.xlarge|g6.xlarge,region,ap-southeast-3,,3
2026-09-04T18:19:35Z,g-xlarge-trio,g5.xlarge|g4dn.xlarge|g6.xlarge,region,ap-south-1,,3
2026-09-04T18:19:35Z,g-xlarge-trio,g5.xlarge|g4dn.xlarge|g6.xlarge,region,ap-east-1,,3
2026-09-04T18:19:35Z,g-xlarge-trio,g5.xlarge|g4dn.xlarge|g6.xlarge,az,ap-south-1,aps1-az1,3
2026-09-04T18:19:35Z,g-xlarge-trio,g5.xlarge|g4dn.xlarge|g6.xlarge,az,ap-northeast-2,apne2-az1,9
2026-09-04T18:19:35Z,g-xlarge-trio,g5.xlarge|g4dn.xlarge|g6.xlarge,az,ap-southeast-3,apse3-az3,3
2026-09-04T18:19:35Z,g-xlarge-trio,g5.xlarge|g4dn.xlarge|g6.xlarge,az,ap-northeast-1,apne1-az2,3
2026-09-04T18:19:35Z,g-xlarge-trio,g5.xlarge|g4dn.xlarge|g6.xlarge,az,ap-northeast-2,apne2-az3,9
2026-09-04T18:19:35Z,g-xlarge-trio,g5.xlarge|g4dn.xlarge|g6.xlarge,az,ap-northeast-1,apne1-az4,9
2026-09-04T18:19:35Z,g-xlarge-trio,g5.xlarge|g4dn.xlarge|g6.xlarge,az,ap-east-1,ape1-az3,3
2026-09-04T18:19:35Z,g-xlarge-trio,g5.xlarge|g4dn.xlarge|g6.xlarge,az,ap-southeast-2,apse2-az3,3
2026-09-04T18:19:35Z,g-xlarge-trio,g5.xlarge|g4dn.xlarge|g6.xlarge,az,ap-south-1,aps1-az3,3
2026-09-04T18:19:35Z,g-xlarge-trio,g5.xlarge|g4dn.xlarge|g6.xlarge,az,ap-southeast-2,apse2-az2,3
2026-09-04T21:23:14Z,g5.xlarge,g5.xlarge,region,ap-southeast-2,,1
2026-09-04T21:23:14Z,g5.xlarge,g5.xlarge,region,ap-south-1,,3
2026-09-04T21:23:14Z,g5.xlarge,g5.xlarge,region,ap-east-1,,1
2026-09-04T21:23:14Z,g5.xlarge,g5.xlarge,region,ap-southeast-3,,3
2026-09-04T21:23:14Z,g5.xlarge,g5.xlarge,region,ap-northeast-1,,1
2026-09-04T21:23:14Z,g5.xlarge,g5.xlarge,region,us-east-1,,1
2026-09-04T21:23:14Z,g5.xlarge,g5.xlarge,region,us-west-2,,2
2026-09-04T21:23:14Z,g5.xlarge,g5.xlarge,region,ap-northeast-2,,3
2026-09-04T21:23:14Z,g5.xlarge,g5.xlarge,region,us-east-2,,1
2026-09-04T21:23:14Z,g5.xlarge,g5.xlarge,az,us-west-2,usw2-az1,1
2026-09-04T21:23:14Z,g5.xlarge,g5.xlarge,az,us-east-1,use1-az5,1
2026-09-04T21:23:14Z,g5.xlarge,g5.xlarge,az,ap-northeast-1,apne1-az4,1
2026-09-04T21:23:14Z,g5.xlarge,g5.xlarge,az,us-east-2,use2-az3,1
2026-09-04T21:23:14Z,g5.xlarge,g5.xlarge,az,ap-northeast-2,apne2-az1,3
2026-09-04T21:23:14Z,g5.xlarge,g5.xlarge,az,ap-east-1,ape1-az1,1
2026-09-04T21:23:14Z,g5.xlarge,g5.xlarge,az,ap-northeast-2,apne2-az3,3
2026-09-04T21:23:14Z,g5.xlarge,g5.xlarge,az,ap-southeast-3,apse3-az3,3
2026-09-04T21:23:14Z,g5.xlarge,g5.xlarge,az,ap-south-1,aps1-az3,3
2026-09-04T21:23:14Z,g5.xlarge,g5.xlarge,az,ap-northeast-2,apne2-az4,3
2026-09-04T21:23:14Z,g-xlarge-trio,g5.xlarge|g4dn.xlarge|g6.xlarge,region,us-west-2,,4
2026-09-04T21:23:14Z,g-xlarge-trio,g5.xlarge|g4dn.xlarge|g6.xlarge,region,ap-northeast-2,,9
2026-09-04T21:23:14Z,g-xlarge-trio,g5.xlarge|g4dn.xlarge|g6.xlarge,region,us-east-2,,8
2026-09-04T21:23:14Z,g-xlarge-trio,g5.xlarge|g4dn.xlarge|g6.xlarge,region,ap-southeast-2,,1
2026-09-04T21:23:14Z,g-xlarge-trio,g5.xlarge|g4dn.xlarge|g6.xlarge,region,ap-east-1,,3
2026-09-04T21:23:14Z,g-xlarge-trio,g5.xlarge|g4dn.xlarge|g6.xlarge,region,ap-south-1,,3
2026-09-04T21:23:14Z,g-xlarge-trio,g5.xlarge|g4dn.xlarge|g6.xlarge,region,ap-southeast-3,,3
2026-09-04T21:23:14Z,g-xlarge-trio,g5.xlarge|g4dn.xlarge|g6.xlarge,region,us-east-1,,5
2026-09-04T21:23:14Z,g-xlarge-trio,g5.xlarge|g4dn.xlarge|g6.xlarge,region,ap-northeast-1,,9
2026-09-04T21:23:14Z,g-xlarge-trio,g5.xlarge|g4dn.xlarge|g6.xlarge,az,ap-northeast-2,apne2-az1,9
2026-09-04T21:23:14Z,g-xlarge-trio,g5.xlarge|g4dn.xlarge|g6.xlarge,az,ap-northeast-1,apne1-az1,3
2026-09-04T21:23:14Z,g-xlarge-trio,g5.xlarge|g4dn.xlarge|g6.xlarge,az,ap-southeast-3,apse3-az3,3
2026-09-04T21:23:14Z,g-xlarge-trio,g5.xlarge|g4dn.xlarge|g6.xlarge,az,us-east-2,use2-az3,3
2026-09-04T21:23:14Z,g-xlarge-trio,g5.xlarge|g4dn.xlarge|g6.xlarge,az,ap-northeast-2,apne2-az3,9
2026-09-04T21:23:14Z,g-xlarge-trio,g5.xlarge|g4dn.xlarge|g6.xlarge,az,ap-east-1,ape1-az1,3
2026-09-04T21:23:14Z,g-xlarge-trio,g5.xlarge|g4dn.xlarge|g6.xlarge,az,ap-south-1,aps1-az2,3
2026-09-04T21:23:14Z,g-xlarge-trio,g5.xlarge|g4dn.xlarge|g6.xlarge,az,ap-northeast-1,apne1-az4,9
2026-09-04T21:23:14Z,g-xlarge-trio,g5.xlarge|g4dn.xlarge|g6.xlarge,az,ap-northeast-2,apne2-az4,3
2026-09-04T21:23:14Z,g-xlarge-trio,g5.xlarge|g4dn.xlarge|g6.xlarge,az,ap-east-1,ape1-az3,3
2026-09-04T23:58:16Z,g5.xlarge,g5.xlarge,region,us-west-2,,2
2026-09-04T23:58:16Z,g5.xlarge,g5.xlarge,region,ap-northeast-2,,3
2026-09-04T23:58:16Z,g5.xlarge,g5.xlarge,region,us-east-2,,1
2026-09-04T23:58:16Z,g5.xlarge,g5.xlarge,region,ap-southeast-2,,1
2026-09-04T23:58:16Z,g5.xlarge,g5.xlarge,region,ap-south-1,,3
2026-09-04T23:58:16Z,g5.xlarge,g5.xlarge,region,ap-east-1,,1
2026-09-04T23:58:16Z,g5.xlarge,g5.xlarge,region,ap-southeast-3,,3
2026-09-04T23:58:16Z,g5.xlarge,g5.xlarge,region,us-east-1,,3
2026-09-04T23:58:16Z,g5.xlarge,g5.xlarge,region,ap-northeast-1,,3
2026-09-04T23:58:16Z,g5.xlarge,g5.xlarge,az,us-east-1,use1-az1,1
2026-09-04T23:58:16Z,g5.xlarge,g5.xlarge,az,ap-northeast-2,apne2-az3,3
2026-09-04T23:58:16Z,g5.xlarge,g5.xlarge,az,us-east-1,use1-az4,1
2026-09-04T23:58:16Z,g5.xlarge,g5.xlarge,az,ap-southeast-2,apse2-az2,1
2026-09-04T23:58:16Z,g5.xlarge,g5.xlarge,az,ap-northeast-1,apne1-az4,3
2026-09-04T23:58:16Z,g5.xlarge,g5.xlarge,az,ap-south-1,aps1-az1,3
2026-09-04T23:58:16Z,g5.xlarge,g5.xlarge,az,ap-south-1,aps1-az3,3
2026-09-04T23:58:16Z,g5.xlarge,g5.xlarge,az,ap-northeast-2,apne2-az4,3
2026-09-04T23:58:16Z,g5.xlarge,g5.xlarge,az,ap-northeast-2,apne2-az1,3
2026-09-04T23:58:16Z,g5.xlarge,g5.xlarge,az,ap-southeast-3,apse3-az3,3
2026-09-04T23:58:16Z,g-xlarge-trio,g5.xlarge|g4dn.xlarge|g6.xlarge,region,ap-northeast-2,,9
2026-09-04T23:58:16Z,g-xlarge-trio,g5.xlarge|g4dn.xlarge|g6.xlarge,region,us-east-2,,2
2026-09-04T23:58:16Z,g-xlarge-trio,g5.xlarge|g4dn.xlarge|g6.xlarge,region,ap-southeast-2,,3
2026-09-04T23:58:16Z,g-xlarge-trio,g5.xlarge|g4dn.xlarge|g6.xlarge,region,us-east-1,,6
2026-09-04T23:58:16Z,g-xlarge-trio,g5.xlarge|g4dn.xlarge|g6.xlarge,region,ap-northeast-1,,9
2026-09-04T23:58:16Z,g-xlarge-trio,g5.xlarge|g4dn.xlarge|g6.xlarge,region,us-west-2,,5
2026-09-04T23:58:16Z,g-xlarge-trio,g5.xlarge|g4dn.xlarge|g6.xlarge,region,ap-south-1,,3
2026-09-04T23:58:16Z,g-xlarge-trio,g5.xlarge|g4dn.xlarge|g6.xlarge,region,ap-east-1,,3
2026-09-04T23:58:16Z,g-xlarge-trio,g5.xlarge|g4dn.xlarge|g6.xlarge,region,ap-southeast-3,,3
2026-09-04T23:58:16Z,g-xlarge-trio,g5.xlarge|g4dn.xlarge|g6.xlarge,az,ap-northeast-2,apne2-az1,9
2026-09-04T23:58:16Z,g-xlarge-trio,g5.xlarge|g4dn.xlarge|g6.xlarge,az,ap-northeast-1,apne1-az1,3
2026-09-04T23:58:16Z,g-xlarge-trio,g5.xlarge|g4dn.xlarge|g6.xlarge,az,ap-southeast-3,apse3-az3,3
2026-09-04T23:58:16Z,g-xlarge-trio,g5.xlarge|g4dn.xlarge|g6.xlarge,az,ap-northeast-2,apne2-az3,9
2026-09-04T23:58:16Z,g-xlarge-trio,g5.xlarge|g4dn.xlarge|g6.xlarge,az,ap-east-1,ape1-az1,3
2026-09-04T23:58:16Z,g-xlarge-trio,g5.xlarge|g4dn.xlarge|g6.xlarge,az,ap-southeast-2,apse2-az3,3
2026-09-04T23:58:16Z,g-xlarge-trio,g5.xlarge|g4dn.xlarge|g6.xlarge,az,ap-south-1,aps1-az2,3
2026-09-04T23:58:16Z,g-xlarge-trio,g5.xlarge|g4dn.xlarge|g6.xlarge,az,ap-northeast-1,apne1-az4,9
2026-09-04T23:58:16Z,g-xlarge-trio,g5.xlarge|g4dn.xlarge|g6.xlarge,az,ap-northeast-2,apne2-az4,3
2026-09-04T23:58:16Z,g-xlarge-trio,g5.xlarge|g4dn.xlarge|g6.xlarge,az,ap-east-1,ape1-az3,3
2026-09-05T04:17:42Z,g5.xlarge,g5.xlarge,region,us-east-1,,1
2026-09-05T04:17:42Z,g5.xlarge,g5.xlarge,region,ap-northeast-1,,3
2026-09-05T04:17:42Z,g5.xlarge,g5.xlarge,region,us-west-2,,2
2026-09-05T04:17:42Z,g5.xlarge,g5.xlarge,region,ap-northeast-2,,3
2026-09-05T04:17:42Z,g5.xlarge,g5.xlarge,region,us-east-2,,1
2026-09-05T04:17:42Z,g5.xlarge,g5.xlarge,region,ap-southeast-3,,3
2026-09-05T04:17:42Z,g5.xlarge,g5.xlarge,region,ap-southeast-2,,1
2026-09-05T04:17:42Z,g5.xlarge,g5.xlarge,region,ap-south-1,,3
2026-09-05T04:17:42Z,g5.xlarge,g5.xlarge,region,ap-east-1,,1
2026-09-05T04:17:42Z,g5.xlarge,g5.xlarge,az,ap-south-1,aps1-az1,3
2026-09-05T04:17:42Z,g5.xlarge,g5.xlarge,az,us-west-2,usw2-az3,1
2026-09-05T04:17:42Z,g5.xlarge,g5.xlarge,az,ap-south-1,aps1-az3,3
2026-09-05T04:17:42Z,g5.xlarge,g5.xlarge,az,us-east-2,use2-az1,1
2026-09-05T04:17:42Z,g5.xlarge,g5.xlarge,az,us-east-2,use2-az2,1
2026-09-05T04:17:42Z,g5.xlarge,g5.xlarge,az,ap-northeast-2,apne2-az4,3
2026-09-05T04:17:42Z,g5.xlarge,g5.xlarge,az,ap-northeast-1,apne1-az4,3
2026-09-05T04:17:42Z,g5.xlarge,g5.xlarge,az,ap-northeast-2,apne2-az1,3
2026-09-05T04:17:42Z,g5.xlarge,g5.xlarge,az,ap-southeast-3,apse3-az3,3
2026-09-05T04:17:42Z,g5.xlarge,g5.xlarge,az,ap-northeast-2,apne2-az3,3
2026-09-05T04:17:42Z,g-xlarge-trio,g5.xlarge|g4dn.xlarge|g6.xlarge,region,us-west-2,,4
2026-09-05T04:17:42Z,g-xlarge-trio,g5.xlarge|g4dn.xlarge|g6.xlarge,region,ap-northeast-2,,9
2026-09-05T04:17:42Z,g-xlarge-trio,g5.xlarge|g4dn.xlarge|g6.xlarge,region,us-east-2,,9
2026-09-05T04:17:42Z,g-xlarge-trio,g5.xlarge|g4dn.xlarge|g6.xlarge,region,ap-southeast-2,,3
2026-09-05T04:17:42Z,g-xlarge-trio,g5.xlarge|g4dn.xlarge|g6.xlarge,region,ap-east-1,,3
2026-09-05T04:17:42Z,g-xlarge-trio,g5.xlarge|g4dn.xlarge|g6.xlarge,region,ap-south-1,,3
2026-09-05T04:17:42Z,g-xlarge-trio,g5.xlarge|g4dn.xlarge|g6.xlarge,region,ap-southeast-3,,3
2026-09-05T04:17:42Z,g-xlarge-trio,g5.xlarge|g4dn.xlarge|g6.xlarge,region,us-east-1,,5
2026-09-05T04:17:42Z,g-xlarge-trio,g5.xlarge|g4dn.xlarge|g6.xlarge,region,ap-northeast-1,,9
2026-09-05T04:17:42Z,g-xlarge-trio,g5.xlarge|g4dn.xlarge|g6.xlarge,az,ap-east-1,ape1-az2,3
2026-09-05T04:17:42Z,g-xlarge-trio,g5.xlarge|g4dn.xlarge|g6.xlarge,az,us-east-2,use2-az1,9
2026-09-05T04:17:42Z,g-xlarge-trio,g5.xlarge|g4dn.xlarge|g6.xlarge,az,ap-northeast-1,apne1-az4,9
2026-09-05T04:17:42Z,g-xlarge-trio,g5.xlarge|g4dn.xlarge|g6.xlarge,az,ap-northeast-2,apne2-az2,3
2026-09-05T04:17:42Z,g-xlarge-trio,g5.xlarge|g4dn.xlarge|g6.xlarge,az,us-east-2,use2-az2,9
2026-09-05T04:17:42Z,g-xlarge-trio,g5.xlarge|g4dn.xlarge|g6.xlarge,az,ap-south-1,aps1-az2,3
2026-09-05T04:17:42Z,g-xlarge-trio,g5.xlarge|g4dn.xlarge|g6.xlarge,az,us-east-2,use2-az3,9
2026-09-05T04:17:42Z,g-xlarge-trio,g5.xlarge|g4dn.xlarge|g6.xlarge,az,ap-northeast-2,apne2-az3,9
2026-09-05T04:17:42Z,g-xlarge-trio,g5.xlarge|g4dn.xlarge|g6.xlarge,az,ap-northeast-1,apne1-az1,9
2026-09-05T04:17:42Z,g-xlarge-trio,g5.xlarge|g4dn.xlarge|g6.xlarge,az,ap-northeast-2,apne2-az1,9
2026-09-05T08:59:06Z,g5.xlarge,g5.xlarge,region,ap-south-1,,3
2026-09-05T08:59:06Z,g5.xlarge,g5.xlarge,region,ap-east-1,,1
2026-09-05T08:59:06Z,g5.xlarge,g5.xlarge,region,ap-southeast-2,,1
2026-09-05T08:59:06Z,g5.xlarge,g5.xlarge,region,ap-northeast-2,,3
2026-09-05T08:59:06Z,g5.xlarge,g5.xlarge,region,us-east-2,,1
2026-09-05T08:59:06Z,g5.xlarge,g5.xlarge,region,ap-southeast-3,,3
2026-09-05T08:59:06Z,g5.xlarge,g5.xlarge,region,us-east-1,,3
2026-09-05T08:59:06Z,g5.xlarge,g5.xlarge,region,ap-northeast-1,,3
2026-09-05T08:59:06Z,g5.xlarge,g5.xlarge,region,us-west-2,,2
2026-09-05T08:59:06Z,g5.xlarge,g5.xlarge,az,us-east-1,use1-az1,1
2026-09-05T08:59:06Z,g5.xlarge,g5.xlarge,az,ap-northeast-2,apne2-az3,3
2026-09-05T08:59:06Z,g5.xlarge,g5.xlarge,az,us-east-1,use1-az4,1
2026-09-05T08:59:06Z,g5.xlarge,g5.xlarge,az,ap-southeast-2,apse2-az2,1
2026-09-05T08:59:06Z,g5.xlarge,g5.xlarge,az,ap-northeast-1,apne1-az4,3
2026-09-05T08:59:06Z,g5.xlarge,g5.xlarge,az,ap-south-1,aps1-az3,3
2026-09-05T08:59:06Z,g5.xlarge,g5.xlarge,az,us-west-2,usw2-az3,1
2026-09-05T08:59:06Z,g5.xlarge,g5.xlarge,az,ap-northeast-2,apne2-az4,3
2026-09-05T08:59:06Z,g5.xlarge,g5.xlarge,az,ap-northeast-2,apne2-az1,3
2026-09-05T08:59:06Z,g5.xlarge,g5.xlarge,az,ap-southeast-3,apse3-az3,3
2026-09-05T08:59:06Z,g-xlarge-trio,g5.xlarge|g4dn.xlarge|g6.xlarge,region,us-east-1,,9
2026-09-05T08:59:06Z,g-xlarge-trio,g5.xlarge|g4dn.xlarge|g6.xlarge,region,ap-northeast-1,,9
2026-09-05T08:59:06Z,g-xlarge-trio,g5.xlarge|g4dn.xlarge|g6.xlarge,region,us-west-2,,4
2026-09-05T08:59:06Z,g-xlarge-trio,g5.xlarge|g4dn.xlarge|g6.xlarge,region,ap-northeast-2,,9
2026-09-05T08:59:06Z,g-xlarge-trio,g5.xlarge|g4dn.xlarge|g6.xlarge,region,us-east-2,,9
2026-09-05T08:59:06Z,g-xlarge-trio,g5.xlarge|g4dn.xlarge|g6.xlarge,region,ap-southeast-3,,3
2026-09-05T08:59:06Z,g-xlarge-trio,g5.xlarge|g4dn.xlarge|g6.xlarge,region,ap-southeast-2,,3
2026-09-05T08:59:06Z,g-xlarge-trio,g5.xlarge|g4dn.xlarge|g6.xlarge,region,ap-south-1,,3
2026-09-05T08:59:06Z,g-xlarge-trio,g5.xlarge|g4dn.xlarge|g6.xlarge,region,ap-east-1,,3
2026-09-05T08:59:06Z,g-xlarge-trio,g5.xlarge|g4dn.xlarge|g6.xlarge,az,us-east-1,use1-az6,9
2026-09-05T08:59:06Z,g-xlarge-trio,g5.xlarge|g4dn.xlarge|g6.xlarge,az,us-east-1,use1-az2,9
2026-09-05T08:59:06Z,g-xlarge-trio,g5.xlarge|g4dn.xlarge|g6.xlarge,az,us-east-2,use2-az1,9
2026-09-05T08:59:06Z,g-xlarge-trio,g5.xlarge|g4dn.xlarge|g6.xlarge,az,ap-northeast-2,apne2-az1,9
2026-09-05T08:59:06Z,g-xlarge-trio,g5.xlarge|g4dn.xlarge|g6.xlarge,az,ap-northeast-1,apne1-az1,9
2026-09-05T08:59:06Z,g-xlarge-trio,g5.xlarge|g4dn.xlarge|g6.xlarge,az,us-east-1,use1-az4,9
2026-09-05T08:59:06Z,g-xlarge-trio,g5.xlarge|g4dn.xlarge|g6.xlarge,az,ap-northeast-2,apne2-az3,9
2026-09-05T08:59:06Z,g-xlarge-trio,g5.xlarge|g4dn.xlarge|g6.xlarge,az,us-east-1,use1-az5,9
2026-09-05T08:59:06Z,g-xlarge-trio,g5.xlarge|g4dn.xlarge|g6.xlarge,az,ap-northeast-1,apne1-az4,9
2026-09-05T08:59:06Z,g-xlarge-trio,g5.xlarge|g4dn.xlarge|g6.xlarge,az,us-east-2,use2-az2,9
2026-09-05T12:37:37Z,g5.xlarge,g5.xlarge,region,ap-south-1,,3
2026-09-05T12:37:37Z,g5.xlarge,g5.xlarge,region,ap-east-1,,1
2026-09-05T12:37:37Z,g5.xlarge,g5.xlarge,region,ap-southeast-2,,1
2026-09-05T12:37:37Z,g5.xlarge,g5.xlarge,region,ap-northeast-2,,3
2026-09-05T12:37:37Z,g5.xlarge,g5.xlarge,region,us-east-2,,3
2026-09-05T12:37:37Z,g5.xlarge,g5.xlarge,region,ap-southeast-3,,3
2026-09-05T12:37:37Z,g5.xlarge,g5.xlarge,region,ap-northeast-1,,3
2026-09-05T12:37:37Z,g5.xlarge,g5.xlarge,region,us-east-1,,2
2026-09-05T12:37:37Z,g5.xlarge,g5.xlarge,region,us-west-2,,1
2026-09-05T12:37:37Z,g5.xlarge,g5.xlarge,az,ap-south-1,aps1-az1,3
2026-09-05T12:37:37Z,g5.xlarge,g5.xlarge,az,us-east-1,use1-az6,1
2026-09-05T12:37:37Z,g5.xlarge,g5.xlarge,az,us-west-2,usw2-az3,1
2026-09-05T12:37:37Z,g5.xlarge,g5.xlarge,az,ap-southeast-3,apse3-az3,3
2026-09-05T12:37:37Z,g5.xlarge,g5.xlarge,az,ap-northeast-2,apne2-az1,3
2026-09-05T12:37:37Z,g5.xlarge,g5.xlarge,az,us-east-2,use2-az3,3
2026-09-05T12:37:37Z,g5.xlarge,g5.xlarge,az,ap-northeast-2,apne2-az3,3
2026-09-05T12:37:37Z,g5.xlarge,g5.xlarge,az,ap-northeast-1,apne1-az4,3
2026-09-05T12:37:37Z,g5.xlarge,g5.xlarge,az,ap-northeast-2,apne2-az4,3
2026-09-05T12:37:37Z,g5.xlarge,g5.xlarge,az,ap-south-1,aps1-az3,3
2026-09-05T12:37:37Z,g-xlarge-trio,g5.xlarge|g4dn.xlarge|g6.xlarge,region,ap-south-1,,3
2026-09-05T12:37:37Z,g-xlarge-trio,g5.xlarge|g4dn.xlarge|g6.xlarge,region,ap-east-1,,3
2026-09-05T12:37:37Z,g-xlarge-trio,g5.xlarge|g4dn.xlarge|g6.xlarge,region,us-west-2,,9
2026-09-05T12:37:37Z,g-xlarge-trio,g5.xlarge|g4dn.xlarge|g6.xlarge,region,ap-northeast-1,,9
2026-09-05T12:37:37Z,g-xlarge-trio,g5.xlarge|g4dn.xlarge|g6.xlarge,region,us-east-1,,9
2026-09-05T12:37:37Z,g-xlarge-trio,g5.xlarge|g4dn.xlarge|g6.xlarge,region,ap-southeast-3,,3
2026-09-05T12:37:37Z,g-xlarge-trio,g5.xlarge|g4dn.xlarge|g6.xlarge,region,us-east-2,,9
2026-09-05T12:37:37Z,g-xlarge-trio,g5.xlarge|g4dn.xlarge|g6.xlarge,region,ap-northeast-2,,9
2026-09-05T12:37:37Z,g-xlarge-trio,g5.xlarge|g4dn.xlarge|g6.xlarge,region,ap-southeast-2,,3
2026-09-05T12:37:37Z,g-xlarge-trio,g5.xlarge|g4dn.xlarge|g6.xlarge,az,us-west-2,usw2-az3,9
2026-09-05T12:37:37Z,g-xlarge-trio,g5.xlarge|g4dn.xlarge|g6.xlarge,az,us-east-2,use2-az1,9
2026-09-05T12:37:37Z,g-xlarge-trio,g5.xlarge|g4dn.xlarge|g6.xlarge,az,us-east-2,use2-az2,9
2026-09-05T12:37:37Z,g-xlarge-trio,g5.xlarge|g4dn.xlarge|g6.xlarge,az,us-west-2,usw2-az1,9
2026-09-05T12:37:37Z,g-xlarge-trio,g5.xlarge|g4dn.xlarge|g6.xlarge,az,ap-northeast-1,apne1-az4,9
2026-09-05T12:37:37Z,g-xlarge-trio,g5.xlarge|g4dn.xlarge|g6.xlarge,az,us-east-1,use1-az5,9
2026-09-05T12:37:37Z,g-xlarge-trio,g5.xlarge|g4dn.xlarge|g6.xlarge,az,ap-northeast-2,apne2-az1,9
2026-09-05T12:37:37Z,g-xlarge-trio,g5.xlarge|g4dn.xlarge|g6.xlarge,az,ap-northeast-1,apne1-az1,9
2026-09-05T12:37:37Z,g-xlarge-trio,g5.xlarge|g4dn.xlarge|g6.xlarge,az,us-east-1,use1-az4,9
2026-09-05T12:37:37Z,g-xlarge-trio,g5.xlarge|g4dn.xlarge|g6.xlarge,az,us-west-2,usw2-az2,9
2026-09-05T15:59:34Z,g5.xlarge,g5.xlarge,region,ap-south-1,,2
2026-09-05T15:59:34Z,g5.xlarge,g5.xlarge,region,ap-east-1,,1
2026-09-05T15:59:34Z,g5.xlarge,g5.xlarge,region,ap-southeast-2,,1
2026-09-05T15:59:34Z,g5.xlarge,g5.xlarge,region,ap-northeast-2,,3
2026-09-05T15:59:34Z,g5.xlarge,g5.xlarge,region,us-east-2,,1
2026-09-05T15:59:34Z,g5.xlarge,g5.xlarge,region,ap-southeast-3,,3
2026-09-05T15:59:34Z,g5.xlarge,g5.xlarge,region,us-east-1,,3
2026-09-05T15:59:34Z,g5.xlarge,g5.xlarge,region,ap-northeast-1,,1
2026-09-05T15:59:34Z,g5.xlarge,g5.xlarge,region,us-west-2,,1
2026-09-05T15:59:34Z,g5.xlarge,g5.xlarge,az,ap-south-1,aps1-az3,2
2026-09-05T15:59:34Z,g5.xlarge,g5.xlarge,az,us-east-2,use2-az1,1
2026-09-05T15:59:34Z,g5.xlarge,g5.xlarge,az,ap-south-1,aps1-az1,1
2026-09-05T15:59:34Z,g5.xlarge,g5.xlarge,az,us-west-2,usw2-az3,1
2026-09-05T15:59:34Z,g5.xlarge,g5.xlarge,az,us-east-2,use2-az2,1
2026-09-05T15:59:34Z,g5.xlarge,g5.xlarge,az,us-east-1,use1-az6,1
2026-09-05T15:59:34Z,g5.xlarge,g5.xlarge,az,ap-northeast-2,apne2-az4,3
2026-09-05T15:59:34Z,g5.xlarge,g5.xlarge,az,ap-northeast-2,apne2-az3,3
2026-09-05T15:59:34Z,g5.xlarge,g5.xlarge,az,ap-southeast-3,apse3-az3,3
2026-09-05T15:59:34Z,g5.xlarge,g5.xlarge,az,ap-northeast-2,apne2-az1,3
2026-09-05T15:59:34Z,g-xlarge-trio,g5.xlarge|g4dn.xlarge|g6.xlarge,region,ap-south-1,,3
2026-09-05T15:59:34Z,g-xlarge-trio,g5.xlarge|g4dn.xlarge|g6.xlarge,region,ap-east-1,,3
2026-09-05T15:59:34Z,g-xlarge-trio,g5.xlarge|g4dn.xlarge|g6.xlarge,region,ap-southeast-2,,3
2026-09-05T15:59:34Z,g-xlarge-trio,g5.xlarge|g4dn.xlarge|g6.xlarge,region,ap-northeast-2,,9
2026-09-05T15:59:34Z,g-xlarge-trio,g5.xlarge|g4dn.xlarge|g6.xlarge,region,us-east-2,,9
2026-09-05T15:59:34Z,g-xlarge-trio,g5.xlarge|g4dn.xlarge|g6.xlarge,region,ap-southeast-3,,3
2026-09-05T15:59:34Z,g-xlarge-trio,g5.xlarge|g4dn.xlarge|g6.xlarge,region,ap-northeast-1,,9
2026-09-05T15:59:34Z,g-xlarge-trio,g5.xlarge|g4dn.xlarge|g6.xlarge,region,us-east-1,,5
2026-09-05T15:59:34Z,g-xlarge-trio,g5.xlarge|g4dn.xlarge|g6.xlarge,region,us-west-2,,9
2026-09-05T15:59:34Z,g-xlarge-trio,g5.xlarge|g4dn.xlarge|g6.xlarge,az,us-west-2,usw2-az2,9
2026-09-05T15:59:34Z,g-xlarge-trio,g5.xlarge|g4dn.xlarge|g6.xlarge,az,ap-south-1,aps1-az1,3
2026-09-05T15:59:34Z,g-xlarge-trio,g5.xlarge|g4dn.xlarge|g6.xlarge,az,us-west-2,usw2-az3,9
2026-09-05T15:59:34Z,g-xlarge-trio,g5.xlarge|g4dn.xlarge|g6.xlarge,az,us-east-2,use2-az1,9
2026-09-05T15:59:34Z,g-xlarge-trio,g5.xlarge|g4dn.xlarge|g6.xlarge,az,ap-northeast-2,apne2-az1,9
2026-09-05T15:59:34Z,g-xlarge-trio,g5.xlarge|g4dn.xlarge|g6.xlarge,az,ap-northeast-1,apne1-az1,9
2026-09-05T15:59:34Z,g-xlarge-trio,g5.xlarge|g4dn.xlarge|g6.xlarge,az,ap-northeast-2,apne2-az3,9
2026-09-05T15:59:34Z,g-xlarge-trio,g5.xlarge|g4dn.xlarge|g6.xlarge,az,ap-northeast-1,apne1-az4,9
2026-09-05T15:59:34Z,g-xlarge-trio,g5.xlarge|g4dn.xlarge|g6.xlarge,az,us-west-2,usw2-az1,9
2026-09-05T15:59:34Z,g-xlarge-trio,g5.xlarge|g4dn.xlarge|g6.xlarge,az,us-east-2,use2-az2,9
2026-09-05T18:11:56Z,g5.xlarge,g5.xlarge,region,ap-southeast-2,,1
2026-09-05T18:11:56Z,g5.xlarge,g5.xlarge,region,ap-south-1,,3
2026-09-05T18:11:56Z,g5.xlarge,g5.xlarge,region,ap-east-1,,1
2026-09-05T18:11:56Z,g5.xlarge,g5.xlarge,region,ap-southeast-3,,1
2026-09-05T18:11:56Z,g5.xlarge,g5.xlarge,region,us-east-1,,3
2026-09-05T18:11:56Z,g5.xlarge,g5.xlarge,region,ap-northeast-1,,1
2026-09-05T18:11:56Z,g5.xlarge,g5.xlarge,region,us-west-2,,1
2026-09-05T18:11:56Z,g5.xlarge,g5.xlarge,region,ap-northeast-2,,3
2026-09-05T18:11:56Z,g5.xlarge,g5.xlarge,region,us-east-2,,1
2026-09-05T18:11:56Z,g5.xlarge,g5.xlarge,az,ap-south-1,aps1-az1,1
2026-09-05T18:11:56Z,g5.xlarge,g5.xlarge,az,us-west-2,usw2-az3,1
2026-09-05T18:11:56Z,g5.xlarge,g5.xlarge,az,ap-south-1,aps1-az3,3
2026-09-05T18:11:56Z,g5.xlarge,g5.xlarge,az,us-east-2,use2-az1,1
2026-09-05T18:11:56Z,g5.xlarge,g5.xlarge,az,us-east-2,use2-az2,1
2026-09-05T18:11:56Z,g5.xlarge,g5.xlarge,az,ap-northeast-2,apne2-az4,3
2026-09-05T18:11:56Z,g5.xlarge,g5.xlarge,az,us-east-1,use1-az6,1
2026-09-05T18:11:56Z,g5.xlarge,g5.xlarge,az,ap-east-1,ape1-az1,1
2026-09-05T18:11:56Z,g5.xlarge,g5.xlarge,az,ap-northeast-2,apne2-az1,3
2026-09-05T18:11:56Z,g5.xlarge,g5.xlarge,az,ap-northeast-2,apne2-az3,3
2026-09-05T18:11:56Z,g-xlarge-trio,g5.xlarge|g4dn.xlarge|g6.xlarge,region,us-west-2,,8
2026-09-05T18:11:56Z,g-xlarge-trio,g5.xlarge|g4dn.xlarge|g6.xlarge,region,ap-northeast-2,,9
2026-09-05T18:11:56Z,g-xlarge-trio,g5.xlarge|g4dn.xlarge|g6.xlarge,region,us-east-2,,9
2026-09-05T18:11:56Z,g-xlarge-trio,g5.xlarge|g4dn.xlarge|g6.xlarge,region,ap-southeast-2,,3
2026-09-05T18:11:56Z,g-xlarge-trio,g5.xlarge|g4dn.xlarge|g6.xlarge,region,ap-east-1,,3
2026-09-05T18:11:56Z,g-xlarge-trio,g5.xlarge|g4dn.xlarge|g6.xlarge,region,ap-south-1,,3
2026-09-05T18:11:56Z,g-xlarge-trio,g5.xlarge|g4dn.xlarge|g6.xlarge,region,ap-southeast-3,,1
2026-09-05T18:11:56Z,g-xlarge-trio,g5.xlarge|g4dn.xlarge|g6.xlarge,region,us-east-1,,9
2026-09-05T18:11:56Z,g-xlarge-trio,g5.xlarge|g4dn.xlarge|g6.xlarge,region,ap-northeast-1,,9
2026-09-05T18:11:56Z,g-xlarge-trio,g5.xlarge|g4dn.xlarge|g6.xlarge,az,us-east-1,use1-az6,9
2026-09-05T18:11:56Z,g-xlarge-trio,g5.xlarge|g4dn.xlarge|g6.xlarge,az,ap-northeast-1,apne1-az1,9
2026-09-05T18:11:56Z,g-xlarge-trio,g5.xlarge|g4dn.xlarge|g6.xlarge,az,us-east-2,use2-az1,9
2026-09-05T18:11:56Z,g-xlarge-trio,g5.xlarge|g4dn.xlarge|g6.xlarge,az,us-east-1,use1-az5,9
2026-09-05T18:11:56Z,g-xlarge-trio,g5.xlarge|g4dn.xlarge|g6.xlarge,az,ap-northeast-2,apne2-az3,9
2026-09-05T18:11:56Z,g-xlarge-trio,g5.xlarge|g4dn.xlarge|g6.xlarge,az,ap-northeast-2,apne2-az1,9
2026-09-05T18:11:56Z,g-xlarge-trio,g5.xlarge|g4dn.xlarge|g6.xlarge,az,us-east-1,use1-az4,9
2026-09-05T18:11:56Z,g-xlarge-trio,g5.xlarge|g4dn.xlarge|g6.xlarge,az,us-east-2,use2-az2,9
2026-09-05T18:11:56Z,g-xlarge-trio,g5.xlarge|g4dn.xlarge|g6.xlarge,az,us-east-1,use1-az2,9
2026-09-05T18:11:56Z,g-xlarge-trio,g5.xlarge|g4dn.xlarge|g6.xlarge,az,ap-northeast-1,apne1-az4,9
2026-09-05T21:09:10Z,g5.xlarge,g5.xlarge,region,us-west-2,,1
2026-09-05T21:09:10Z,g5.xlarge,g5.xlarge,region,ap-northeast-1,,3
2026-09-05T21:09:10Z,g5.xlarge,g5.xlarge,region,us-east-1,,3
2026-09-05T21:09:10Z,g5.xlarge,g5.xlarge,region,us-east-2,,1
2026-09-05T21:09:10Z,g5.xlarge,g5.xlarge,region,ap-northeast-2,,3
2026-09-05T21:09:10Z,g5.xlarge,g5.xlarge,region,ap-southeast-2,,1
2026-09-05T21:09:10Z,g5.xlarge,g5.xlarge,region,ap-southeast-3,,1
2026-09-05T21:09:10Z,g5.xlarge,g5.xlarge,region,ap-south-1,,3
2026-09-05T21:09:10Z,g5.xlarge,g5.xlarge,region,ap-east-1,,1
2026-09-05T21:09:10Z,g5.xlarge,g5.xlarge,az,ap-south-1,aps1-az1,1
2026-09-05T21:09:10Z,g5.xlarge,g5.xlarge,az,us-west-2,usw2-az3,1
2026-09-05T21:09:10Z,g5.xlarge,g5.xlarge,az,ap-south-1,aps1-az3,3
2026-09-05T21:09:10Z,g5.xlarge,g5.xlarge,az,us-east-2,use2-az1,1
2026-09-05T21:09:10Z,g5.xlarge,g5.xlarge,az,us-east-2,use2-az2,1
2026-09-05T21:09:10Z,g5.xlarge,g5.xlarge,az,ap-northeast-2,apne2-az4,3
2026-09-05T21:09:10Z,g5.xlarge,g5.xlarge,az,us-east-1,use1-az6,1
2026-09-05T21:09:10Z,g5.xlarge,g5.xlarge,az,ap-northeast-1,apne1-az4,3
2026-09-05T21:09:10Z,g5.xlarge,g5.xlarge,az,ap-northeast-2,apne2-az1,3
2026-09-05T21:09:10Z,g5.xlarge,g5.xlarge,az,ap-northeast-2,apne2-az3,3
2026-09-05T21:09:10Z,g-xlarge-trio,g5.xlarge|g4dn.xlarge|g6.xlarge,region,ap-southeast-2,,3
2026-09-05T21:09:10Z,g-xlarge-trio,g5.xlarge|g4dn.xlarge|g6.xlarge,region,ap-south-1,,3
2026-09-05T21:09:10Z,g-xlarge-trio,g5.xlarge|g4dn.xlarge|g6.xlarge,region,ap-east-1,,3
2026-09-05T21:09:10Z,g-xlarge-trio,g5.xlarge|g4dn.xlarge|g6.xlarge,region,ap-southeast-3,,1
2026-09-05T21:09:10Z,g-xlarge-trio,g5.xlarge|g4dn.xlarge|g6.xlarge,region,ap-northeast-1,,9
2026-09-05T21:09:10Z,g-xlarge-trio,g5.xlarge|g4dn.xlarge|g6.xlarge,region,us-east-1,,9
2026-09-05T21:09:10Z,g-xlarge-trio,g5.xlarge|g4dn.xlarge|g6.xlarge,region,us-west-2,,5
2026-09-05T21:09:10Z,g-xlarge-trio,g5.xlarge|g4dn.xlarge|g6.xlarge,region,ap-northeast-2,,9
2026-09-05T21:09:10Z,g-xlarge-trio,g5.xlarge|g4dn.xlarge|g6.xlarge,region,us-east-2,,9
2026-09-05T21:09:10Z,g-xlarge-trio,g5.xlarge|g4dn.xlarge|g6.xlarge,az,us-east-1,use1-az4,9
2026-09-05T21:09:10Z,g-xlarge-trio,g5.xlarge|g4dn.xlarge|g6.xlarge,az,ap-northeast-2,apne2-az3,9
2026-09-05T21:09:10Z,g-xlarge-trio,g5.xlarge|g4dn.xlarge|g6.xlarge,az,us-east-1,use1-az2,9
2026-09-05T21:09:10Z,g-xlarge-trio,g5.xlarge|g4dn.xlarge|g6.xlarge,az,us-east-2,use2-az2,9
2026-09-05T21:09:10Z,g-xlarge-trio,g5.xlarge|g4dn.xlarge|g6.xlarge,az,ap-northeast-1,apne1-az4,9
2026-09-05T21:09:10Z,g-xlarge-trio,g5.xlarge|g4dn.xlarge|g6.xlarge,az,us-east-1,use1-az6,9
2026-09-05T21:09:10Z,g-xlarge-trio,g5.xlarge|g4dn.xlarge|g6.xlarge,az,ap-northeast-1,apne1-az1,9
2026-09-05T21:09:10Z,g-xlarge-trio,g5.xlarge|g4dn.xlarge|g6.xlarge,az,us-east-1,use1-az5,9
2026-09-05T21:09:10Z,g-xlarge-trio,g5.xlarge|g4dn.xlarge|g6.xlarge,az,ap-northeast-2,apne2-az1,9
2026-09-05T21:09:10Z,g-xlarge-trio,g5.xlarge|g4dn.xlarge|g6.xlarge,az,us-east-2,use2-az1,9
2026-09-05T23:49:06Z,g5.xlarge,g5.xlarge,region,ap-northeast-2,,3
2026-09-05T23:49:06Z,g5.xlarge,g5.xlarge,region,us-east-2,,1
2026-09-05T23:49:06Z,g5.xlarge,g5.xlarge,region,ap-southeast-2,,1
2026-09-05T23:49:06Z,g5.xlarge,g5.xlarge,region,ap-south-1,,3
2026-09-05T23:49:06Z,g5.xlarge,g5.xlarge,region,ap-east-1,,1
2026-09-05T23:49:06Z,g5.xlarge,g5.xlarge,region,us-east-1,,3
2026-09-05T23:49:06Z,g5.xlarge,g5.xlarge,region,ap-northeast-1,,3
2026-09-05T23:49:06Z,g5.xlarge,g5.xlarge,region,us-west-2,,1
2026-09-05T23:49:06Z,g5.xlarge,g5.xlarge,region,ap-southeast-3,,3
2026-09-05T23:49:06Z,g5.xlarge,g5.xlarge,az,ap-south-1,aps1-az1,1
2026-09-05T23:49:06Z,g5.xlarge,g5.xlarge,az,us-east-1,use1-az6,1
2026-09-05T23:49:06Z,g5.xlarge,g5.xlarge,az,us-west-2,usw2-az3,1
2026-09-05T23:49:06Z,g5.xlarge,g5.xlarge,az,us-east-1,use1-az2,1
2026-09-05T23:49:06Z,g5.xlarge,g5.xlarge,az,ap-southeast-3,apse3-az3,3
2026-09-05T23:49:06Z,g5.xlarge,g5.xlarge,az,ap-northeast-2,apne2-az1,3
2026-09-05T23:49:06Z,g5.xlarge,g5.xlarge,az,ap-northeast-2,apne2-az3,3
2026-09-05T23:49:06Z,g5.xlarge,g5.xlarge,az,ap-northeast-1,apne1-az4,3
2026-09-05T23:49:06Z,g5.xlarge,g5.xlarge,az,ap-northeast-2,apne2-az4,3
2026-09-05T23:49:06Z,g5.xlarge,g5.xlarge,az,ap-south-1,aps1-az3,3
2026-09-05T23:49:06Z,g-xlarge-trio,g5.xlarge|g4dn.xlarge|g6.xlarge,region,ap-northeast-2,,9
2026-09-05T23:49:06Z,g-xlarge-trio,g5.xlarge|g4dn.xlarge|g6.xlarge,region,us-east-2,,9
2026-09-05T23:49:06Z,g-xlarge-trio,g5.xlarge|g4dn.xlarge|g6.xlarge,region,ap-southeast-2,,3
2026-09-05T23:49:06Z,g-xlarge-trio,g5.xlarge|g4dn.xlarge|g6.xlarge,region,ap-south-1,,3
2026-09-05T23:49:06Z,g-xlarge-trio,g5.xlarge|g4dn.xlarge|g6.xlarge,region,ap-east-1,,3
2026-09-05T23:49:06Z,g-xlarge-trio,g5.xlarge|g4dn.xlarge|g6.xlarge,region,us-east-1,,9
2026-09-05T23:49:06Z,g-xlarge-trio,g5.xlarge|g4dn.xlarge|g6.xlarge,region,ap-northeast-1,,9
2026-09-05T23:49:06Z,g-xlarge-trio,g5.xlarge|g4dn.xlarge|g6.xlarge,region,us-west-2,,8
2026-09-05T23:49:06Z,g-xlarge-trio,g5.xlarge|g4dn.xlarge|g6.xlarge,region,ap-southeast-3,,3
2026-09-05T23:49:06Z,g-xlarge-trio,g5.xlarge|g4dn.xlarge|g6.xlarge,az,us-east-2,use2-az1,9
2026-09-05T23:49:06Z,g-xlarge-trio,g5.xlarge|g4dn.xlarge|g6.xlarge,az,us-east-2,use2-az2,9
2026-09-05T23:49:06Z,g-xlarge-trio,g5.xlarge|g4dn.xlarge|g6.xlarge,az,us-east-1,use1-az6,9
2026-09-05T23:49:06Z,g-xlarge-trio,g5.xlarge|g4dn.xlarge|g6.xlarge,az,ap-northeast-1,apne1-az4,9
2026-09-05T23:49:06Z,g-xlarge-trio,g5.xlarge|g4dn.xlarge|g6.xlarge,az,us-east-1,use1-az5,9
2026-09-05T23:49:06Z,g-xlarge-trio,g5.xlarge|g4dn.xlarge|g6.xlarge,az,ap-northeast-2,apne2-az1,9
2026-09-05T23:49:06Z,g-xlarge-trio,g5.xlarge|g4dn.xlarge|g6.xlarge,az,ap-northeast-1,apne1-az1,9
2026-09-05T23:49:06Z,g-xlarge-trio,g5.xlarge|g4dn.xlarge|g6.xlarge,az,us-east-1,use1-az4,9
2026-09-05T23:49:06Z,g-xlarge-trio,g5.xlarge|g4dn.xlarge|g6.xlarge,az,us-east-1,use1-az2,9
2026-09-05T23:49:06Z,g-xlarge-trio,g5.xlarge|g4dn.xlarge|g6.xlarge,az,ap-northeast-2,apne2-az3,9
2026-09-06T04:28:00Z,g5.xlarge,g5.xlarge,region,us-east-1,,2
2026-09-06T04:28:00Z,g5.xlarge,g5.xlarge,region,ap-northeast-1,,3
2026-09-06T04:28:00Z,g5.xlarge,g5.xlarge,region,us-west-2,,1
2026-09-06T04:28:00Z,g5.xlarge,g5.xlarge,region,ap-northeast-2,,3
2026-09-06T04:28:00Z,g5.xlarge,g5.xlarge,region,us-east-2,,1
2026-09-06T04:28:00Z,g5.xlarge,g5.xlarge,region,ap-southeast-3,,3
2026-09-06T04:28:00Z,g5.xlarge,g5.xlarge,region,ap-southeast-2,,1
2026-09-06T04:28:00Z,g5.xlarge,g5.xlarge,region,ap-south-1,,3
2026-09-06T04:28:00Z,g5.xlarge,g5.xlarge,region,ap-east-1,,1
2026-09-06T04:28:00Z,g5.xlarge,g5.xlarge,az,ap-northeast-1,apne1-az4,3
2026-09-06T04:28:00Z,g5.xlarge,g5.xlarge,az,us-west-2,usw2-az1,1
2026-09-06T04:28:00Z,g5.xlarge,g5.xlarge,az,us-east-1,use1-az5,1
2026-09-06T04:28:00Z,g5.xlarge,g5.xlarge,az,us-east-2,use2-az3,1
2026-09-06T04:28:00Z,g5.xlarge,g5.xlarge,az,ap-northeast-2,apne2-az1,3
2026-09-06T04:28:00Z,g5.xlarge,g5.xlarge,az,ap-east-1,ape1-az1,1
2026-09-06T04:28:00Z,g5.xlarge,g5.xlarge,az,ap-northeast-2,apne2-az3,3
2026-09-06T04:28:00Z,g5.xlarge,g5.xlarge,az,ap-southeast-3,apse3-az3,3
2026-09-06T04:28:00Z,g5.xlarge,g5.xlarge,az,ap-south-1,aps1-az3,3
2026-09-06T04:28:00Z,g5.xlarge,g5.xlarge,az,ap-northeast-2,apne2-az4,3
2026-09-06T04:28:00Z,g-xlarge-trio,g5.xlarge|g4dn.xlarge|g6.xlarge,region,us-west-2,,9
2026-09-06T04:28:00Z,g-xlarge-trio,g5.xlarge|g4dn.xlarge|g6.xlarge,region,ap-northeast-1,,9
2026-09-06T04:28:00Z,g-xlarge-trio,g5.xlarge|g4dn.xlarge|g6.xlarge,region,us-east-1,,9
2026-09-06T04:28:00Z,g-xlarge-trio,g5.xlarge|g4dn.xlarge|g6.xlarge,region,us-east-2,,9
2026-09-06T04:28:00Z,g-xlarge-trio,g5.xlarge|g4dn.xlarge|g6.xlarge,region,ap-northeast-2,,9
2026-09-06T04:28:00Z,g-xlarge-trio,g5.xlarge|g4dn.xlarge|g6.xlarge,region,ap-southeast-2,,3
2026-09-06T04:28:00Z,g-xlarge-trio,g5.xlarge|g4dn.xlarge|g6.xlarge,region,ap-southeast-3,,3
2026-09-06T04:28:00Z,g-xlarge-trio,g5.xlarge|g4dn.xlarge|g6.xlarge,region,ap-south-1,,3
2026-09-06T04:28:00Z,g-xlarge-trio,g5.xlarge|g4dn.xlarge|g6.xlarge,region,ap-east-1,,3
2026-09-06T04:28:00Z,g-xlarge-trio,g5.xlarge|g4dn.xlarge|g6.xlarge,az,us-east-2,use2-az1,9
2026-09-06T04:28:00Z,g-xlarge-trio,g5.xlarge|g4dn.xlarge|g6.xlarge,az,us-west-2,usw2-az3,9
2026-09-06T04:28:00Z,g-xlarge-trio,g5.xlarge|g4dn.xlarge|g6.xlarge,az,us-west-2,usw2-az1,9
2026-09-06T04:28:00Z,g-xlarge-trio,g5.xlarge|g4dn.xlarge|g6.xlarge,az,us-east-2,use2-az2,9
2026-09-06T04:28:00Z,g-xlarge-trio,g5.xlarge|g4dn.xlarge|g6.xlarge,az,us-east-1,use1-az6,9
2026-09-06T04:28:00Z,g-xlarge-trio,g5.xlarge|g4dn.xlarge|g6.xlarge,az,us-east-1,use1-az1,9
2026-09-06T04:28:00Z,g-xlarge-trio,g5.xlarge|g4dn.xlarge|g6.xlarge,az,us-east-1,use1-az2,9
2026-09-06T04:28:00Z,g-xlarge-trio,g5.xlarge|g4dn.xlarge|g6.xlarge,az,us-west-2,usw2-az2,9
2026-09-06T04:28:00Z,g-xlarge-trio,g5.xlarge|g4dn.xlarge|g6.xlarge,az,ap-northeast-2,apne2-az3,9
2026-09-06T04:28:00Z,g-xlarge-trio,g5.xlarge|g4dn.xlarge|g6.xlarge,az,us-east-1,use1-az4,9
2026-09-06T09:20:49Z,g5.xlarge,g5.xlarge,region,us-west-2,,1
2026-09-06T09:20:49Z,g5.xlarge,g5.xlarge,region,ap-northeast-2,,3
2026-09-06T09:20:49Z,g5.xlarge,g5.xlarge,region,us-east-2,,3
2026-09-06T09:20:49Z,g5.xlarge,g5.xlarge,region,ap-southeast-2,,1
2026-09-06T09:20:49Z,g5.xlarge,g5.xlarge,region,ap-east-1,,1
2026-09-06T09:20:49Z,g5.xlarge,g5.xlarge,region,ap-south-1,,1
2026-09-06T09:20:49Z,g5.xlarge,g5.xlarge,region,ap-southeast-3,,3
2026-09-06T09:20:49Z,g5.xlarge,g5.xlarge,region,us-east-1,,3
2026-09-06T09:20:49Z,g5.xlarge,g5.xlarge,region,ap-northeast-1,,3
2026-09-06T09:20:49Z,g5.xlarge,g5.xlarge,az,us-west-2,usw2-az2,1
2026-09-06T09:20:49Z,g5.xlarge,g5.xlarge,az,ap-southeast-2,apse2-az2,1
2026-09-06T09:20:49Z,g5.xlarge,g5.xlarge,az,ap-northeast-1,apne1-az1,1
2026-09-06T09:20:49Z,g5.xlarge,g5.xlarge,az,ap-southeast-3,apse3-az3,3
2026-09-06T09:20:49Z,g5.xlarge,g5.xlarge,az,ap-northeast-1,apne1-az4,3
2026-09-06T09:20:49Z,g5.xlarge,g5.xlarge,az,ap-northeast-2,apne2-az3,3
2026-09-06T09:20:49Z,g5.xlarge,g5.xlarge,az,us-east-2,use2-az3,3
2026-09-06T09:20:49Z,g5.xlarge,g5.xlarge,az,ap-northeast-2,apne2-az1,3
2026-09-06T09:20:49Z,g5.xlarge,g5.xlarge,az,ap-northeast-2,apne2-az4,3
2026-09-06T09:20:49Z,g5.xlarge,g5.xlarge,az,us-east-2,use2-az2,3
2026-09-06T09:20:49Z,g-xlarge-trio,g5.xlarge|g4dn.xlarge|g6.xlarge,region,ap-northeast-2,,9
2026-09-06T09:20:49Z,g-xlarge-trio,g5.xlarge|g4dn.xlarge|g6.xlarge,region,us-east-2,,9
2026-09-06T09:20:49Z,g-xlarge-trio,g5.xlarge|g4dn.xlarge|g6.xlarge,region,ap-southeast-2,,3
2026-09-06T09:20:49Z,g-xlarge-trio,g5.xlarge|g4dn.xlarge|g6.xlarge,region,us-east-1,,9
2026-09-06T09:20:49Z,g-xlarge-trio,g5.xlarge|g4dn.xlarge|g6.xlarge,region,ap-northeast-1,,9
2026-09-06T09:20:49Z,g-xlarge-trio,g5.xlarge|g4dn.xlarge|g6.xlarge,region,us-west-2,,6
2026-09-06T09:20:49Z,g-xlarge-trio,g5.xlarge|g4dn.xlarge|g6.xlarge,region,ap-south-1,,3
2026-09-06T09:20:49Z,g-xlarge-trio,g5.xlarge|g4dn.xlarge|g6.xlarge,region,ap-east-1,,3
2026-09-06T09:20:49Z,g-xlarge-trio,g5.xlarge|g4dn.xlarge|g6.xlarge,region,ap-southeast-3,,3
2026-09-06T09:20:49Z,g-xlarge-trio,g5.xlarge|g4dn.xlarge|g6.xlarge,az,us-east-2,use2-az1,9
2026-09-06T09:20:49Z,g-xlarge-trio,g5.xlarge|g4dn.xlarge|g6.xlarge,az,ap-northeast-1,apne1-az4,9
2026-09-06T09:20:49Z,g-xlarge-trio,g5.xlarge|g4dn.xlarge|g6.xlarge,az,us-east-2,use2-az2,9
2026-09-06T09:20:49Z,g-xlarge-trio,g5.xlarge|g4dn.xlarge|g6.xlarge,az,us-east-1,use1-az6,9
2026-09-06T09:20:49Z,g-xlarge-trio,g5.xlarge|g4dn.xlarge|g6.xlarge,az,us-east-1,use1-az1,9
2026-09-06T09:20:49Z,g-xlarge-trio,g5.xlarge|g4dn.xlarge|g6.xlarge,az,us-east-1,use1-az2,9
2026-09-06T09:20:49Z,g-xlarge-trio,g5.xlarge|g4dn.xlarge|g6.xlarge,az,us-east-1,use1-az5,9
2026-09-06T09:20:49Z,g-xlarge-trio,g5.xlarge|g4dn.xlarge|g6.xlarge,az,ap-northeast-2,apne2-az3,9
2026-09-06T09:20:49Z,g-xlarge-trio,g5.xlarge|g4dn.xlarge|g6.xlarge,az,us-east-1,use1-az4,9
2026-09-06T09:20:49Z,g-xlarge-trio,g5.xlarge|g4dn.xlarge|g6.xlarge,az,ap-northeast-1,apne1-az1,9
2026-09-06T13:37:16Z,g5.xlarge,g5.xlarge,region,ap-southeast-2,,1
2026-09-06T13:37:16Z,g5.xlarge,g5.xlarge,region,ap-south-1,,1
2026-09-06T13:37:16Z,g5.xlarge,g5.xlarge,region,ap-east-1,,1
2026-09-06T13:37:16Z,g5.xlarge,g5.xlarge,region,ap-southeast-3,,3
2026-09-06T13:37:16Z,g5.xlarge,g5.xlarge,region,ap-northeast-1,,3
2026-09-06T13:37:16Z,g5.xlarge,g5.xlarge,region,us-east-1,,2
2026-09-06T13:37:16Z,g5.xlarge,g5.xlarge,region,us-west-2,,1
2026-09-06T13:37:16Z,g5.xlarge,g5.xlarge,region,ap-northeast-2,,3
2026-09-06T13:37:16Z,g5.xlarge,g5.xlarge,region,us-east-2,,3
2026-09-06T13:37:16Z,g5.xlarge,g5.xlarge,az,ap-south-1,aps1-az3,1
2026-09-06T13:37:16Z,g5.xlarge,g5.xlarge,az,ap-east-1,ape1-az2,1
2026-09-06T13:37:16Z,g5.xlarge,g5.xlarge,az,ap-southeast-2,apse2-az1,1
2026-09-06T13:37:16Z,g5.xlarge,g5.xlarge,az,ap-northeast-2,apne2-az1,3
2026-09-06T13:37:16Z,g5.xlarge,g5.xlarge,az,us-east-2,use2-az3,3
2026-09-06T13:37:16Z,g5.xlarge,g5.xlarge,az,ap-southeast-3,apse3-az3,3
2026-09-06T13:37:16Z,g5.xlarge,g5.xlarge,az,ap-northeast-2,apne2-az3,3
2026-09-06T13:37:16Z,g5.xlarge,g5.xlarge,az,ap-northeast-1,apne1-az4,3
2026-09-06T13:37:16Z,g5.xlarge,g5.xlarge,az,us-east-2,use2-az2,3
2026-09-06T13:37:16Z,g5.xlarge,g5.xlarge,az,ap-northeast-2,apne2-az4,3
2026-09-06T13:37:16Z,g-xlarge-trio,g5.xlarge|g4dn.xlarge|g6.xlarge,region,ap-south-1,,3
2026-09-06T13:37:16Z,g-xlarge-trio,g5.xlarge|g4dn.xlarge|g6.xlarge,region,ap-east-1,,3
2026-09-06T13:37:16Z,g-xlarge-trio,g5.xlarge|g4dn.xlarge|g6.xlarge,region,ap-southeast-2,,3
2026-09-06T13:37:16Z,g-xlarge-trio,g5.xlarge|g4dn.xlarge|g6.xlarge,region,ap-northeast-2,,9
2026-09-06T13:37:16Z,g-xlarge-trio,g5.xlarge|g4dn.xlarge|g6.xlarge,region,us-east-2,,9
2026-09-06T13:37:16Z,g-xlarge-trio,g5.xlarge|g4dn.xlarge|g6.xlarge,region,ap-southeast-3,,3
2026-09-06T13:37:16Z,g-xlarge-trio,g5.xlarge|g4dn.xlarge|g6.xlarge,region,us-east-1,,9
2026-09-06T13:37:16Z,g-xlarge-trio,g5.xlarge|g4dn.xlarge|g6.xlarge,region,ap-northeast-1,,9
2026-09-06T13:37:16Z,g-xlarge-trio,g5.xlarge|g4dn.xlarge|g6.xlarge,region,us-west-2,,9
2026-09-06T13:37:16Z,g-xlarge-trio,g5.xlarge|g4dn.xlarge|g6.xlarge,az,us-west-2,usw2-az3,9
2026-09-06T13:37:16Z,g-xlarge-trio,g5.xlarge|g4dn.xlarge|g6.xlarge,az,us-east-2,use2-az1,9
2026-09-06T13:37:16Z,g-xlarge-trio,g5.xlarge|g4dn.xlarge|g6.xlarge,az,us-east-2,use2-az2,9
2026-09-06T13:37:16Z,g-xlarge-trio,g5.xlarge|g4dn.xlarge|g6.xlarge,az,us-west-2,usw2-az1,9
2026-09-06T13:37:16Z,g-xlarge-trio,g5.xlarge|g4dn.xlarge|g6.xlarge,az,us-east-1,use1-az6,9
2026-09-06T13:37:16Z,g-xlarge-trio,g5.xlarge|g4dn.xlarge|g6.xlarge,az,ap-northeast-1,apne1-az4,9
2026-09-06T13:37:16Z,g-xlarge-trio,g5.xlarge|g4dn.xlarge|g6.xlarge,az,us-east-1,use1-az5,9
2026-09-06T13:37:16Z,g-xlarge-trio,g5.xlarge|g4dn.xlarge|g6.xlarge,az,ap-northeast-2,apne2-az1,9
2026-09-06T13:37:16Z,g-xlarge-trio,g5.xlarge|g4dn.xlarge|g6.xlarge,az,ap-northeast-1,apne1-az1,9
2026-09-06T13:37:16Z,g-xlarge-trio,g5.xlarge|g4dn.xlarge|g6.xlarge,az,us-east-1,use1-az4,9
2026-09-06T16:56:55Z,g5.xlarge,g5.xlarge,region,us-west-2,,1
2026-09-06T16:56:55Z,g5.xlarge,g5.xlarge,region,ap-northeast-1,,1
2026-09-06T16:56:55Z,g5.xlarge,g5.xlarge,region,us-east-1,,3
2026-09-06T16:56:55Z,g5.xlarge,g5.xlarge,region,us-east-2,,1
2026-09-06T16:56:55Z,g5.xlarge,g5.xlarge,region,ap-northeast-2,,3
2026-09-06T16:56:55Z,g5.xlarge,g5.xlarge,region,ap-southeast-2,,1
2026-09-06T16:56:55Z,g5.xlarge,g5.xlarge,region,ap-southeast-3,,3
2026-09-06T16:56:55Z,g5.xlarge,g5.xlarge,region,ap-south-1,,1
2026-09-06T16:56:55Z,g5.xlarge,g5.xlarge,region,ap-east-1,,1
2026-09-06T16:56:55Z,g5.xlarge,g5.xlarge,az,us-east-1,use1-az1,1
2026-09-06T16:56:55Z,g5.xlarge,g5.xlarge,az,ap-northeast-2,apne2-az3,3
2026-09-06T16:56:55Z,g5.xlarge,g5.xlarge,az,us-east-1,use1-az4,1
2026-09-06T16:56:55Z,g5.xlarge,g5.xlarge,az,ap-southeast-2,apse2-az2,1
2026-09-06T16:56:55Z,g5.xlarge,g5.xlarge,az,us-west-2,usw2-az3,1
2026-09-06T16:56:55Z,g5.xlarge,g5.xlarge,az,ap-east-1,ape1-az2,1
2026-09-06T16:56:55Z,g5.xlarge,g5.xlarge,az,ap-northeast-2,apne2-az4,3
2026-09-06T16:56:55Z,g5.xlarge,g5.xlarge,az,us-east-1,use1-az6,1
2026-09-06T16:56:55Z,g5.xlarge,g5.xlarge,az,ap-northeast-2,apne2-az1,3
2026-09-06T16:56:55Z,g5.xlarge,g5.xlarge,az,ap-southeast-3,apse3-az3,3
2026-09-06T16:56:55Z,g-xlarge-trio,g5.xlarge|g4dn.xlarge|g6.xlarge,region,ap-northeast-2,,9
2026-09-06T16:56:55Z,g-xlarge-trio,g5.xlarge|g4dn.xlarge|g6.xlarge,region,us-east-2,,9
2026-09-06T16:56:55Z,g-xlarge-trio,g5.xlarge|g4dn.xlarge|g6.xlarge,region,ap-southeast-2,,3
2026-09-06T16:56:55Z,g-xlarge-trio,g5.xlarge|g4dn.xlarge|g6.xlarge,region,ap-south-1,,3
2026-09-06T16:56:55Z,g-xlarge-trio,g5.xlarge|g4dn.xlarge|g6.xlarge,region,ap-east-1,,3
2026-09-06T16:56:55Z,g-xlarge-trio,g5.xlarge|g4dn.xlarge|g6.xlarge,region,us-east-1,,9
2026-09-06T16:56:55Z,g-xlarge-trio,g5.xlarge|g4dn.xlarge|g6.xlarge,region,ap-northeast-1,,9
2026-09-06T16:56:55Z,g-xlarge-trio,g5.xlarge|g4dn.xlarge|g6.xlarge,region,us-west-2,,9
2026-09-06T16:56:55Z,g-xlarge-trio,g5.xlarge|g4dn.xlarge|g6.xlarge,region,ap-southeast-3,,3
2026-09-06T16:56:55Z,g-xlarge-trio,g5.xlarge|g4dn.xlarge|g6.xlarge,az,us-west-2,usw2-az1,9
2026-09-06T16:56:55Z,g-xlarge-trio,g5.xlarge|g4dn.xlarge|g6.xlarge,az,us-east-1,use1-az5,9
2026-09-06T16:56:55Z,g-xlarge-trio,g5.xlarge|g4dn.xlarge|g6.xlarge,az,ap-northeast-1,apne1-az4,9
2026-09-06T16:56:55Z,g-xlarge-trio,g5.xlarge|g4dn.xlarge|g6.xlarge,az,ap-northeast-2,apne2-az1,9
2026-09-06T16:56:55Z,g-xlarge-trio,g5.xlarge|g4dn.xlarge|g6.xlarge,az,us-east-1,use1-az4,9
2026-09-06T16:56:55Z,g-xlarge-trio,g5.xlarge|g4dn.xlarge|g6.xlarge,az,us-west-2,usw2-az3,9
2026-09-06T16:56:55Z,g-xlarge-trio,g5.xlarge|g4dn.xlarge|g6.xlarge,az,ap-northeast-2,apne2-az3,9
2026-09-06T16:56:55Z,g-xlarge-trio,g5.xlarge|g4dn.xlarge|g6.xlarge,az,us-east-1,use1-az2,9
2026-09-06T16:56:55Z,g-xlarge-trio,g5.xlarge|g4dn.xlarge|g6.xlarge,az,us-east-2,use2-az2,9
2026-09-06T16:56:55Z,g-xlarge-trio,g5.xlarge|g4dn.xlarge|g6.xlarge,az,us-east-1,use1-az6,9
2026-09-06T19:05:04Z,g5.xlarge,g5.xlarge,region,ap-northeast-2,,3
2026-09-06T19:05:04Z,g5.xlarge,g5.xlarge,region,us-east-2,,1
2026-09-06T19:05:04Z,g5.xlarge,g5.xlarge,region,ap-southeast-2,,1
2026-09-06T19:05:04Z,g5.xlarge,g5.xlarge,region,ap-south-1,,2
2026-09-06T19:05:04Z,g5.xlarge,g5.xlarge,region,ap-east-1,,1
2026-09-06T19:05:04Z,g5.xlarge,g5.xlarge,region,us-east-1,,2
2026-09-06T19:05:04Z,g5.xlarge,g5.xlarge,region,ap-northeast-1,,2
2026-09-06T19:05:04Z,g5.xlarge,g5.xlarge,region,us-west-2,,1
2026-09-06T19:05:04Z,g5.xlarge,g5.xlarge,region,ap-southeast-3,,3
2026-09-06T19:05:04Z,g5.xlarge,g5.xlarge,az,us-east-1,use1-az1,1
2026-09-06T19:05:04Z,g5.xlarge,g5.xlarge,az,ap-northeast-2,apne2-az3,3
2026-09-06T19:05:04Z,g5.xlarge,g5.xlarge,az,us-east-1,use1-az4,1
2026-09-06T19:05:04Z,g5.xlarge,g5.xlarge,az,ap-southeast-2,apse2-az2,1
2026-09-06T19:05:04Z,g5.xlarge,g5.xlarge,az,us-west-2,usw2-az3,1
2026-09-06T19:05:04Z,g5.xlarge,g5.xlarge,az,ap-east-1,ape1-az2,1
2026-09-06T19:05:04Z,g5.xlarge,g5.xlarge,az,ap-northeast-2,apne2-az4,3
2026-09-06T19:05:04Z,g5.xlarge,g5.xlarge,az,us-east-1,use1-az6,1
2026-09-06T19:05:04Z,g5.xlarge,g5.xlarge,az,ap-northeast-2,apne2-az1,3
2026-09-06T19:05:04Z,g5.xlarge,g5.xlarge,az,ap-southeast-3,apse3-az3,3
2026-09-06T19:05:04Z,g-xlarge-trio,g5.xlarge|g4dn.xlarge|g6.xlarge,region,ap-south-1,,3
2026-09-06T19:05:04Z,g-xlarge-trio,g5.xlarge|g4dn.xlarge|g6.xlarge,region,ap-east-1,,3
2026-09-06T19:05:04Z,g-xlarge-trio,g5.xlarge|g4dn.xlarge|g6.xlarge,region,us-west-2,,9
2026-09-06T19:05:04Z,g-xlarge-trio,g5.xlarge|g4dn.xlarge|g6.xlarge,region,ap-northeast-1,,9
2026-09-06T19:05:04Z,g-xlarge-trio,g5.xlarge|g4dn.xlarge|g6.xlarge,region,us-east-1,,9
2026-09-06T19:05:04Z,g-xlarge-trio,g5.xlarge|g4dn.xlarge|g6.xlarge,region,ap-southeast-3,,3
2026-09-06T19:05:04Z,g-xlarge-trio,g5.xlarge|g4dn.xlarge|g6.xlarge,region,us-east-2,,9
2026-09-06T19:05:04Z,g-xlarge-trio,g5.xlarge|g4dn.xlarge|g6.xlarge,region,ap-northeast-2,,9
2026-09-06T19:05:04Z,g-xlarge-trio,g5.xlarge|g4dn.xlarge|g6.xlarge,region,ap-southeast-2,,3
2026-09-06T19:05:04Z,g-xlarge-trio,g5.xlarge|g4dn.xlarge|g6.xlarge,az,ap-northeast-1,apne1-az1,9
2026-09-06T19:05:04Z,g-xlarge-trio,g5.xlarge|g4dn.xlarge|g6.xlarge,az,us-west-2,usw2-az3,9
2026-09-06T19:05:04Z,g-xlarge-trio,g5.xlarge|g4dn.xlarge|g6.xlarge,az,us-east-1,use1-az6,9
2026-09-06T19:05:04Z,g-xlarge-trio,g5.xlarge|g4dn.xlarge|g6.xlarge,az,us-east-1,use1-az4,9
2026-09-06T19:05:04Z,g-xlarge-trio,g5.xlarge|g4dn.xlarge|g6.xlarge,az,ap-northeast-1,apne1-az4,9
2026-09-06T19:05:04Z,g-xlarge-trio,g5.xlarge|g4dn.xlarge|g6.xlarge,az,ap-northeast-2,apne2-az3,9
2026-09-06T19:05:04Z,g-xlarge-trio,g5.xlarge|g4dn.xlarge|g6.xlarge,az,us-west-2,usw2-az1,9
2026-09-06T19:05:04Z,g-xlarge-trio,g5.xlarge|g4dn.xlarge|g6.xlarge,az,ap-northeast-2,apne2-az1,9
2026-09-06T19:05:04Z,g-xlarge-trio,g5.xlarge|g4dn.xlarge|g6.xlarge,az,us-east-1,use1-az2,9
2026-09-06T19:05:04Z,g-xlarge-trio,g5.xlarge|g4dn.xlarge|g6.xlarge,az,us-east-2,use2-az2,9
2026-09-06T21:17:19Z,g5.xlarge,g5.xlarge,region,ap-south-1,,1
2026-09-06T21:17:19Z,g5.xlarge,g5.xlarge,region,ap-east-1,,1
2026-09-06T21:17:19Z,g5.xlarge,g5.xlarge,region,ap-southeast-2,,1
2026-09-06T21:17:19Z,g5.xlarge,g5.xlarge,region,ap-northeast-2,,3
2026-09-06T21:17:19Z,g5.xlarge,g5.xlarge,region,us-east-2,,1
2026-09-06T21:17:19Z,g5.xlarge,g5.xlarge,region,ap-southeast-3,,3
2026-09-06T21:17:19Z,g5.xlarge,g5.xlarge,region,us-east-1,,3
2026-09-06T21:17:19Z,g5.xlarge,g5.xlarge,region,ap-northeast-1,,2
2026-09-06T21:17:19Z,g5.xlarge,g5.xlarge,region,us-west-2,,1
2026-09-06T21:17:19Z,g5.xlarge,g5.xlarge,az,us-east-2,use2-az1,1
2026-09-06T21:17:19Z,g5.xlarge,g5.xlarge,az,ap-south-1,aps1-az1,1
2026-09-06T21:17:19Z,g5.xlarge,g5.xlarge,az,us-west-2,usw2-az3,1
2026-09-06T21:17:19Z,g5.xlarge,g5.xlarge,az,us-east-2,use2-az2,1
2026-09-06T21:17:19Z,g5.xlarge,g5.xlarge,az,us-east-1,use1-az6,1
2026-09-06T21:17:19Z,g5.xlarge,g5.xlarge,az,ap-northeast-2,apne2-az4,3
2026-09-06T21:17:19Z,g5.xlarge,g5.xlarge,az,us-east-2,use2-az3,1
2026-09-06T21:17:19Z,g5.xlarge,g5.xlarge,az,ap-northeast-2,apne2-az3,3
2026-09-06T21:17:19Z,g5.xlarge,g5.xlarge,az,ap-southeast-3,apse3-az3,3
2026-09-06T21:17:19Z,g5.xlarge,g5.xlarge,az,ap-northeast-2,apne2-az1,3
2026-09-06T21:17:19Z,g-xlarge-trio,g5.xlarge|g4dn.xlarge|g6.xlarge,region,ap-south-1,,3
2026-09-06T21:17:19Z,g-xlarge-trio,g5.xlarge|g4dn.xlarge|g6.xlarge,region,ap-east-1,,3
2026-09-06T21:17:19Z,g-xlarge-trio,g5.xlarge|g4dn.xlarge|g6.xlarge,region,ap-southeast-2,,3
2026-09-06T21:17:19Z,g-xlarge-trio,g5.xlarge|g4dn.xlarge|g6.xlarge,region,ap-northeast-2,,9
2026-09-06T21:17:19Z,g-xlarge-trio,g5.xlarge|g4dn.xlarge|g6.xlarge,region,us-east-2,,9
2026-09-06T21:17:19Z,g-xlarge-trio,g5.xlarge|g4dn.xlarge|g6.xlarge,region,ap-southeast-3,,3
2026-09-06T21:17:19Z,g-xlarge-trio,g5.xlarge|g4dn.xlarge|g6.xlarge,region,us-east-1,,9
2026-09-06T21:17:19Z,g-xlarge-trio,g5.xlarge|g4dn.xlarge|g6.xlarge,region,ap-northeast-1,,9
2026-09-06T21:17:19Z,g-xlarge-trio,g5.xlarge|g4dn.xlarge|g6.xlarge,region,us-west-2,,9
2026-09-06T21:17:19Z,g-xlarge-trio,g5.xlarge|g4dn.xlarge|g6.xlarge,az,ap-northeast-2,apne2-az1,9
2026-09-06T21:17:19Z,g-xlarge-trio,g5.xlarge|g4dn.xlarge|g6.xlarge,az,ap-northeast-1,apne1-az4,9
2026-09-06T21:17:19Z,g-xlarge-trio,g5.xlarge|g4dn.xlarge|g6.xlarge,az,ap-northeast-2,apne2-az3,9
2026-09-06T21:17:19Z,g-xlarge-trio,g5.xlarge|g4dn.xlarge|g6.xlarge,az,us-west-2,usw2-az2,9
2026-09-06T21:17:19Z,g-xlarge-trio,g5.xlarge|g4dn.xlarge|g6.xlarge,az,us-east-1,use1-az4,9
2026-09-06T21:17:19Z,g-xlarge-trio,g5.xlarge|g4dn.xlarge|g6.xlarge,az,us-east-2,use2-az2,9
2026-09-06T21:17:19Z,g-xlarge-trio,g5.xlarge|g4dn.xlarge|g6.xlarge,az,ap-northeast-1,apne1-az1,9
2026-09-06T21:17:19Z,g-xlarge-trio,g5.xlarge|g4dn.xlarge|g6.xlarge,az,us-east-1,use1-az2,9
2026-09-06T21:17:19Z,g-xlarge-trio,g5.xlarge|g4dn.xlarge|g6.xlarge,az,us-east-1,use1-az6,9
2026-09-06T21:17:19Z,g-xlarge-trio,g5.xlarge|g4dn.xlarge|g6.xlarge,az,us-west-2,usw2-az1,9
2026-09-06T23:47:48Z,g5.xlarge,g5.xlarge,region,us-west-2,,1
2026-09-06T23:47:48Z,g5.xlarge,g5.xlarge,region,ap-northeast-2,,3
2026-09-06T23:47:48Z,g5.xlarge,g5.xlarge,region,us-east-2,,1
2026-09-06T23:47:48Z,g5.xlarge,g5.xlarge,region,ap-southeast-2,,1
2026-09-06T23:47:48Z,g5.xlarge,g5.xlarge,region,ap-east-1,,1
2026-09-06T23:47:48Z,g5.xlarge,g5.xlarge,region,ap-south-1,,1
2026-09-06T23:47:48Z,g5.xlarge,g5.xlarge,region,ap-southeast-3,,3
2026-09-06T23:47:48Z,g5.xlarge,g5.xlarge,region,us-east-1,,3
2026-09-06T23:47:48Z,g5.xlarge,g5.xlarge,region,ap-northeast-1,,1
2026-09-06T23:47:48Z,g5.xlarge,g5.xlarge,az,us-east-1,use1-az1,1
2026-09-06T23:47:48Z,g5.xlarge,g5.xlarge,az,ap-northeast-2,apne2-az3,3
2026-09-06T23:47:48Z,g5.xlarge,g5.xlarge,az,us-east-1,use1-az4,1
2026-09-06T23:47:48Z,g5.xlarge,g5.xlarge,az,ap-southeast-2,apse2-az2,1
2026-09-06T23:47:48Z,g5.xlarge,g5.xlarge,az,us-west-2,usw2-az3,1
2026-09-06T23:47:48Z,g5.xlarge,g5.xlarge,az,ap-east-1,ape1-az2,1
2026-09-06T23:47:48Z,g5.xlarge,g5.xlarge,az,ap-northeast-2,apne2-az4,3
2026-09-06T23:47:48Z,g5.xlarge,g5.xlarge,az,us-east-1,use1-az6,1
2026-09-06T23:47:48Z,g5.xlarge,g5.xlarge,az,ap-northeast-2,apne2-az1,3
2026-09-06T23:47:48Z,g5.xlarge,g5.xlarge,az,ap-southeast-3,apse3-az3,3
2026-09-06T23:47:48Z,g-xlarge-trio,g5.xlarge|g4dn.xlarge|g6.xlarge,region,ap-south-1,,3
2026-09-06T23:47:48Z,g-xlarge-trio,g5.xlarge|g4dn.xlarge|g6.xlarge,region,ap-east-1,,3
2026-09-06T23:47:48Z,g-xlarge-trio,g5.xlarge|g4dn.xlarge|g6.xlarge,region,ap-southeast-2,,1
2026-09-06T23:47:48Z,g-xlarge-trio,g5.xlarge|g4dn.xlarge|g6.xlarge,region,ap-northeast-2,,9
2026-09-06T23:47:48Z,g-xlarge-trio,g5.xlarge|g4dn.xlarge|g6.xlarge,region,us-east-2,,9
2026-09-06T23:47:48Z,g-xlarge-trio,g5.xlarge|g4dn.xlarge|g6.xlarge,region,ap-southeast-3,,3
2026-09-06T23:47:48Z,g-xlarge-trio,g5.xlarge|g4dn.xlarge|g6.xlarge,region,us-east-1,,9
2026-09-06T23:47:48Z,g-xlarge-trio,g5.xlarge|g4dn.xlarge|g6.xlarge,region,ap-northeast-1,,9
2026-09-06T23:47:48Z,g-xlarge-trio,g5.xlarge|g4dn.xlarge|g6.xlarge,region,us-west-2,,7
2026-09-06T23:47:48Z,g-xlarge-trio,g5.xlarge|g4dn.xlarge|g6.xlarge,az,us-east-2,use2-az1,9
2026-09-06T23:47:48Z,g-xlarge-trio,g5.xlarge|g4dn.xlarge|g6.xlarge,az,ap-northeast-1,apne1-az1,9
2026-09-06T23:47:48Z,g-xlarge-trio,g5.xlarge|g4dn.xlarge|g6.xlarge,az,ap-northeast-2,apne2-az1,9
2026-09-06T23:47:48Z,g-xlarge-trio,g5.xlarge|g4dn.xlarge|g6.xlarge,az,ap-southeast-3,apse3-az3,3
2026-09-06T23:47:48Z,g-xlarge-trio,g5.xlarge|g4dn.xlarge|g6.xlarge,az,us-east-2,use2-az3,3
2026-09-06T23:47:48Z,g-xlarge-trio,g5.xlarge|g4dn.xlarge|g6.xlarge,az,ap-northeast-2,apne2-az3,9
2026-09-06T23:47:48Z,g-xlarge-trio,g5.xlarge|g4dn.xlarge|g6.xlarge,az,us-east-1,use1-az2,9
2026-09-06T23:47:48Z,g-xlarge-trio,g5.xlarge|g4dn.xlarge|g6.xlarge,az,ap-northeast-1,apne1-az4,9
2026-09-06T23:47:48Z,g-xlarge-trio,g5.xlarge|g4dn.xlarge|g6.xlarge,az,us-east-2,use2-az2,9
2026-09-06T23:47:48Z,g-xlarge-trio,g5.xlarge|g4dn.xlarge|g6.xlarge,az,us-east-1,use1-az6,9
2026-09-07T04:26:59Z,g5.xlarge,g5.xlarge,region,us-east-1,,3
2026-09-07T04:26:59Z,g5.xlarge,g5.xlarge,region,ap-northeast-1,,1
2026-09-07T04:26:59Z,g5.xlarge,g5.xlarge,region,us-west-2,,1
2026-09-07T04:26:59Z,g5.xlarge,g5.xlarge,region,ap-northeast-2,,3
2026-09-07T04:26:59Z,g5.xlarge,g5.xlarge,region,us-east-2,,3
2026-09-07T04:26:59Z,g5.xlarge,g5.xlarge,region,ap-southeast-3,,1
2026-09-07T04:26:59Z,g5.xlarge,g5.xlarge,region,ap-southeast-2,,1
2026-09-07T04:26:59Z,g5.xlarge,g5.xlarge,region,ap-south-1,,1
2026-09-07T04:26:59Z,g5.xlarge,g5.xlarge,region,ap-east-1,,1
2026-09-07T04:26:59Z,g5.xlarge,g5.xlarge,az,ap-southeast-2,apse2-az1,1
2026-09-07T04:26:59Z,g5.xlarge,g5.xlarge,az,ap-south-1,aps1-az3,1
2026-09-07T04:26:59Z,g5.xlarge,g5.xlarge,az,ap-east-1,ape1-az2,1
2026-09-07T04:26:59Z,g5.xlarge,g5.xlarge,az,ap-southeast-2,apse2-az2,1
2026-09-07T04:26:59Z,g5.xlarge,g5.xlarge,az,us-west-2,usw2-az2,1
2026-09-07T04:26:59Z,g5.xlarge,g5.xlarge,az,ap-northeast-2,apne2-az4,3
2026-09-07T04:26:59Z,g5.xlarge,g5.xlarge,az,ap-northeast-2,apne2-az3,3
2026-09-07T04:26:59Z,g5.xlarge,g5.xlarge,az,us-east-2,use2-az3,3
2026-09-07T04:26:59Z,g5.xlarge,g5.xlarge,az,ap-northeast-2,apne2-az1,3
2026-09-07T04:26:59Z,g5.xlarge,g5.xlarge,az,us-east-2,use2-az2,3
2026-09-07T04:26:59Z,g-xlarge-trio,g5.xlarge|g4dn.xlarge|g6.xlarge,region,us-west-2,,1
2026-09-07T04:26:59Z,g-xlarge-trio,g5.xlarge|g4dn.xlarge|g6.xlarge,region,ap-northeast-2,,9
2026-09-07T04:26:59Z,g-xlarge-trio,g5.xlarge|g4dn.xlarge|g6.xlarge,region,us-east-2,,9
2026-09-07T04:26:59Z,g-xlarge-trio,g5.xlarge|g4dn.xlarge|g6.xlarge,region,ap-southeast-2,,1
2026-09-07T04:26:59Z,g-xlarge-trio,g5.xlarge|g4dn.xlarge|g6.xlarge,region,ap-east-1,,3
2026-09-07T04:26:59Z,g-xlarge-trio,g5.xlarge|g4dn.xlarge|g6.xlarge,region,ap-south-1,,3
2026-09-07T04:26:59Z,g-xlarge-trio,g5.xlarge|g4dn.xlarge|g6.xlarge,region,ap-southeast-3,,1
2026-09-07T04:26:59Z,g-xlarge-trio,g5.xlarge|g4dn.xlarge|g6.xlarge,region,us-east-1,,9
2026-09-07T04:26:59Z,g-xlarge-trio,g5.xlarge|g4dn.xlarge|g6.xlarge,region,ap-northeast-1,,1
2026-09-07T04:26:59Z,g-xlarge-trio,g5.xlarge|g4dn.xlarge|g6.xlarge,az,ap-east-1,ape1-az2,3
2026-09-07T04:26:59Z,g-xlarge-trio,g5.xlarge|g4dn.xlarge|g6.xlarge,az,us-east-2,use2-az1,9
2026-09-07T04:26:59Z,g-xlarge-trio,g5.xlarge|g4dn.xlarge|g6.xlarge,az,us-east-2,use2-az2,9
2026-09-07T04:26:59Z,g-xlarge-trio,g5.xlarge|g4dn.xlarge|g6.xlarge,az,us-east-1,use1-az6,9
2026-09-07T04:26:59Z,g-xlarge-trio,g5.xlarge|g4dn.xlarge|g6.xlarge,az,us-east-1,use1-az2,9
2026-09-07T04:26:59Z,g-xlarge-trio,g5.xlarge|g4dn.xlarge|g6.xlarge,az,ap-south-1,aps1-az2,3
2026-09-07T04:26:59Z,g-xlarge-trio,g5.xlarge|g4dn.xlarge|g6.xlarge,az,us-east-2,use2-az3,3
2026-09-07T04:26:59Z,g-xlarge-trio,g5.xlarge|g4dn.xlarge|g6.xlarge,az,ap-northeast-2,apne2-az3,9
2026-09-07T04:26:59Z,g-xlarge-trio,g5.xlarge|g4dn.xlarge|g6.xlarge,az,us-east-1,use1-az4,9
2026-09-07T04:26:59Z,g-xlarge-trio,g5.xlarge|g4dn.xlarge|g6.xlarge,az,ap-northeast-2,apne2-az1,9
2026-09-07T10:10:33Z,g5.xlarge,g5.xlarge,region,us-east-2,,1
2026-09-07T10:10:33Z,g5.xlarge,g5.xlarge,region,ap-northeast-2,,3
2026-09-07T10:10:33Z,g5.xlarge,g5.xlarge,region,ap-southeast-2,,1
2026-09-07T10:10:33Z,g5.xlarge,g5.xlarge,region,ap-south-1,,1
2026-09-07T10:10:33Z,g5.xlarge,g5.xlarge,region,ap-east-1,,1
2026-09-07T10:10:33Z,g5.xlarge,g5.xlarge,region,ap-northeast-1,,1
2026-09-07T10:10:33Z,g5.xlarge,g5.xlarge,region,us-west-2,,1
2026-09-07T10:10:33Z,g5.xlarge,g5.xlarge,region,us-east-1,,2
2026-09-07T10:10:33Z,g5.xlarge,g5.xlarge,region,ap-southeast-3,,3
2026-09-07T10:10:33Z,g5.xlarge,g5.xlarge,az,ap-south-1,aps1-az3,1
2026-09-07T10:10:33Z,g5.xlarge,g5.xlarge,az,ap-east-1,ape1-az2,1
2026-09-07T10:10:33Z,g5.xlarge,g5.xlarge,az,ap-southeast-2,apse2-az1,1
2026-09-07T10:10:33Z,g5.xlarge,g5.xlarge,az,ap-northeast-2,apne2-az1,3
2026-09-07T10:10:33Z,g5.xlarge,g5.xlarge,az,ap-northeast-1,apne1-az1,1
2026-09-07T10:10:33Z,g5.xlarge,g5.xlarge,az,us-east-1,use1-az5,1
2026-09-07T10:10:33Z,g5.xlarge,g5.xlarge,az,ap-southeast-3,apse3-az3,3
2026-09-07T10:10:33Z,g5.xlarge,g5.xlarge,az,us-east-2,use2-az3,1
2026-09-07T10:10:33Z,g5.xlarge,g5.xlarge,az,ap-northeast-2,apne2-az3,3
2026-09-07T10:10:33Z,g5.xlarge,g5.xlarge,az,ap-northeast-2,apne2-az4,3
2026-09-07T10:10:33Z,g-xlarge-trio,g5.xlarge|g4dn.xlarge|g6.xlarge,region,ap-south-1,,3
2026-09-07T10:10:33Z,g-xlarge-trio,g5.xlarge|g4dn.xlarge|g6.xlarge,region,ap-east-1,,3
2026-09-07T10:10:33Z,g-xlarge-trio,g5.xlarge|g4dn.xlarge|g6.xlarge,region,ap-southeast-2,,1
2026-09-07T10:10:33Z,g-xlarge-trio,g5.xlarge|g4dn.xlarge|g6.xlarge,region,ap-northeast-2,,9
2026-09-07T10:10:33Z,g-xlarge-trio,g5.xlarge|g4dn.xlarge|g6.xlarge,region,us-east-2,,9
2026-09-07T10:10:33Z,g-xlarge-trio,g5.xlarge|g4dn.xlarge|g6.xlarge,region,ap-southeast-3,,3
2026-09-07T10:10:33Z,g-xlarge-trio,g5.xlarge|g4dn.xlarge|g6.xlarge,region,us-east-1,,9
2026-09-07T10:10:33Z,g-xlarge-trio,g5.xlarge|g4dn.xlarge|g6.xlarge,region,ap-northeast-1,,2
2026-09-07T10:10:33Z,g-xlarge-trio,g5.xlarge|g4dn.xlarge|g6.xlarge,region,us-west-2,,9
2026-09-07T10:10:33Z,g-xlarge-trio,g5.xlarge|g4dn.xlarge|g6.xlarge,az,us-west-2,usw2-az3,9
2026-09-07T10:10:33Z,g-xlarge-trio,g5.xlarge|g4dn.xlarge|g6.xlarge,az,us-east-2,use2-az1,9
2026-09-07T10:10:33Z,g-xlarge-trio,g5.xlarge|g4dn.xlarge|g6.xlarge,az,us-east-2,use2-az2,9
2026-09-07T10:10:33Z,g-xlarge-trio,g5.xlarge|g4dn.xlarge|g6.xlarge,az,us-west-2,usw2-az1,9
2026-09-07T10:10:33Z,g-xlarge-trio,g5.xlarge|g4dn.xlarge|g6.xlarge,az,us-east-1,use1-az6,9
2026-09-07T10:10:33Z,g-xlarge-trio,g5.xlarge|g4dn.xlarge|g6.xlarge,az,ap-northeast-2,apne2-az1,9
2026-09-07T10:10:33Z,g-xlarge-trio,g5.xlarge|g4dn.xlarge|g6.xlarge,az,us-east-1,use1-az4,9
2026-09-07T10:10:33Z,g-xlarge-trio,g5.xlarge|g4dn.xlarge|g6.xlarge,az,us-east-1,use1-az2,9
2026-09-07T10:10:33Z,g-xlarge-trio,g5.xlarge|g4dn.xlarge|g6.xlarge,az,ap-northeast-2,apne2-az3,9
2026-09-07T10:10:33Z,g-xlarge-trio,g5.xlarge|g4dn.xlarge|g6.xlarge,az,us-west-2,usw2-az2,4
2026-09-07T16:24:49Z,g5.xlarge,g5.xlarge,region,ap-south-1,,3
2026-09-07T16:24:49Z,g5.xlarge,g5.xlarge,region,ap-east-1,,1
2026-09-07T16:24:49Z,g5.xlarge,g5.xlarge,region,us-west-2,,2
2026-09-07T16:24:49Z,g5.xlarge,g5.xlarge,region,ap-northeast-1,,1
2026-09-07T16:24:49Z,g5.xlarge,g5.xlarge,region,us-east-1,,3
2026-09-07T16:24:49Z,g5.xlarge,g5.xlarge,region,ap-southeast-3,,3
2026-09-07T16:24:49Z,g5.xlarge,g5.xlarge,region,us-east-2,,1
2026-09-07T16:24:49Z,g5.xlarge,g5.xlarge,region,ap-northeast-2,,3
2026-09-07T16:24:49Z,g5.xlarge,g5.xlarge,region,ap-southeast-2,,1
2026-09-07T16:24:49Z,g5.xlarge,g5.xlarge,az,us-west-2,usw2-az1,1
2026-09-07T16:24:49Z,g5.xlarge,g5.xlarge,az,us-east-1,use1-az5,1
2026-09-07T16:24:49Z,g5.xlarge,g5.xlarge,az,ap-northeast-1,apne1-az4,1
2026-09-07T16:24:49Z,g5.xlarge,g5.xlarge,az,us-east-2,use2-az3,1
2026-09-07T16:24:49Z,g5.xlarge,g5.xlarge,az,ap-northeast-2,apne2-az1,3
2026-09-07T16:24:49Z,g5.xlarge,g5.xlarge,az,ap-south-1,aps1-az1,3
2026-09-07T16:24:49Z,g5.xlarge,g5.xlarge,az,ap-northeast-2,apne2-az3,3
2026-09-07T16:24:49Z,g5.xlarge,g5.xlarge,az,ap-southeast-3,apse3-az3,3
2026-09-07T16:24:49Z,g5.xlarge,g5.xlarge,az,ap-south-1,aps1-az3,3
2026-09-07T16:24:49Z,g5.xlarge,g5.xlarge,az,ap-northeast-2,apne2-az4,3
2026-09-07T16:24:49Z,g-xlarge-trio,g5.xlarge|g4dn.xlarge|g6.xlarge,region,ap-northeast-2,,9
2026-09-07T16:24:49Z,g-xlarge-trio,g5.xlarge|g4dn.xlarge|g6.xlarge,region,us-east-2,,9
2026-09-07T16:24:49Z,g-xlarge-trio,g5.xlarge|g4dn.xlarge|g6.xlarge,region,ap-southeast-2,,3
2026-09-07T16:24:49Z,g-xlarge-trio,g5.xlarge|g4dn.xlarge|g6.xlarge,region,ap-south-1,,3
2026-09-07T16:24:49Z,g-xlarge-trio,g5.xlarge|g4dn.xlarge|g6.xlarge,region,ap-east-1,,3
2026-09-07T16:24:49Z,g-xlarge-trio,g5.xlarge|g4dn.xlarge|g6.xlarge,region,us-east-1,,9
2026-09-07T16:24:49Z,g-xlarge-trio,g5.xlarge|g4dn.xlarge|g6.xlarge,region,ap-northeast-1,,9
2026-09-07T16:24:49Z,g-xlarge-trio,g5.xlarge|g4dn.xlarge|g6.xlarge,region,us-west-2,,9
2026-09-07T16:24:49Z,g-xlarge-trio,g5.xlarge|g4dn.xlarge|g6.xlarge,region,ap-southeast-3,,3
2026-09-07T16:24:49Z,g-xlarge-trio,g5.xlarge|g4dn.xlarge|g6.xlarge,az,us-west-2,usw2-az3,9
2026-09-07T16:24:49Z,g-xlarge-trio,g5.xlarge|g4dn.xlarge|g6.xlarge,az,us-west-2,usw2-az1,9
2026-09-07T16:24:49Z,g-xlarge-trio,g5.xlarge|g4dn.xlarge|g6.xlarge,az,ap-northeast-1,apne1-az4,9
2026-09-07T16:24:49Z,g-xlarge-trio,g5.xlarge|g4dn.xlarge|g6.xlarge,az,us-east-2,use2-az2,9
2026-09-07T16:24:49Z,g-xlarge-trio,g5.xlarge|g4dn.xlarge|g6.xlarge,az,us-east-1,use1-az6,9
2026-09-07T16:24:49Z,g-xlarge-trio,g5.xlarge|g4dn.xlarge|g6.xlarge,az,us-east-1,use1-az2,9
2026-09-07T16:24:49Z,g-xlarge-trio,g5.xlarge|g4dn.xlarge|g6.xlarge,az,us-west-2,usw2-az2,9
2026-09-07T16:24:49Z,g-xlarge-trio,g5.xlarge|g4dn.xlarge|g6.xlarge,az,ap-northeast-2,apne2-az3,9
2026-09-07T16:24:49Z,g-xlarge-trio,g5.xlarge|g4dn.xlarge|g6.xlarge,az,us-east-1,use1-az4,9
2026-09-07T16:24:49Z,g-xlarge-trio,g5.xlarge|g4dn.xlarge|g6.xlarge,az,ap-northeast-1,apne1-az1,9
2026-09-07T20:30:57Z,g5.xlarge,g5.xlarge,region,us-west-2,,1
2026-09-07T20:30:57Z,g5.xlarge,g5.xlarge,region,ap-northeast-1,,2
2026-09-07T20:30:57Z,g5.xlarge,g5.xlarge,region,us-east-1,,2
2026-09-07T20:30:57Z,g5.xlarge,g5.xlarge,region,us-east-2,,1
2026-09-07T20:30:57Z,g5.xlarge,g5.xlarge,region,ap-northeast-2,,3
2026-09-07T20:30:57Z,g5.xlarge,g5.xlarge,region,ap-southeast-2,,1
2026-09-07T20:30:57Z,g5.xlarge,g5.xlarge,region,ap-southeast-3,,3
2026-09-07T20:30:57Z,g5.xlarge,g5.xlarge,region,ap-south-1,,1
2026-09-07T20:30:57Z,g5.xlarge,g5.xlarge,region,ap-east-1,,1
2026-09-07T20:30:57Z,g5.xlarge,g5.xlarge,az,ap-south-1,aps1-az1,1
2026-09-07T20:30:57Z,g5.xlarge,g5.xlarge,az,us-west-2,usw2-az3,1
2026-09-07T20:30:57Z,g5.xlarge,g5.xlarge,az,us-east-2,use2-az1,1
2026-09-07T20:30:57Z,g5.xlarge,g5.xlarge,az,us-east-2,use2-az2,1
2026-09-07T20:30:57Z,g5.xlarge,g5.xlarge,az,ap-northeast-2,apne2-az4,3
2026-09-07T20:30:57Z,g5.xlarge,g5.xlarge,az,us-east-1,use1-az6,1
2026-09-07T20:30:57Z,g5.xlarge,g5.xlarge,az,ap-east-1,ape1-az1,1
2026-09-07T20:30:57Z,g5.xlarge,g5.xlarge,az,ap-northeast-1,apne1-az4,2
2026-09-07T20:30:57Z,g5.xlarge,g5.xlarge,az,ap-northeast-2,apne2-az1,3
2026-09-07T20:30:57Z,g5.xlarge,g5.xlarge,az,ap-southeast-3,apse3-az3,3
2026-09-07T20:30:57Z,g-xlarge-trio,g5.xlarge|g4dn.xlarge|g6.xlarge,region,ap-south-1,,3
2026-09-07T20:30:57Z,g-xlarge-trio,g5.xlarge|g4dn.xlarge|g6.xlarge,region,ap-east-1,,3
2026-09-07T20:30:57Z,g-xlarge-trio,g5.xlarge|g4dn.xlarge|g6.xlarge,region,ap-southeast-2,,1
2026-09-07T20:30:57Z,g-xlarge-trio,g5.xlarge|g4dn.xlarge|g6.xlarge,region,ap-northeast-2,,9
2026-09-07T20:30:57Z,g-xlarge-trio,g5.xlarge|g4dn.xlarge|g6.xlarge,region,us-east-2,,9
2026-09-07T20:30:57Z,g-xlarge-trio,g5.xlarge|g4dn.xlarge|g6.xlarge,region,ap-southeast-3,,3
2026-09-07T20:30:57Z,g-xlarge-trio,g5.xlarge|g4dn.xlarge|g6.xlarge,region,us-east-1,,9
2026-09-07T20:30:57Z,g-xlarge-trio,g5.xlarge|g4dn.xlarge|g6.xlarge,region,ap-northeast-1,,9
2026-09-07T20:30:57Z,g-xlarge-trio,g5.xlarge|g4dn.xlarge|g6.xlarge,region,us-west-2,,9
2026-09-07T20:30:57Z,g-xlarge-trio,g5.xlarge|g4dn.xlarge|g6.xlarge,az,us-west-2,usw2-az2,9
2026-09-07T20:30:57Z,g-xlarge-trio,g5.xlarge|g4dn.xlarge|g6.xlarge,az,us-east-1,use1-az6,9
2026-09-07T20:30:57Z,g-xlarge-trio,g5.xlarge|g4dn.xlarge|g6.xlarge,az,ap-south-1,aps1-az1,3
2026-09-07T20:30:57Z,g-xlarge-trio,g5.xlarge|g4dn.xlarge|g6.xlarge,az,us-west-2,usw2-az3,9
2026-09-07T20:30:57Z,g-xlarge-trio,g5.xlarge|g4dn.xlarge|g6.xlarge,az,ap-northeast-2,apne2-az1,9
2026-09-07T20:30:57Z,g-xlarge-trio,g5.xlarge|g4dn.xlarge|g6.xlarge,az,ap-northeast-1,apne1-az1,9
2026-09-07T20:30:57Z,g-xlarge-trio,g5.xlarge|g4dn.xlarge|g6.xlarge,az,ap-northeast-2,apne2-az3,9
2026-09-07T20:30:57Z,g-xlarge-trio,g5.xlarge|g4dn.xlarge|g6.xlarge,az,ap-northeast-1,apne1-az4,9
2026-09-07T20:30:57Z,g-xlarge-trio,g5.xlarge|g4dn.xlarge|g6.xlarge,az,us-west-2,usw2-az1,9
2026-09-07T20:30:57Z,g-xlarge-trio,g5.xlarge|g4dn.xlarge|g6.xlarge,az,us-east-2,use2-az2,9
2026-09-07T23:27:18Z,g5.xlarge,g5.xlarge,region,us-east-1,,2
2026-09-07T23:27:18Z,g5.xlarge,g5.xlarge,region,ap-northeast-1,,2
2026-09-07T23:27:18Z,g5.xlarge,g5.xlarge,region,us-west-2,,3
2026-09-07T23:27:18Z,g5.xlarge,g5.xlarge,region,ap-northeast-2,,3
2026-09-07T23:27:18Z,g5.xlarge,g5.xlarge,region,us-east-2,,3
2026-09-07T23:27:18Z,g5.xlarge,g5.xlarge,region,ap-southeast-3,,3
2026-09-07T23:27:18Z,g5.xlarge,g5.xlarge,region,ap-southeast-2,,1
2026-09-07T23:27:18Z,g5.xlarge,g5.xlarge,region,ap-south-1,,1
2026-09-07T23:27:18Z,g5.xlarge,g5.xlarge,region,ap-east-1,,1
2026-09-07T23:27:18Z,g5.xlarge,g5.xlarge,az,us-west-2,usw2-az3,3
2026-09-07T23:27:18Z,g5.xlarge,g5.xlarge,az,ap-south-1,aps1-az3,1
2026-09-07T23:27:18Z,g5.xlarge,g5.xlarge,az,ap-east-1,ape1-az2,1
2026-09-07T23:27:18Z,g5.xlarge,g5.xlarge,az,ap-southeast-2,apse2-az1,1
2026-09-07T23:27:18Z,g5.xlarge,g5.xlarge,az,ap-northeast-2,apne2-az1,3
2026-09-07T23:27:18Z,g5.xlarge,g5.xlarge,az,us-east-2,use2-az3,3
2026-09-07T23:27:18Z,g5.xlarge,g5.xlarge,az,ap-southeast-3,apse3-az3,3
2026-09-07T23:27:18Z,g5.xlarge,g5.xlarge,az,us-west-2,usw2-az2,3
2026-09-07T23:27:18Z,g5.xlarge,g5.xlarge,az,us-west-2,usw2-az1,3
2026-09-07T23:27:18Z,g5.xlarge,g5.xlarge,az,ap-northeast-2,apne2-az4,3
2026-09-07T23:27:18Z,g-xlarge-trio,g5.xlarge|g4dn.xlarge|g6.xlarge,region,ap-south-1,,3
2026-09-07T23:27:18Z,g-xlarge-trio,g5.xlarge|g4dn.xlarge|g6.xlarge,region,ap-east-1,,3
2026-09-07T23:27:18Z,g-xlarge-trio,g5.xlarge|g4dn.xlarge|g6.xlarge,region,ap-southeast-2,,1
2026-09-07T23:27:18Z,g-xlarge-trio,g5.xlarge|g4dn.xlarge|g6.xlarge,region,ap-northeast-2,,9
2026-09-07T23:27:18Z,g-xlarge-trio,g5.xlarge|g4dn.xlarge|g6.xlarge,region,us-east-2,,9
2026-09-07T23:27:18Z,g-xlarge-trio,g5.xlarge|g4dn.xlarge|g6.xlarge,region,ap-southeast-3,,3
2026-09-07T23:27:18Z,g-xlarge-trio,g5.xlarge|g4dn.xlarge|g6.xlarge,region,us-east-1,,9
2026-09-07T23:27:18Z,g-xlarge-trio,g5.xlarge|g4dn.xlarge|g6.xlarge,region,ap-northeast-1,,9
2026-09-07T23:27:18Z,g-xlarge-trio,g5.xlarge|g4dn.xlarge|g6.xlarge,region,us-west-2,,9
2026-09-07T23:27:18Z,g-xlarge-trio,g5.xlarge|g4dn.xlarge|g6.xlarge,az,us-west-2,usw2-az3,9
2026-09-07T23:27:18Z,g-xlarge-trio,g5.xlarge|g4dn.xlarge|g6.xlarge,az,us-east-2,use2-az2,9
2026-09-07T23:27:18Z,g-xlarge-trio,g5.xlarge|g4dn.xlarge|g6.xlarge,az,us-west-2,usw2-az1,9
2026-09-07T23:27:18Z,g-xlarge-trio,g5.xlarge|g4dn.xlarge|g6.xlarge,az,us-east-1,use1-az6,9
2026-09-07T23:27:18Z,g-xlarge-trio,g5.xlarge|g4dn.xlarge|g6.xlarge,az,ap-northeast-1,apne1-az4,9
2026-09-07T23:27:18Z,g-xlarge-trio,g5.xlarge|g4dn.xlarge|g6.xlarge,az,ap-northeast-2,apne2-az1,9
2026-09-07T23:27:18Z,g-xlarge-trio,g5.xlarge|g4dn.xlarge|g6.xlarge,az,ap-northeast-1,apne1-az1,9
2026-09-07T23:27:18Z,g-xlarge-trio,g5.xlarge|g4dn.xlarge|g6.xlarge,az,us-east-2,use2-az3,9
2026-09-07T23:27:18Z,g-xlarge-trio,g5.xlarge|g4dn.xlarge|g6.xlarge,az,us-east-1,use1-az4,9
2026-09-07T23:27:18Z,g-xlarge-trio,g5.xlarge|g4dn.xlarge|g6.xlarge,az,us-east-1,use1-az2,9
2026-09-08T04:26:05Z,g5.xlarge,g5.xlarge,region,us-west-2,,3
2026-09-08T04:26:05Z,g5.xlarge,g5.xlarge,region,ap-northeast-1,,2
2026-09-08T04:26:05Z,g5.xlarge,g5.xlarge,region,us-east-1,,3
2026-09-08T04:26:05Z,g5.xlarge,g5.xlarge,region,us-east-2,,3
2026-09-08T04:26:05Z,g5.xlarge,g5.xlarge,region,ap-northeast-2,,3
2026-09-08T04:26:05Z,g5.xlarge,g5.xlarge,region,ap-southeast-2,,1
2026-09-08T04:26:05Z,g5.xlarge,g5.xlarge,region,ap-southeast-3,,2
2026-09-08T04:26:05Z,g5.xlarge,g5.xlarge,region,ap-south-1,,1
2026-09-08T04:26:05Z,g5.xlarge,g5.xlarge,region,ap-east-1,,1
2026-09-08T04:26:05Z,g5.xlarge,g5.xlarge,az,us-west-2,usw2-az3,3
2026-09-08T04:26:05Z,g5.xlarge,g5.xlarge,az,ap-south-1,aps1-az1,1
2026-09-08T04:26:05Z,g5.xlarge,g5.xlarge,az,us-east-2,use2-az1,1
2026-09-08T04:26:05Z,g5.xlarge,g5.xlarge,az,us-east-2,use2-az2,2
2026-09-08T04:26:05Z,g5.xlarge,g5.xlarge,az,ap-northeast-2,apne2-az4,3
2026-09-08T04:26:05Z,g5.xlarge,g5.xlarge,az,us-east-1,use1-az5,3
2026-09-08T04:26:05Z,g5.xlarge,g5.xlarge,az,ap-northeast-2,apne2-az1,3
2026-09-08T04:26:05Z,g5.xlarge,g5.xlarge,az,ap-southeast-3,apse3-az3,2
2026-09-08T04:26:05Z,g5.xlarge,g5.xlarge,az,us-east-2,use2-az3,3
2026-09-08T04:26:05Z,g5.xlarge,g5.xlarge,az,ap-northeast-2,apne2-az3,3
2026-09-08T04:26:05Z,g-xlarge-trio,g5.xlarge|g4dn.xlarge|g6.xlarge,region,ap-south-1,,3
2026-09-08T04:26:05Z,g-xlarge-trio,g5.xlarge|g4dn.xlarge|g6.xlarge,region,ap-east-1,,3
2026-09-08T04:26:05Z,g-xlarge-trio,g5.xlarge|g4dn.xlarge|g6.xlarge,region,us-west-2,,9
2026-09-08T04:26:05Z,g-xlarge-trio,g5.xlarge|g4dn.xlarge|g6.xlarge,region,ap-northeast-1,,4
2026-09-08T04:26:05Z,g-xlarge-trio,g5.xlarge|g4dn.xlarge|g6.xlarge,region,us-east-1,,9
2026-09-08T04:26:05Z,g-xlarge-trio,g5.xlarge|g4dn.xlarge|g6.xlarge,region,ap-southeast-3,,2
2026-09-08T04:26:05Z,g-xlarge-trio,g5.xlarge|g4dn.xlarge|g6.xlarge,region,us-east-2,,9
2026-09-08T04:26:05Z,g-xlarge-trio,g5.xlarge|g4dn.xlarge|g6.xlarge,region,ap-northeast-2,,9
2026-09-08T04:26:05Z,g-xlarge-trio,g5.xlarge|g4dn.xlarge|g6.xlarge,region,ap-southeast-2,,1
2026-09-08T04:26:05Z,g-xlarge-trio,g5.xlarge|g4dn.xlarge|g6.xlarge,az,us-west-2,usw2-az3,9
2026-09-08T04:26:05Z,g-xlarge-trio,g5.xlarge|g4dn.xlarge|g6.xlarge,az,us-east-2,use2-az1,9
2026-09-08T04:26:05Z,g-xlarge-trio,g5.xlarge|g4dn.xlarge|g6.xlarge,az,ap-northeast-2,apne2-az1,9
2026-09-08T04:26:05Z,g-xlarge-trio,g5.xlarge|g4dn.xlarge|g6.xlarge,az,us-east-2,use2-az3,9
2026-09-08T04:26:05Z,g-xlarge-trio,g5.xlarge|g4dn.xlarge|g6.xlarge,az,ap-northeast-2,apne2-az3,9
2026-09-08T04:26:05Z,g-xlarge-trio,g5.xlarge|g4dn.xlarge|g6.xlarge,az,us-east-1,use1-az4,9
2026-09-08T04:26:05Z,g-xlarge-trio,g5.xlarge|g4dn.xlarge|g6.xlarge,az,us-east-1,use1-az2,9
2026-09-08T04:26:05Z,g-xlarge-trio,g5.xlarge|g4dn.xlarge|g6.xlarge,az,us-west-2,usw2-az2,9
2026-09-08T04:26:05Z,g-xlarge-trio,g5.xlarge|g4dn.xlarge|g6.xlarge,az,us-west-2,usw2-az1,9
2026-09-08T04:26:05Z,g-xlarge-trio,g5.xlarge|g4dn.xlarge|g6.xlarge,az,us-east-1,use1-az6,9
2026-09-08T09:34:32Z,g5.xlarge,g5.xlarge,region,us-east-2,,3
2026-09-08T09:34:32Z,g5.xlarge,g5.xlarge,region,ap-northeast-2,,3
2026-09-08T09:34:32Z,g5.xlarge,g5.xlarge,region,ap-southeast-2,,1
2026-09-08T09:34:32Z,g5.xlarge,g5.xlarge,region,ap-south-1,,2
2026-09-08T09:34:32Z,g5.xlarge,g5.xlarge,region,ap-east-1,,1
2026-09-08T09:34:32Z,g5.xlarge,g5.xlarge,region,ap-northeast-1,,1
2026-09-08T09:34:32Z,g5.xlarge,g5.xlarge,region,us-west-2,,1
2026-09-08T09:34:32Z,g5.xlarge,g5.xlarge,region,us-east-1,,3
2026-09-08T09:34:32Z,g5.xlarge,g5.xlarge,region,ap-southeast-3,,1
2026-09-08T09:34:32Z,g5.xlarge,g5.xlarge,az,ap-south-1,aps1-az1,1
2026-09-08T09:34:32Z,g5.xlarge,g5.xlarge,az,us-east-1,use1-az6,1
2026-09-08T09:34:32Z,g5.xlarge,g5.xlarge,az,us-west-2,usw2-az3,1
2026-09-08T09:34:32Z,g5.xlarge,g5.xlarge,az,us-east-1,use1-az2,1
2026-09-08T09:34:32Z,g5.xlarge,g5.xlarge,az,ap-southeast-3,apse3-az1,1
2026-09-08T09:34:32Z,g5.xlarge,g5.xlarge,az,us-east-2,use2-az1,1
2026-09-08T09:34:32Z,g5.xlarge,g5.xlarge,az,ap-northeast-2,apne2-az1,2
2026-09-08T09:34:32Z,g5.xlarge,g5.xlarge,az,us-east-2,use2-az3,3
2026-09-08T09:34:32Z,g5.xlarge,g5.xlarge,az,ap-northeast-2,apne2-az4,3
2026-09-08T09:34:32Z,g5.xlarge,g5.xlarge,az,us-east-2,use2-az2,3
2026-09-08T09:34:32Z,g-xlarge-trio,g5.xlarge|g4dn.xlarge|g6.xlarge,region,ap-northeast-2,,9
2026-09-08T09:34:32Z,g-xlarge-trio,g5.xlarge|g4dn.xlarge|g6.xlarge,region,us-east-2,,9
2026-09-08T09:34:32Z,g-xlarge-trio,g5.xlarge|g4dn.xlarge|g6.xlarge,region,ap-southeast-2,,1
2026-09-08T09:34:32Z,g-xlarge-trio,g5.xlarge|g4dn.xlarge|g6.xlarge,region,us-east-1,,9
2026-09-08T09:34:32Z,g-xlarge-trio,g5.xlarge|g4dn.xlarge|g6.xlarge,region,us-west-2,,9
2026-09-08T09:34:32Z,g-xlarge-trio,g5.xlarge|g4dn.xlarge|g6.xlarge,region,ap-northeast-1,,3
2026-09-08T09:34:32Z,g-xlarge-trio,g5.xlarge|g4dn.xlarge|g6.xlarge,region,ap-south-1,,3
2026-09-08T09:34:32Z,g-xlarge-trio,g5.xlarge|g4dn.xlarge|g6.xlarge,region,ap-east-1,,3
2026-09-08T09:34:32Z,g-xlarge-trio,g5.xlarge|g4dn.xlarge|g6.xlarge,region,ap-southeast-3,,1
2026-09-08T09:34:32Z,g-xlarge-trio,g5.xlarge|g4dn.xlarge|g6.xlarge,az,us-west-2,usw2-az3,9
2026-09-08T09:34:32Z,g-xlarge-trio,g5.xlarge|g4dn.xlarge|g6.xlarge,az,us-east-1,use1-az6,9
2026-09-08T09:34:32Z,g-xlarge-trio,g5.xlarge|g4dn.xlarge|g6.xlarge,az,us-east-2,use2-az1,9
2026-09-08T09:34:32Z,g-xlarge-trio,g5.xlarge|g4dn.xlarge|g6.xlarge,az,us-east-1,use1-az4,9
2026-09-08T09:34:32Z,g-xlarge-trio,g5.xlarge|g4dn.xlarge|g6.xlarge,az,ap-northeast-2,apne2-az3,9
2026-09-08T09:34:32Z,g-xlarge-trio,g5.xlarge|g4dn.xlarge|g6.xlarge,az,us-west-2,usw2-az1,9
2026-09-08T09:34:32Z,g-xlarge-trio,g5.xlarge|g4dn.xlarge|g6.xlarge,az,us-east-2,use2-az3,9
2026-09-08T09:34:32Z,g-xlarge-trio,g5.xlarge|g4dn.xlarge|g6.xlarge,az,ap-northeast-2,apne2-az1,9
2026-09-08T09:34:32Z,g-xlarge-trio,g5.xlarge|g4dn.xlarge|g6.xlarge,az,us-east-1,use1-az2,9
2026-09-08T09:34:32Z,g-xlarge-trio,g5.xlarge|g4dn.xlarge|g6.xlarge,az,us-east-2,use2-az2,9
2026-09-08T14:27:27Z,g5.xlarge,g5.xlarge,region,ap-northeast-2,,3
2026-09-08T14:27:27Z,g5.xlarge,g5.xlarge,region,us-east-2,,3
2026-09-08T14:27:27Z,g5.xlarge,g5.xlarge,region,ap-southeast-2,,1
2026-09-08T14:27:27Z,g5.xlarge,g5.xlarge,region,ap-south-1,,2
2026-09-08T14:27:27Z,g5.xlarge,g5.xlarge,region,ap-east-1,,1
2026-09-08T14:27:27Z,g5.xlarge,g5.xlarge,region,us-east-1,,3
2026-09-08T14:27:27Z,g5.xlarge,g5.xlarge,region,ap-northeast-1,,1
2026-09-08T14:27:27Z,g5.xlarge,g5.xlarge,region,us-west-2,,1
2026-09-08T14:27:27Z,g5.xlarge,g5.xlarge,region,ap-southeast-3,,2
2026-09-08T14:27:27Z,g5.xlarge,g5.xlarge,az,ap-south-1,aps1-az3,1
2026-09-08T14:27:27Z,g5.xlarge,g5.xlarge,az,ap-east-1,ape1-az2,1
2026-09-08T14:27:27Z,g5.xlarge,g5.xlarge,az,ap-southeast-2,apse2-az1,1
2026-09-08T14:27:27Z,g5.xlarge,g5.xlarge,az,ap-northeast-2,apne2-az1,3
2026-09-08T14:27:27Z,g5.xlarge,g5.xlarge,az,ap-northeast-1,apne1-az1,1
2026-09-08T14:27:27Z,g5.xlarge,g5.xlarge,az,us-east-2,use2-az3,3
2026-09-08T14:27:27Z,g5.xlarge,g5.xlarge,az,ap-southeast-3,apse3-az3,2
2026-09-08T14:27:27Z,g5.xlarge,g5.xlarge,az,ap-northeast-2,apne2-az3,3
2026-09-08T14:27:27Z,g5.xlarge,g5.xlarge,az,us-east-2,use2-az2,3
2026-09-08T14:27:27Z,g5.xlarge,g5.xlarge,az,ap-northeast-2,apne2-az4,3
2026-09-08T14:27:27Z,g-xlarge-trio,g5.xlarge|g4dn.xlarge|g6.xlarge,region,us-west-2,,9
2026-09-08T14:27:27Z,g-xlarge-trio,g5.xlarge|g4dn.xlarge|g6.xlarge,region,ap-northeast-2,,9
2026-09-08T14:27:27Z,g-xlarge-trio,g5.xlarge|g4dn.xlarge|g6.xlarge,region,us-east-2,,9
2026-09-08T14:27:27Z,g-xlarge-trio,g5.xlarge|g4dn.xlarge|g6.xlarge,region,ap-southeast-2,,3
2026-09-08T14:27:27Z,g-xlarge-trio,g5.xlarge|g4dn.xlarge|g6.xlarge,region,ap-east-1,,3
2026-09-08T14:27:27Z,g-xlarge-trio,g5.xlarge|g4dn.xlarge|g6.xlarge,region,ap-south-1,,3
2026-09-08T14:27:27Z,g-xlarge-trio,g5.xlarge|g4dn.xlarge|g6.xlarge,region,ap-southeast-3,,2
2026-09-08T14:27:27Z,g-xlarge-trio,g5.xlarge|g4dn.xlarge|g6.xlarge,region,us-east-1,,5
2026-09-08T14:27:27Z,g-xlarge-trio,g5.xlarge|g4dn.xlarge|g6.xlarge,region,ap-northeast-1,,9
2026-09-08T14:27:27Z,g-xlarge-trio,g5.xlarge|g4dn.xlarge|g6.xlarge,az,us-west-2,usw2-az3,9
2026-09-08T14:27:27Z,g-xlarge-trio,g5.xlarge|g4dn.xlarge|g6.xlarge,az,us-east-2,use2-az1,9
2026-09-08T14:27:27Z,g-xlarge-trio,g5.xlarge|g4dn.xlarge|g6.xlarge,az,us-east-2,use2-az2,9
2026-09-08T14:27:27Z,g-xlarge-trio,g5.xlarge|g4dn.xlarge|g6.xlarge,az,us-west-2,usw2-az1,9
2026-09-08T14:27:27Z,g-xlarge-trio,g5.xlarge|g4dn.xlarge|g6.xlarge,az,ap-southeast-2,apse2-az3,3
2026-09-08T14:27:27Z,g-xlarge-trio,g5.xlarge|g4dn.xlarge|g6.xlarge,az,ap-northeast-1,apne1-az4,9
2026-09-08T14:27:27Z,g-xlarge-trio,g5.xlarge|g4dn.xlarge|g6.xlarge,az,ap-northeast-2,apne2-az1,9
2026-09-08T14:27:27Z,g-xlarge-trio,g5.xlarge|g4dn.xlarge|g6.xlarge,az,ap-northeast-1,apne1-az1,8
2026-09-08T14:27:27Z,g-xlarge-trio,g5.xlarge|g4dn.xlarge|g6.xlarge,az,us-east-2,use2-az3,9
2026-09-08T14:27:27Z,g-xlarge-trio,g5.xlarge|g4dn.xlarge|g6.xlarge,az,ap-northeast-2,apne2-az3,9
2026-09-08T18:34:15Z,g5.xlarge,g5.xlarge,region,us-east-2,,1
2026-09-08T18:34:15Z,g5.xlarge,g5.xlarge,region,ap-northeast-2,,3
2026-09-08T18:34:15Z,g5.xlarge,g5.xlarge,region,ap-southeast-2,,1
2026-09-08T18:34:15Z,g5.xlarge,g5.xlarge,region,ap-south-1,,1
2026-09-08T18:34:15Z,g5.xlarge,g5.xlarge,region,ap-east-1,,1
2026-09-08T18:34:15Z,g5.xlarge,g5.xlarge,region,ap-northeast-1,,2
2026-09-08T18:34:15Z,g5.xlarge,g5.xlarge,region,us-west-2,,1
2026-09-08T18:34:15Z,g5.xlarge,g5.xlarge,region,us-east-1,,3
2026-09-08T18:34:15Z,g5.xlarge,g5.xlarge,region,ap-southeast-3,,3
2026-09-08T18:34:15Z,g5.xlarge,g5.xlarge,az,ap-south-1,aps1-az3,1
2026-09-08T18:34:15Z,g5.xlarge,g5.xlarge,az,ap-east-1,ape1-az2,1
2026-09-08T18:34:15Z,g5.xlarge,g5.xlarge,az,ap-southeast-2,apse2-az1,1
2026-09-08T18:34:15Z,g5.xlarge,g5.xlarge,az,ap-northeast-2,apne2-az1,3
2026-09-08T18:34:15Z,g5.xlarge,g5.xlarge,az,ap-northeast-1,apne1-az1,1
2026-09-08T18:34:15Z,g5.xlarge,g5.xlarge,az,us-east-1,use1-az5,1
2026-09-08T18:34:15Z,g5.xlarge,g5.xlarge,az,ap-southeast-3,apse3-az3,3
2026-09-08T18:34:15Z,g5.xlarge,g5.xlarge,az,us-east-2,use2-az3,1
2026-09-08T18:34:15Z,g5.xlarge,g5.xlarge,az,ap-northeast-2,apne2-az3,3
2026-09-08T18:34:15Z,g5.xlarge,g5.xlarge,az,ap-northeast-2,apne2-az4,3
2026-09-08T18:34:15Z,g-xlarge-trio,g5.xlarge|g4dn.xlarge|g6.xlarge,region,ap-northeast-2,,9
2026-09-08T18:34:15Z,g-xlarge-trio,g5.xlarge|g4dn.xlarge|g6.xlarge,region,us-east-2,,9
2026-09-08T18:34:15Z,g-xlarge-trio,g5.xlarge|g4dn.xlarge|g6.xlarge,region,ap-southeast-2,,3
2026-09-08T18:34:15Z,g-xlarge-trio,g5.xlarge|g4dn.xlarge|g6.xlarge,region,us-east-1,,4
2026-09-08T18:34:15Z,g-xlarge-trio,g5.xlarge|g4dn.xlarge|g6.xlarge,region,ap-northeast-1,,9
2026-09-08T18:34:15Z,g-xlarge-trio,g5.xlarge|g4dn.xlarge|g6.xlarge,region,us-west-2,,4
2026-09-08T18:34:15Z,g-xlarge-trio,g5.xlarge|g4dn.xlarge|g6.xlarge,region,ap-south-1,,9
2026-09-08T18:34:15Z,g-xlarge-trio,g5.xlarge|g4dn.xlarge|g6.xlarge,region,ap-east-1,,3
2026-09-08T18:34:15Z,g-xlarge-trio,g5.xlarge|g4dn.xlarge|g6.xlarge,region,ap-southeast-3,,3
2026-09-08T18:34:15Z,g-xlarge-trio,g5.xlarge|g4dn.xlarge|g6.xlarge,az,ap-south-1,aps1-az1,3
2026-09-08T18:34:15Z,g-xlarge-trio,g5.xlarge|g4dn.xlarge|g6.xlarge,az,ap-east-1,ape1-az2,3
2026-09-08T18:34:15Z,g-xlarge-trio,g5.xlarge|g4dn.xlarge|g6.xlarge,az,ap-south-1,aps1-az3,3
2026-09-08T18:34:15Z,g-xlarge-trio,g5.xlarge|g4dn.xlarge|g6.xlarge,az,us-east-2,use2-az2,9
2026-09-08T18:34:15Z,g-xlarge-trio,g5.xlarge|g4dn.xlarge|g6.xlarge,az,ap-southeast-2,apse2-az3,3
2026-09-08T18:34:15Z,g-xlarge-trio,g5.xlarge|g4dn.xlarge|g6.xlarge,az,ap-northeast-1,apne1-az4,9
2026-09-08T18:34:15Z,g-xlarge-trio,g5.xlarge|g4dn.xlarge|g6.xlarge,az,ap-northeast-2,apne2-az1,9
2026-09-08T18:34:15Z,g-xlarge-trio,g5.xlarge|g4dn.xlarge|g6.xlarge,az,ap-northeast-1,apne1-az1,9
2026-09-08T18:34:15Z,g-xlarge-trio,g5.xlarge|g4dn.xlarge|g6.xlarge,az,us-east-2,use2-az3,9
2026-09-08T18:34:15Z,g-xlarge-trio,g5.xlarge|g4dn.xlarge|g6.xlarge,az,ap-northeast-2,apne2-az3,9
2026-09-08T21:48:06Z,g5.xlarge,g5.xlarge,region,ap-south-1,,1
2026-09-08T21:48:06Z,g5.xlarge,g5.xlarge,region,ap-east-1,,1
2026-09-08T21:48:06Z,g5.xlarge,g5.xlarge,region,ap-southeast-2,,1
2026-09-08T21:48:06Z,g5.xlarge,g5.xlarge,region,ap-northeast-2,,3
2026-09-08T21:48:06Z,g5.xlarge,g5.xlarge,region,us-east-2,,1
2026-09-08T21:48:06Z,g5.xlarge,g5.xlarge,region,ap-southeast-3,,3
2026-09-08T21:48:06Z,g5.xlarge,g5.xlarge,region,ap-northeast-1,,3
2026-09-08T21:48:06Z,g5.xlarge,g5.xlarge,region,us-east-1,,2
2026-09-08T21:48:06Z,g5.xlarge,g5.xlarge,region,us-west-2,,1
2026-09-08T21:48:06Z,g5.xlarge,g5.xlarge,az,ap-northeast-1,apne1-az4,2
2026-09-08T21:48:06Z,g5.xlarge,g5.xlarge,az,us-west-2,usw2-az1,1
2026-09-08T21:48:06Z,g5.xlarge,g5.xlarge,az,us-east-1,use1-az5,1
2026-09-08T21:48:06Z,g5.xlarge,g5.xlarge,az,us-east-2,use2-az3,1
2026-09-08T21:48:06Z,g5.xlarge,g5.xlarge,az,ap-northeast-2,apne2-az1,3
2026-09-08T21:48:06Z,g5.xlarge,g5.xlarge,az,ap-east-1,ape1-az1,1
2026-09-08T21:48:06Z,g5.xlarge,g5.xlarge,az,ap-east-1,ape1-az2,1
2026-09-08T21:48:06Z,g5.xlarge,g5.xlarge,az,ap-northeast-2,apne2-az3,3
2026-09-08T21:48:06Z,g5.xlarge,g5.xlarge,az,ap-southeast-3,apse3-az3,3
2026-09-08T21:48:06Z,g5.xlarge,g5.xlarge,az,ap-northeast-2,apne2-az4,3
2026-09-08T21:48:06Z,g-xlarge-trio,g5.xlarge|g4dn.xlarge|g6.xlarge,region,ap-southeast-2,,1
2026-09-08T21:48:06Z,g-xlarge-trio,g5.xlarge|g4dn.xlarge|g6.xlarge,region,ap-south-1,,9
2026-09-08T21:48:06Z,g-xlarge-trio,g5.xlarge|g4dn.xlarge|g6.xlarge,region,ap-east-1,,3
2026-09-08T21:48:06Z,g-xlarge-trio,g5.xlarge|g4dn.xlarge|g6.xlarge,region,ap-southeast-3,,3
2026-09-08T21:48:06Z,g-xlarge-trio,g5.xlarge|g4dn.xlarge|g6.xlarge,region,ap-northeast-1,,9
2026-09-08T21:48:06Z,g-xlarge-trio,g5.xlarge|g4dn.xlarge|g6.xlarge,region,us-east-1,,4
2026-09-08T21:48:06Z,g-xlarge-trio,g5.xlarge|g4dn.xlarge|g6.xlarge,region,us-west-2,,4
2026-09-08T21:48:06Z,g-xlarge-trio,g5.xlarge|g4dn.xlarge|g6.xlarge,region,ap-northeast-2,,9
2026-09-08T21:48:06Z,g-xlarge-trio,g5.xlarge|g4dn.xlarge|g6.xlarge,region,us-east-2,,9
2026-09-08T21:48:06Z,g-xlarge-trio,g5.xlarge|g4dn.xlarge|g6.xlarge,az,ap-northeast-1,apne1-az1,9
2026-09-08T21:48:06Z,g-xlarge-trio,g5.xlarge|g4dn.xlarge|g6.xlarge,az,ap-northeast-2,apne2-az1,9
2026-09-08T21:48:06Z,g-xlarge-trio,g5.xlarge|g4dn.xlarge|g6.xlarge,az,us-east-2,use2-az3,8
2026-09-08T21:48:06Z,g-xlarge-trio,g5.xlarge|g4dn.xlarge|g6.xlarge,az,ap-southeast-3,apse3-az3,3
2026-09-08T21:48:06Z,g-xlarge-trio,g5.xlarge|g4dn.xlarge|g6.xlarge,az,ap-northeast-2,apne2-az3,9
2026-09-08T21:48:06Z,g-xlarge-trio,g5.xlarge|g4dn.xlarge|g6.xlarge,az,ap-east-1,ape1-az1,3
2026-09-08T21:48:06Z,g-xlarge-trio,g5.xlarge|g4dn.xlarge|g6.xlarge,az,ap-south-1,aps1-az2,3
2026-09-08T21:48:06Z,g-xlarge-trio,g5.xlarge|g4dn.xlarge|g6.xlarge,az,ap-northeast-1,apne1-az4,9
2026-09-08T21:48:06Z,g-xlarge-trio,g5.xlarge|g4dn.xlarge|g6.xlarge,az,ap-northeast-2,apne2-az4,3
2026-09-08T21:48:06Z,g-xlarge-trio,g5.xlarge|g4dn.xlarge|g6.xlarge,az,ap-east-1,ape1-az3,3
2026-09-09T00:06:48Z,g5.xlarge,g5.xlarge,region,ap-northeast-2,,3
2026-09-09T00:06:48Z,g5.xlarge,g5.xlarge,region,us-east-2,,3
2026-09-09T00:06:48Z,g5.xlarge,g5.xlarge,region,ap-southeast-2,,1
2026-09-09T00:06:48Z,g5.xlarge,g5.xlarge,region,ap-south-1,,1
2026-09-09T00:06:48Z,g5.xlarge,g5.xlarge,region,ap-east-1,,1
2026-09-09T00:06:48Z,g5.xlarge,g5.xlarge,region,us-east-1,,1
2026-09-09T00:06:48Z,g5.xlarge,g5.xlarge,region,ap-northeast-1,,2
2026-09-09T00:06:48Z,g5.xlarge,g5.xlarge,region,us-west-2,,1
2026-09-09T00:06:48Z,g5.xlarge,g5.xlarge,region,ap-southeast-3,,3
2026-09-09T00:06:48Z,g5.xlarge,g5.xlarge,az,ap-south-1,aps1-az1,1
2026-09-09T00:06:48Z,g5.xlarge,g5.xlarge,az,us-west-2,usw2-az3,1
2026-09-09T00:06:48Z,g5.xlarge,g5.xlarge,az,us-east-2,use2-az1,1
2026-09-09T00:06:48Z,g5.xlarge,g5.xlarge,az,us-east-2,use2-az2,1
2026-09-09T00:06:48Z,g5.xlarge,g5.xlarge,az,ap-northeast-2,apne2-az4,3
2026-09-09T00:06:48Z,g5.xlarge,g5.xlarge,az,us-east-1,use1-az6,1
2026-09-09T00:06:48Z,g5.xlarge,g5.xlarge,az,ap-northeast-2,apne2-az1,3
2026-09-09T00:06:48Z,g5.xlarge,g5.xlarge,az,ap-southeast-3,apse3-az3,3
2026-09-09T00:06:48Z,g5.xlarge,g5.xlarge,az,us-east-2,use2-az3,3
2026-09-09T00:06:48Z,g5.xlarge,g5.xlarge,az,ap-northeast-2,apne2-az3,3
2026-09-09T00:06:48Z,g-xlarge-trio,g5.xlarge|g4dn.xlarge|g6.xlarge,region,us-west-2,,2
2026-09-09T00:06:48Z,g-xlarge-trio,g5.xlarge|g4dn.xlarge|g6.xlarge,region,ap-northeast-2,,9
2026-09-09T00:06:48Z,g-xlarge-trio,g5.xlarge|g4dn.xlarge|g6.xlarge,region,us-east-2,,9
2026-09-09T00:06:48Z,g-xlarge-trio,g5.xlarge|g4dn.xlarge|g6.xlarge,region,ap-southeast-2,,1
2026-09-09T00:06:48Z,g-xlarge-trio,g5.xlarge|g4dn.xlarge|g6.xlarge,region,ap-south-1,,9
2026-09-09T00:06:48Z,g-xlarge-trio,g5.xlarge|g4dn.xlarge|g6.xlarge,region,ap-east-1,,3
2026-09-09T00:06:48Z,g-xlarge-trio,g5.xlarge|g4dn.xlarge|g6.xlarge,region,ap-southeast-3,,3
2026-09-09T00:06:48Z,g-xlarge-trio,g5.xlarge|g4dn.xlarge|g6.xlarge,region,us-east-1,,5
2026-09-09T00:06:48Z,g-xlarge-trio,g5.xlarge|g4dn.xlarge|g6.xlarge,region,ap-northeast-1,,9
2026-09-09T00:06:48Z,g-xlarge-trio,g5.xlarge|g4dn.xlarge|g6.xlarge,az,ap-south-1,aps1-az1,3
2026-09-09T00:06:48Z,g-xlarge-trio,g5.xlarge|g4dn.xlarge|g6.xlarge,az,ap-east-1,ape1-az2,3
2026-09-09T00:06:48Z,g-xlarge-trio,g5.xlarge|g4dn.xlarge|g6.xlarge,az,ap-south-1,aps1-az3,3
2026-09-09T00:06:48Z,g-xlarge-trio,g5.xlarge|g4dn.xlarge|g6.xlarge,az,ap-northeast-2,apne2-az4,3
2026-09-09T00:06:48Z,g-xlarge-trio,g5.xlarge|g4dn.xlarge|g6.xlarge,az,ap-northeast-1,apne1-az2,3
2026-09-09T00:06:48Z,g-xlarge-trio,g5.xlarge|g4dn.xlarge|g6.xlarge,az,ap-southeast-3,apse3-az3,3
2026-09-09T00:06:48Z,g-xlarge-trio,g5.xlarge|g4dn.xlarge|g6.xlarge,az,ap-northeast-2,apne2-az3,9
2026-09-09T00:06:48Z,g-xlarge-trio,g5.xlarge|g4dn.xlarge|g6.xlarge,az,us-east-2,use2-az3,9
2026-09-09T00:06:48Z,g-xlarge-trio,g5.xlarge|g4dn.xlarge|g6.xlarge,az,ap-northeast-2,apne2-az1,9
2026-09-09T00:06:48Z,g-xlarge-trio,g5.xlarge|g4dn.xlarge|g6.xlarge,az,us-east-2,use2-az2,9
2026-09-09T04:36:44Z,g5.xlarge,g5.xlarge,region,ap-southeast-2,,1
2026-09-09T04:36:44Z,g5.xlarge,g5.xlarge,region,ap-south-1,,1
2026-09-09T04:36:44Z,g5.xlarge,g5.xlarge,region,ap-east-1,,1
2026-09-09T04:36:44Z,g5.xlarge,g5.xlarge,region,ap-southeast-3,,1
2026-09-09T04:36:44Z,g5.xlarge,g5.xlarge,region,ap-northeast-1,,2
2026-09-09T04:36:44Z,g5.xlarge,g5.xlarge,region,us-east-1,,1
2026-09-09T04:36:44Z,g5.xlarge,g5.xlarge,region,us-west-2,,1
2026-09-09T04:36:44Z,g5.xlarge,g5.xlarge,region,ap-northeast-2,,3
2026-09-09T04:36:44Z,g5.xlarge,g5.xlarge,region,us-east-2,,3
2026-09-09T04:36:44Z,g5.xlarge,g5.xlarge,az,us-east-2,use2-az3,3
2026-09-09T04:36:44Z,g5.xlarge,g5.xlarge,az,us-west-2,usw2-az1,1
2026-09-09T04:36:44Z,g5.xlarge,g5.xlarge,az,us-east-1,use1-az5,1
2026-09-09T04:36:44Z,g5.xlarge,g5.xlarge,az,ap-northeast-1,apne1-az4,1
2026-09-09T04:36:44Z,g5.xlarge,g5.xlarge,az,ap-northeast-2,apne2-az1,1
2026-09-09T04:36:44Z,g5.xlarge,g5.xlarge,az,ap-east-1,ape1-az1,1
2026-09-09T04:36:44Z,g5.xlarge,g5.xlarge,az,ap-east-1,ape1-az2,1
2026-09-09T04:36:44Z,g5.xlarge,g5.xlarge,az,us-east-1,use1-az2,1
2026-09-09T04:36:44Z,g5.xlarge,g5.xlarge,az,us-east-2,use2-az2,3
2026-09-09T04:36:44Z,g5.xlarge,g5.xlarge,az,ap-northeast-2,apne2-az4,3
2026-09-09T04:36:44Z,g-xlarge-trio,g5.xlarge|g4dn.xlarge|g6.xlarge,region,us-east-1,,9
2026-09-09T04:36:44Z,g-xlarge-trio,g5.xlarge|g4dn.xlarge|g6.xlarge,region,ap-northeast-1,,3
2026-09-09T04:36:44Z,g-xlarge-trio,g5.xlarge|g4dn.xlarge|g6.xlarge,region,us-west-2,,9
2026-09-09T04:36:44Z,g-xlarge-trio,g5.xlarge|g4dn.xlarge|g6.xlarge,region,ap-northeast-2,,9
2026-09-09T04:36:44Z,g-xlarge-trio,g5.xlarge|g4dn.xlarge|g6.xlarge,region,us-east-2,,9
2026-09-09T04:36:44Z,g-xlarge-trio,g5.xlarge|g4dn.xlarge|g6.xlarge,region,ap-southeast-3,,1
2026-09-09T04:36:44Z,g-xlarge-trio,g5.xlarge|g4dn.xlarge|g6.xlarge,region,ap-southeast-2,,1
2026-09-09T04:36:44Z,g-xlarge-trio,g5.xlarge|g4dn.xlarge|g6.xlarge,region,ap-south-1,,9
2026-09-09T04:36:44Z,g-xlarge-trio,g5.xlarge|g4dn.xlarge|g6.xlarge,region,ap-east-1,,3
2026-09-09T04:36:44Z,g-xlarge-trio,g5.xlarge|g4dn.xlarge|g6.xlarge,az,us-west-2,usw2-az1,9
2026-09-09T04:36:44Z,g-xlarge-trio,g5.xlarge|g4dn.xlarge|g6.xlarge,az,us-east-2,use2-az3,9
2026-09-09T04:36:44Z,g-xlarge-trio,g5.xlarge|g4dn.xlarge|g6.xlarge,az,ap-northeast-2,apne2-az1,9
2026-09-09T04:36:44Z,g-xlarge-trio,g5.xlarge|g4dn.xlarge|g6.xlarge,az,us-east-1,use1-az4,9
2026-09-09T04:36:44Z,g-xlarge-trio,g5.xlarge|g4dn.xlarge|g6.xlarge,az,us-west-2,usw2-az3,9
2026-09-09T04:36:44Z,g-xlarge-trio,g5.xlarge|g4dn.xlarge|g6.xlarge,az,ap-northeast-2,apne2-az3,9
2026-09-09T04:36:44Z,g-xlarge-trio,g5.xlarge|g4dn.xlarge|g6.xlarge,az,us-east-1,use1-az2,9
2026-09-09T04:36:44Z,g-xlarge-trio,g5.xlarge|g4dn.xlarge|g6.xlarge,az,us-west-2,usw2-az2,9
2026-09-09T04:36:44Z,g-xlarge-trio,g5.xlarge|g4dn.xlarge|g6.xlarge,az,us-east-2,use2-az2,9
2026-09-09T04:36:44Z,g-xlarge-trio,g5.xlarge|g4dn.xlarge|g6.xlarge,az,us-east-1,use1-az6,9
2026-09-09T09:37:42Z,g5.xlarge,g5.xlarge,region,us-east-1,,3
2026-09-09T09:37:42Z,g5.xlarge,g5.xlarge,region,ap-northeast-1,,2
2026-09-09T09:37:42Z,g5.xlarge,g5.xlarge,region,us-west-2,,1
2026-09-09T09:37:42Z,g5.xlarge,g5.xlarge,region,ap-northeast-2,,3
2026-09-09T09:37:42Z,g5.xlarge,g5.xlarge,region,us-east-2,,3
2026-09-09T09:37:42Z,g5.xlarge,g5.xlarge,region,ap-southeast-3,,1
2026-09-09T09:37:42Z,g5.xlarge,g5.xlarge,region,ap-southeast-2,,1
2026-09-09T09:37:42Z,g5.xlarge,g5.xlarge,region,ap-south-1,,1
2026-09-09T09:37:42Z,g5.xlarge,g5.xlarge,region,ap-east-1,,1
2026-09-09T09:37:42Z,g5.xlarge,g5.xlarge,az,us-west-2,usw2-az2,1
2026-09-09T09:37:42Z,g5.xlarge,g5.xlarge,az,ap-southeast-2,apse2-az2,1
2026-09-09T09:37:42Z,g5.xlarge,g5.xlarge,az,ap-northeast-1,apne1-az1,1
2026-09-09T09:37:42Z,g5.xlarge,g5.xlarge,az,ap-east-1,ape1-az2,1
2026-09-09T09:37:42Z,g5.xlarge,g5.xlarge,az,us-east-2,use2-az1,3
2026-09-09T09:37:42Z,g5.xlarge,g5.xlarge,az,ap-northeast-2,apne2-az3,3
2026-09-09T09:37:42Z,g5.xlarge,g5.xlarge,az,us-east-2,use2-az3,3
2026-09-09T09:37:42Z,g5.xlarge,g5.xlarge,az,ap-northeast-2,apne2-az1,2
2026-09-09T09:37:42Z,g5.xlarge,g5.xlarge,az,ap-northeast-2,apne2-az4,3
2026-09-09T09:37:42Z,g5.xlarge,g5.xlarge,az,us-east-2,use2-az2,3
2026-09-09T09:37:42Z,g-xlarge-trio,g5.xlarge|g4dn.xlarge|g6.xlarge,region,us-west-2,,5
2026-09-09T09:37:42Z,g-xlarge-trio,g5.xlarge|g4dn.xlarge|g6.xlarge,region,ap-northeast-1,,3
2026-09-09T09:37:42Z,g-xlarge-trio,g5.xlarge|g4dn.xlarge|g6.xlarge,region,us-east-1,,9
2026-09-09T09:37:42Z,g-xlarge-trio,g5.xlarge|g4dn.xlarge|g6.xlarge,region,us-east-2,,9
2026-09-09T09:37:42Z,g-xlarge-trio,g5.xlarge|g4dn.xlarge|g6.xlarge,region,ap-northeast-2,,9
2026-09-09T09:37:42Z,g-xlarge-trio,g5.xlarge|g4dn.xlarge|g6.xlarge,region,ap-southeast-2,,1
2026-09-09T09:37:42Z,g-xlarge-trio,g5.xlarge|g4dn.xlarge|g6.xlarge,region,ap-southeast-3,,1
2026-09-09T09:37:42Z,g-xlarge-trio,g5.xlarge|g4dn.xlarge|g6.xlarge,region,ap-east-1,,3
2026-09-09T09:37:42Z,g-xlarge-trio,g5.xlarge|g4dn.xlarge|g6.xlarge,region,ap-south-1,,2
2026-09-09T09:37:42Z,g-xlarge-trio,g5.xlarge|g4dn.xlarge|g6.xlarge,az,ap-east-1,ape1-az2,3
2026-09-09T09:37:42Z,g-xlarge-trio,g5.xlarge|g4dn.xlarge|g6.xlarge,az,us-east-2,use2-az1,9
2026-09-09T09:37:42Z,g-xlarge-trio,g5.xlarge|g4dn.xlarge|g6.xlarge,az,ap-northeast-2,apne2-az1,9
2026-09-09T09:37:42Z,g-xlarge-trio,g5.xlarge|g4dn.xlarge|g6.xlarge,az,us-east-2,use2-az3,9
2026-09-09T09:37:42Z,g-xlarge-trio,g5.xlarge|g4dn.xlarge|g6.xlarge,az,ap-northeast-2,apne2-az3,9
2026-09-09T09:37:42Z,g-xlarge-trio,g5.xlarge|g4dn.xlarge|g6.xlarge,az,ap-east-1,ape1-az1,3
2026-09-09T09:37:42Z,g-xlarge-trio,g5.xlarge|g4dn.xlarge|g6.xlarge,az,us-east-2,use2-az2,9
2026-09-09T09:37:42Z,g-xlarge-trio,g5.xlarge|g4dn.xlarge|g6.xlarge,az,ap-northeast-2,apne2-az4,3
2026-09-09T09:37:42Z,g-xlarge-trio,g5.xlarge|g4dn.xlarge|g6.xlarge,az,ap-east-1,ape1-az3,3
2026-09-09T09:37:42Z,g-xlarge-trio,g5.xlarge|g4dn.xlarge|g6.xlarge,az,us-east-1,use1-az6,9
2026-09-09T14:29:02Z,g5.xlarge,g5.xlarge,region,ap-northeast-2,,3
2026-09-09T14:29:02Z,g5.xlarge,g5.xlarge,region,us-east-2,,3
2026-09-09T14:29:02Z,g5.xlarge,g5.xlarge,region,ap-southeast-2,,1
2026-09-09T14:29:02Z,g5.xlarge,g5.xlarge,region,ap-south-1,,1
2026-09-09T14:29:02Z,g5.xlarge,g5.xlarge,region,ap-east-1,,1
2026-09-09T14:29:02Z,g5.xlarge,g5.xlarge,region,us-east-1,,3
2026-09-09T14:29:02Z,g5.xlarge,g5.xlarge,region,ap-northeast-1,,2
2026-09-09T14:29:02Z,g5.xlarge,g5.xlarge,region,us-west-2,,1
2026-09-09T14:29:02Z,g5.xlarge,g5.xlarge,region,ap-southeast-3,,3
2026-09-09T14:29:02Z,g5.xlarge,g5.xlarge,az,us-east-2,use2-az3,3
2026-09-09T14:29:02Z,g5.xlarge,g5.xlarge,az,us-west-2,usw2-az1,1
2026-09-09T14:29:02Z,g5.xlarge,g5.xlarge,az,us-east-1,use1-az5,1
2026-09-09T14:29:02Z,g5.xlarge,g5.xlarge,az,ap-northeast-1,apne1-az4,1
2026-09-09T14:29:02Z,g5.xlarge,g5.xlarge,az,ap-northeast-2,apne2-az1,3
2026-09-09T14:29:02Z,g5.xlarge,g5.xlarge,az,ap-east-1,ape1-az1,1
2026-09-09T14:29:02Z,g5.xlarge,g5.xlarge,az,ap-northeast-2,apne2-az3,3
2026-09-09T14:29:02Z,g5.xlarge,g5.xlarge,az,us-east-2,use2-az2,3
2026-09-09T14:29:02Z,g5.xlarge,g5.xlarge,az,ap-southeast-3,apse3-az3,3
2026-09-09T14:29:02Z,g5.xlarge,g5.xlarge,az,ap-northeast-2,apne2-az4,3
2026-09-09T14:29:02Z,g-xlarge-trio,g5.xlarge|g4dn.xlarge|g6.xlarge,region,ap-south-1,,2
2026-09-09T14:29:02Z,g-xlarge-trio,g5.xlarge|g4dn.xlarge|g6.xlarge,region,ap-east-1,,3
2026-09-09T14:29:02Z,g-xlarge-trio,g5.xlarge|g4dn.xlarge|g6.xlarge,region,ap-southeast-2,,3
2026-09-09T14:29:02Z,g-xlarge-trio,g5.xlarge|g4dn.xlarge|g6.xlarge,region,ap-northeast-2,,9
2026-09-09T14:29:02Z,g-xlarge-trio,g5.xlarge|g4dn.xlarge|g6.xlarge,region,us-east-2,,9
2026-09-09T14:29:02Z,g-xlarge-trio,g5.xlarge|g4dn.xlarge|g6.xlarge,region,ap-southeast-3,,3
2026-09-09T14:29:02Z,g-xlarge-trio,g5.xlarge|g4dn.xlarge|g6.xlarge,region,ap-northeast-1,,9
2026-09-09T14:29:02Z,g-xlarge-trio,g5.xlarge|g4dn.xlarge|g6.xlarge,region,us-east-1,,4
2026-09-09T14:29:02Z,g-xlarge-trio,g5.xlarge|g4dn.xlarge|g6.xlarge,region,us-west-2,,1
2026-09-09T14:29:02Z,g-xlarge-trio,g5.xlarge|g4dn.xlarge|g6.xlarge,az,ap-southeast-2,apse2-az3,3
2026-09-09T14:29:02Z,g-xlarge-trio,g5.xlarge|g4dn.xlarge|g6.xlarge,az,ap-east-1,ape1-az1,3
2026-09-09T14:29:02Z,g-xlarge-trio,g5.xlarge|g4dn.xlarge|g6.xlarge,az,ap-northeast-2,apne2-az3,9
2026-09-09T14:29:02Z,g-xlarge-trio,g5.xlarge|g4dn.xlarge|g6.xlarge,az,ap-east-1,ape1-az3,3
2026-09-09T14:29:02Z,g-xlarge-trio,g5.xlarge|g4dn.xlarge|g6.xlarge,az,us-east-2,use2-az2,9
2026-09-09T14:29:02Z,g-xlarge-trio,g5.xlarge|g4dn.xlarge|g6.xlarge,az,ap-northeast-1,apne1-az4,9
2026-09-09T14:29:02Z,g-xlarge-trio,g5.xlarge|g4dn.xlarge|g6.xlarge,az,ap-northeast-1,apne1-az1,9
2026-09-09T14:29:02Z,g-xlarge-trio,g5.xlarge|g4dn.xlarge|g6.xlarge,az,ap-northeast-2,apne2-az1,9
2026-09-09T14:29:02Z,g-xlarge-trio,g5.xlarge|g4dn.xlarge|g6.xlarge,az,us-east-2,use2-az3,9
2026-09-09T14:29:02Z,g-xlarge-trio,g5.xlarge|g4dn.xlarge|g6.xlarge,az,us-east-2,use2-az1,9
2026-09-09T18:30:52Z,g5.xlarge,g5.xlarge,region,ap-northeast-2,,3
2026-09-09T18:30:52Z,g5.xlarge,g5.xlarge,region,us-east-2,,1
2026-09-09T18:30:52Z,g5.xlarge,g5.xlarge,region,ap-southeast-2,,1
2026-09-09T18:30:52Z,g5.xlarge,g5.xlarge,region,ap-south-1,,1
2026-09-09T18:30:52Z,g5.xlarge,g5.xlarge,region,ap-east-1,,1
2026-09-09T18:30:52Z,g5.xlarge,g5.xlarge,region,us-east-1,,2
2026-09-09T18:30:52Z,g5.xlarge,g5.xlarge,region,ap-northeast-1,,2
2026-09-09T18:30:52Z,g5.xlarge,g5.xlarge,region,us-west-2,,1
2026-09-09T18:30:52Z,g5.xlarge,g5.xlarge,region,ap-southeast-3,,1
2026-09-09T18:30:52Z,g5.xlarge,g5.xlarge,az,ap-south-1,aps1-az1,1
2026-09-09T18:30:52Z,g5.xlarge,g5.xlarge,az,us-east-1,use1-az6,1
2026-09-09T18:30:52Z,g5.xlarge,g5.xlarge,az,us-west-2,usw2-az3,1
2026-09-09T18:30:52Z,g5.xlarge,g5.xlarge,az,us-east-1,use1-az2,1
2026-09-09T18:30:52Z,g5.xlarge,g5.xlarge,az,ap-southeast-3,apse3-az1,1
2026-09-09T18:30:52Z,g5.xlarge,g5.xlarge,az,us-east-2,use2-az1,1
2026-09-09T18:30:52Z,g5.xlarge,g5.xlarge,az,ap-northeast-2,apne2-az1,3
2026-09-09T18:30:52Z,g5.xlarge,g5.xlarge,az,ap-northeast-2,apne2-az3,3
2026-09-09T18:30:52Z,g5.xlarge,g5.xlarge,az,us-east-1,use1-az4,1
2026-09-09T18:30:52Z,g5.xlarge,g5.xlarge,az,ap-northeast-2,apne2-az4,3
2026-09-09T18:30:52Z,g-xlarge-trio,g5.xlarge|g4dn.xlarge|g6.xlarge,region,us-west-2,,3
2026-09-09T18:30:52Z,g-xlarge-trio,g5.xlarge|g4dn.xlarge|g6.xlarge,region,ap-northeast-1,,9
2026-09-09T18:30:52Z,g-xlarge-trio,g5.xlarge|g4dn.xlarge|g6.xlarge,region,us-east-1,,4
2026-09-09T18:30:52Z,g-xlarge-trio,g5.xlarge|g4dn.xlarge|g6.xlarge,region,us-east-2,,1
2026-09-09T18:30:52Z,g-xlarge-trio,g5.xlarge|g4dn.xlarge|g6.xlarge,region,ap-northeast-2,,9
2026-09-09T18:30:52Z,g-xlarge-trio,g5.xlarge|g4dn.xlarge|g6.xlarge,region,ap-southeast-2,,3
2026-09-09T18:30:52Z,g-xlarge-trio,g5.xlarge|g4dn.xlarge|g6.xlarge,region,ap-southeast-3,,1
2026-09-09T18:30:52Z,g-xlarge-trio,g5.xlarge|g4dn.xlarge|g6.xlarge,region,ap-south-1,,9
2026-09-09T18:30:52Z,g-xlarge-trio,g5.xlarge|g4dn.xlarge|g6.xlarge,region,ap-east-1,,3
2026-09-09T18:30:52Z,g-xlarge-trio,g5.xlarge|g4dn.xlarge|g6.xlarge,az,ap-south-1,aps1-az1,3
2026-09-09T18:30:52Z,g-xlarge-trio,g5.xlarge|g4dn.xlarge|g6.xlarge,az,ap-east-1,ape1-az2,3
2026-09-09T18:30:52Z,g-xlarge-trio,g5.xlarge|g4dn.xlarge|g6.xlarge,az,ap-south-1,aps1-az3,3
2026-09-09T18:30:52Z,g-xlarge-trio,g5.xlarge|g4dn.xlarge|g6.xlarge,az,ap-southeast-2,apse2-az1,3
2026-09-09T18:30:52Z,g-xlarge-trio,g5.xlarge|g4dn.xlarge|g6.xlarge,az,ap-southeast-2,apse2-az3,3
2026-09-09T18:30:52Z,g-xlarge-trio,g5.xlarge|g4dn.xlarge|g6.xlarge,az,ap-east-1,ape1-az1,3
2026-09-09T18:30:52Z,g-xlarge-trio,g5.xlarge|g4dn.xlarge|g6.xlarge,az,ap-northeast-1,apne1-az4,9
2026-09-09T18:30:52Z,g-xlarge-trio,g5.xlarge|g4dn.xlarge|g6.xlarge,az,ap-northeast-2,apne2-az1,9
2026-09-09T18:30:52Z,g-xlarge-trio,g5.xlarge|g4dn.xlarge|g6.xlarge,az,ap-northeast-1,apne1-az1,9
2026-09-09T18:30:52Z,g-xlarge-trio,g5.xlarge|g4dn.xlarge|g6.xlarge,az,ap-northeast-2,apne2-az3,9
2026-09-09T21:39:11Z,g5.xlarge,g5.xlarge,region,us-west-2,,1
2026-09-09T21:39:11Z,g5.xlarge,g5.xlarge,region,ap-northeast-2,,3
2026-09-09T21:39:11Z,g5.xlarge,g5.xlarge,region,us-east-2,,1
2026-09-09T21:39:11Z,g5.xlarge,g5.xlarge,region,ap-southeast-2,,1
2026-09-09T21:39:11Z,g5.xlarge,g5.xlarge,region,ap-east-1,,1
2026-09-09T21:39:11Z,g5.xlarge,g5.xlarge,region,ap-south-1,,1
2026-09-09T21:39:11Z,g5.xlarge,g5.xlarge,region,ap-southeast-3,,3
2026-09-09T21:39:11Z,g5.xlarge,g5.xlarge,region,us-east-1,,2
2026-09-09T21:39:11Z,g5.xlarge,g5.xlarge,region,ap-northeast-1,,2
2026-09-09T21:39:11Z,g5.xlarge,g5.xlarge,az,us-east-2,use2-az1,1
2026-09-09T21:39:11Z,g5.xlarge,g5.xlarge,az,ap-south-1,aps1-az1,1
2026-09-09T21:39:11Z,g5.xlarge,g5.xlarge,az,us-west-2,usw2-az3,1
2026-09-09T21:39:11Z,g5.xlarge,g5.xlarge,az,us-east-2,use2-az2,1
2026-09-09T21:39:11Z,g5.xlarge,g5.xlarge,az,us-east-1,use1-az6,1
2026-09-09T21:39:11Z,g5.xlarge,g5.xlarge,az,ap-northeast-2,apne2-az4,3
2026-09-09T21:39:11Z,g5.xlarge,g5.xlarge,az,us-east-2,use2-az3,1
2026-09-09T21:39:11Z,g5.xlarge,g5.xlarge,az,ap-northeast-2,apne2-az3,3
2026-09-09T21:39:11Z,g5.xlarge,g5.xlarge,az,ap-southeast-3,apse3-az3,3
2026-09-09T21:39:11Z,g5.xlarge,g5.xlarge,az,ap-northeast-2,apne2-az1,3
2026-09-09T21:39:11Z,g-xlarge-trio,g5.xlarge|g4dn.xlarge|g6.xlarge,region,ap-northeast-2,,9
2026-09-09T21:39:11Z,g-xlarge-trio,g5.xlarge|g4dn.xlarge|g6.xlarge,region,us-east-2,,9
2026-09-09T21:39:11Z,g-xlarge-trio,g5.xlarge|g4dn.xlarge|g6.xlarge,region,ap-southeast-2,,2
2026-09-09T21:39:11Z,g-xlarge-trio,g5.xlarge|g4dn.xlarge|g6.xlarge,region,ap-south-1,,9
2026-09-09T21:39:11Z,g-xlarge-trio,g5.xlarge|g4dn.xlarge|g6.xlarge,region,ap-east-1,,3
2026-09-09T21:39:11Z,g-xlarge-trio,g5.xlarge|g4dn.xlarge|g6.xlarge,region,us-east-1,,5
2026-09-09T21:39:11Z,g-xlarge-trio,g5.xlarge|g4dn.xlarge|g6.xlarge,region,ap-northeast-1,,9
2026-09-09T21:39:11Z,g-xlarge-trio,g5.xlarge|g4dn.xlarge|g6.xlarge,region,us-west-2,,3
2026-09-09T21:39:11Z,g-xlarge-trio,g5.xlarge|g4dn.xlarge|g6.xlarge,region,ap-southeast-3,,3
2026-09-09T21:39:11Z,g-xlarge-trio,g5.xlarge|g4dn.xlarge|g6.xlarge,az,ap-northeast-1,apne1-az4,9
2026-09-09T21:39:11Z,g-xlarge-trio,g5.xlarge|g4dn.xlarge|g6.xlarge,az,us-east-2,use2-az3,9
2026-09-09T21:39:11Z,g-xlarge-trio,g5.xlarge|g4dn.xlarge|g6.xlarge,az,ap-northeast-2,apne2-az1,9
2026-09-09T21:39:11Z,g-xlarge-trio,g5.xlarge|g4dn.xlarge|g6.xlarge,az,ap-east-1,ape1-az2,3
2026-09-09T21:39:11Z,g-xlarge-trio,g5.xlarge|g4dn.xlarge|g6.xlarge,az,ap-northeast-2,apne2-az3,9
2026-09-09T21:39:11Z,g-xlarge-trio,g5.xlarge|g4dn.xlarge|g6.xlarge,az,ap-northeast-1,apne1-az1,9
2026-09-09T21:39:11Z,g-xlarge-trio,g5.xlarge|g4dn.xlarge|g6.xlarge,az,us-east-2,use2-az2,9
2026-09-09T21:39:11Z,g-xlarge-trio,g5.xlarge|g4dn.xlarge|g6.xlarge,az,ap-northeast-1,apne1-az2,3
2026-09-09T21:39:11Z,g-xlarge-trio,g5.xlarge|g4dn.xlarge|g6.xlarge,az,ap-southeast-3,apse3-az3,3
2026-09-09T21:39:11Z,g-xlarge-trio,g5.xlarge|g4dn.xlarge|g6.xlarge,az,ap-northeast-2,apne2-az4,3
2026-09-10T00:07:55Z,g5.xlarge,g5.xlarge,region,us-east-1,,1
2026-09-10T00:07:55Z,g5.xlarge,g5.xlarge,region,ap-northeast-1,,1
2026-09-10T00:07:55Z,g5.xlarge,g5.xlarge,region,us-west-2,,1
2026-09-10T00:07:55Z,g5.xlarge,g5.xlarge,region,ap-northeast-2,,3
2026-09-10T00:07:55Z,g5.xlarge,g5.xlarge,region,us-east-2,,1
2026-09-10T00:07:55Z,g5.xlarge,g5.xlarge,region,ap-southeast-3,,3
2026-09-10T00:07:55Z,g5.xlarge,g5.xlarge,region,ap-southeast-2,,1
2026-09-10T00:07:55Z,g5.xlarge,g5.xlarge,region,ap-south-1,,1
2026-09-10T00:07:55Z,g5.xlarge,g5.xlarge,region,ap-east-1,,1
2026-09-10T00:07:55Z,g5.xlarge,g5.xlarge,az,ap-south-1,aps1-az3,1
2026-09-10T00:07:55Z,g5.xlarge,g5.xlarge,az,ap-east-1,ape1-az2,1
2026-09-10T00:07:55Z,g5.xlarge,g5.xlarge,az,ap-southeast-2,apse2-az1,1
2026-09-10T00:07:55Z,g5.xlarge,g5.xlarge,az,ap-northeast-2,apne2-az1,3
2026-09-10T00:07:55Z,g5.xlarge,g5.xlarge,az,ap-northeast-1,apne1-az1,1
2026-09-10T00:07:55Z,g5.xlarge,g5.xlarge,az,us-east-1,use1-az5,1
2026-09-10T00:07:55Z,g5.xlarge,g5.xlarge,az,ap-southeast-3,apse3-az3,3
2026-09-10T00:07:55Z,g5.xlarge,g5.xlarge,az,us-east-2,use2-az3,1
2026-09-10T00:07:55Z,g5.xlarge,g5.xlarge,az,ap-northeast-2,apne2-az3,3
2026-09-10T00:07:55Z,g5.xlarge,g5.xlarge,az,ap-northeast-2,apne2-az4,3
2026-09-10T00:07:55Z,g-xlarge-trio,g5.xlarge|g4dn.xlarge|g6.xlarge,region,ap-south-1,,9
2026-09-10T00:07:55Z,g-xlarge-trio,g5.xlarge|g4dn.xlarge|g6.xlarge,region,ap-east-1,,3
2026-09-10T00:07:55Z,g-xlarge-trio,g5.xlarge|g4dn.xlarge|g6.xlarge,region,us-west-2,,2
2026-09-10T00:07:55Z,g-xlarge-trio,g5.xlarge|g4dn.xlarge|g6.xlarge,region,ap-northeast-1,,2
2026-09-10T00:07:55Z,g-xlarge-trio,g5.xlarge|g4dn.xlarge|g6.xlarge,region,us-east-1,,6
2026-09-10T00:07:55Z,g-xlarge-trio,g5.xlarge|g4dn.xlarge|g6.xlarge,region,ap-southeast-3,,3
2026-09-10T00:07:55Z,g-xlarge-trio,g5.xlarge|g4dn.xlarge|g6.xlarge,region,us-east-2,,9
2026-09-10T00:07:55Z,g-xlarge-trio,g5.xlarge|g4dn.xlarge|g6.xlarge,region,ap-northeast-2,,9
2026-09-10T00:07:55Z,g-xlarge-trio,g5.xlarge|g4dn.xlarge|g6.xlarge,region,ap-southeast-2,,2
2026-09-10T00:07:55Z,g-xlarge-trio,g5.xlarge|g4dn.xlarge|g6.xlarge,az,ap-southeast-3,apse3-az3,3
2026-09-10T00:07:55Z,g-xlarge-trio,g5.xlarge|g4dn.xlarge|g6.xlarge,az,us-east-2,use2-az1,9
2026-09-10T00:07:55Z,g-xlarge-trio,g5.xlarge|g4dn.xlarge|g6.xlarge,az,ap-northeast-2,apne2-az3,9
2026-09-10T00:07:55Z,g-xlarge-trio,g5.xlarge|g4dn.xlarge|g6.xlarge,az,us-east-2,use2-az3,9
2026-09-10T00:07:55Z,g-xlarge-trio,g5.xlarge|g4dn.xlarge|g6.xlarge,az,ap-northeast-2,apne2-az1,9
2026-09-10T00:07:55Z,g-xlarge-trio,g5.xlarge|g4dn.xlarge|g6.xlarge,az,ap-south-1,aps1-az3,9
2026-09-10T00:07:55Z,g-xlarge-trio,g5.xlarge|g4dn.xlarge|g6.xlarge,az,ap-northeast-2,apne2-az4,3
2026-09-10T00:07:55Z,g-xlarge-trio,g5.xlarge|g4dn.xlarge|g6.xlarge,az,us-east-2,use2-az2,9
2026-09-10T00:07:55Z,g-xlarge-trio,g5.xlarge|g4dn.xlarge|g6.xlarge,az,ap-east-1,ape1-az1,3
2026-09-10T00:07:55Z,g-xlarge-trio,g5.xlarge|g4dn.xlarge|g6.xlarge,az,ap-south-1,aps1-az1,3
2026-09-10T05:53:51Z,g5.xlarge,g5.xlarge,region,ap-south-1,,2
2026-09-10T05:53:51Z,g5.xlarge,g5.xlarge,region,ap-east-1,,1
2026-09-10T05:53:51Z,g5.xlarge,g5.xlarge,region,ap-southeast-2,,1
2026-09-10T05:53:51Z,g5.xlarge,g5.xlarge,region,ap-northeast-2,,2
2026-09-10T05:53:51Z,g5.xlarge,g5.xlarge,region,us-east-2,,3
2026-09-10T05:53:51Z,g5.xlarge,g5.xlarge,region,ap-southeast-3,,1
2026-09-10T05:53:51Z,g5.xlarge,g5.xlarge,region,us-east-1,,2
2026-09-10T05:53:51Z,g5.xlarge,g5.xlarge,region,ap-northeast-1,,1
2026-09-10T05:53:51Z,g5.xlarge,g5.xlarge,region,us-west-2,,1
2026-09-10T05:53:51Z,g5.xlarge,g5.xlarge,az,us-east-2,use2-az1,3
2026-09-10T05:53:51Z,g5.xlarge,g5.xlarge,az,ap-south-1,aps1-az1,1
2026-09-10T05:53:51Z,g5.xlarge,g5.xlarge,az,us-west-2,usw2-az3,1
2026-09-10T05:53:51Z,g5.xlarge,g5.xlarge,az,us-east-2,use2-az2,3
2026-09-10T05:53:51Z,g5.xlarge,g5.xlarge,az,us-east-1,use1-az6,1
2026-09-10T05:53:51Z,g5.xlarge,g5.xlarge,az,us-east-2,use2-az3,3
2026-09-10T05:53:51Z,g5.xlarge,g5.xlarge,az,us-west-2,usw2-az2,1
2026-09-10T05:53:51Z,g5.xlarge,g5.xlarge,az,us-east-1,use1-az5,1
2026-09-10T05:53:51Z,g5.xlarge,g5.xlarge,az,ap-northeast-2,apne2-az3,1
2026-09-10T05:53:51Z,g5.xlarge,g5.xlarge,az,ap-southeast-3,apse3-az3,1
2026-09-10T05:53:51Z,g-xlarge-trio,g5.xlarge|g4dn.xlarge|g6.xlarge,region,us-west-2,,3
2026-09-10T05:53:51Z,g-xlarge-trio,g5.xlarge|g4dn.xlarge|g6.xlarge,region,ap-northeast-1,,2
2026-09-10T05:53:51Z,g-xlarge-trio,g5.xlarge|g4dn.xlarge|g6.xlarge,region,us-east-1,,9
2026-09-10T05:53:51Z,g-xlarge-trio,g5.xlarge|g4dn.xlarge|g6.xlarge,region,us-east-2,,9
2026-09-10T05:53:51Z,g-xlarge-trio,g5.xlarge|g4dn.xlarge|g6.xlarge,region,ap-northeast-2,,9
2026-09-10T05:53:51Z,g-xlarge-trio,g5.xlarge|g4dn.xlarge|g6.xlarge,region,ap-southeast-2,,2
2026-09-10T05:53:51Z,g-xlarge-trio,g5.xlarge|g4dn.xlarge|g6.xlarge,region,ap-southeast-3,,1
2026-09-10T05:53:51Z,g-xlarge-trio,g5.xlarge|g4dn.xlarge|g6.xlarge,region,ap-south-1,,5
2026-09-10T05:53:51Z,g-xlarge-trio,g5.xlarge|g4dn.xlarge|g6.xlarge,region,ap-east-1,,3
2026-09-10T05:53:51Z,g-xlarge-trio,g5.xlarge|g4dn.xlarge|g6.xlarge,az,ap-east-1,ape1-az2,3
2026-09-10T05:53:51Z,g-xlarge-trio,g5.xlarge|g4dn.xlarge|g6.xlarge,az,us-east-2,use2-az1,9
2026-09-10T05:53:51Z,g-xlarge-trio,g5.xlarge|g4dn.xlarge|g6.xlarge,az,us-east-2,use2-az2,9
2026-09-10T05:53:51Z,g-xlarge-trio,g5.xlarge|g4dn.xlarge|g6.xlarge,az,us-east-1,use1-az6,9
2026-09-10T05:53:51Z,g-xlarge-trio,g5.xlarge|g4dn.xlarge|g6.xlarge,az,ap-northeast-2,apne2-az4,3
2026-09-10T05:53:51Z,g-xlarge-trio,g5.xlarge|g4dn.xlarge|g6.xlarge,az,us-east-1,use1-az2,9
2026-09-10T05:53:51Z,g-xlarge-trio,g5.xlarge|g4dn.xlarge|g6.xlarge,az,us-east-2,use2-az3,9
2026-09-10T05:53:51Z,g-xlarge-trio,g5.xlarge|g4dn.xlarge|g6.xlarge,az,ap-northeast-2,apne2-az3,9
2026-09-10T05:53:51Z,g-xlarge-trio,g5.xlarge|g4dn.xlarge|g6.xlarge,az,us-east-1,use1-az4,9
2026-09-10T05:53:51Z,g-xlarge-trio,g5.xlarge|g4dn.xlarge|g6.xlarge,az,ap-northeast-2,apne2-az1,9
2026-09-10T11:10:41Z,g5.xlarge,g5.xlarge,region,us-east-2,,1
2026-09-10T11:10:41Z,g5.xlarge,g5.xlarge,region,ap-northeast-2,,3
2026-09-10T11:10:41Z,g5.xlarge,g5.xlarge,region,ap-southeast-2,,1
2026-09-10T11:10:41Z,g5.xlarge,g5.xlarge,region,ap-east-1,,3
2026-09-10T11:10:41Z,g5.xlarge,g5.xlarge,region,ap-south-1,,1
2026-09-10T11:10:41Z,g5.xlarge,g5.xlarge,region,ap-northeast-1,,2
2026-09-10T11:10:41Z,g5.xlarge,g5.xlarge,region,us-west-2,,1
2026-09-10T11:10:41Z,g5.xlarge,g5.xlarge,region,us-east-1,,2
2026-09-10T11:10:41Z,g5.xlarge,g5.xlarge,region,ap-southeast-3,,1
2026-09-10T11:10:41Z,g5.xlarge,g5.xlarge,az,ap-south-1,aps1-az1,1
2026-09-10T11:10:41Z,g5.xlarge,g5.xlarge,az,us-west-2,usw2-az3,1
2026-09-10T11:10:41Z,g5.xlarge,g5.xlarge,az,ap-east-1,ape1-az2,3
2026-09-10T11:10:41Z,g5.xlarge,g5.xlarge,az,us-east-2,use2-az1,1
2026-09-10T11:10:41Z,g5.xlarge,g5.xlarge,az,us-east-2,use2-az2,1
2026-09-10T11:10:41Z,g5.xlarge,g5.xlarge,az,ap-northeast-2,apne2-az4,3
2026-09-10T11:10:41Z,g5.xlarge,g5.xlarge,az,us-east-1,use1-az6,1
2026-09-10T11:10:41Z,g5.xlarge,g5.xlarge,az,ap-east-1,ape1-az1,1
2026-09-10T11:10:41Z,g5.xlarge,g5.xlarge,az,ap-northeast-2,apne2-az1,3
2026-09-10T11:10:41Z,g5.xlarge,g5.xlarge,az,ap-northeast-2,apne2-az3,3
2026-09-10T11:10:41Z,g-xlarge-trio,g5.xlarge|g4dn.xlarge|g6.xlarge,region,us-west-2,,1
2026-09-10T11:10:41Z,g-xlarge-trio,g5.xlarge|g4dn.xlarge|g6.xlarge,region,ap-northeast-1,,4
2026-09-10T11:10:41Z,g-xlarge-trio,g5.xlarge|g4dn.xlarge|g6.xlarge,region,us-east-1,,9
2026-09-10T11:10:41Z,g-xlarge-trio,g5.xlarge|g4dn.xlarge|g6.xlarge,region,us-east-2,,9
2026-09-10T11:10:41Z,g-xlarge-trio,g5.xlarge|g4dn.xlarge|g6.xlarge,region,ap-northeast-2,,9
2026-09-10T11:10:41Z,g-xlarge-trio,g5.xlarge|g4dn.xlarge|g6.xlarge,region,ap-southeast-2,,2
2026-09-10T11:10:41Z,g-xlarge-trio,g5.xlarge|g4dn.xlarge|g6.xlarge,region,ap-southeast-3,,1
2026-09-10T11:10:41Z,g-xlarge-trio,g5.xlarge|g4dn.xlarge|g6.xlarge,region,ap-east-1,,3
2026-09-10T11:10:41Z,g-xlarge-trio,g5.xlarge|g4dn.xlarge|g6.xlarge,region,ap-south-1,,1
2026-09-10T11:10:41Z,g-xlarge-trio,g5.xlarge|g4dn.xlarge|g6.xlarge,az,ap-east-1,ape1-az1,3
2026-09-10T11:10:41Z,g-xlarge-trio,g5.xlarge|g4dn.xlarge|g6.xlarge,az,ap-northeast-2,apne2-az3,9
2026-09-10T11:10:41Z,g-xlarge-trio,g5.xlarge|g4dn.xlarge|g6.xlarge,az,ap-east-1,ape1-az3,3
2026-09-10T11:10:41Z,g-xlarge-trio,g5.xlarge|g4dn.xlarge|g6.xlarge,az,us-east-1,use1-az4,2
2026-09-10T11:10:41Z,g-xlarge-trio,g5.xlarge|g4dn.xlarge|g6.xlarge,az,us-east-2,use2-az2,9
2026-09-10T11:10:41Z,g-xlarge-trio,g5.xlarge|g4dn.xlarge|g6.xlarge,az,ap-east-1,ape1-az2,3
2026-09-10T11:10:41Z,g-xlarge-trio,g5.xlarge|g4dn.xlarge|g6.xlarge,az,ap-northeast-2,apne2-az4,3
2026-09-10T11:10:41Z,g-xlarge-trio,g5.xlarge|g4dn.xlarge|g6.xlarge,az,ap-northeast-2,apne2-az1,9
2026-09-10T11:10:41Z,g-xlarge-trio,g5.xlarge|g4dn.xlarge|g6.xlarge,az,us-east-2,use2-az3,9
2026-09-10T11:10:41Z,g-xlarge-trio,g5.xlarge|g4dn.xlarge|g6.xlarge,az,us-east-2,use2-az1,9
2026-09-10T16:19:24Z,g5.xlarge,g5.xlarge,region,ap-south-1,,1
2026-09-10T16:19:24Z,g5.xlarge,g5.xlarge,region,ap-east-1,,3
2026-09-10T16:19:24Z,g5.xlarge,g5.xlarge,region,ap-southeast-2,,1
2026-09-10T16:19:24Z,g5.xlarge,g5.xlarge,region,ap-northeast-2,,3
2026-09-10T16:19:24Z,g5.xlarge,g5.xlarge,region,us-east-2,,1
2026-09-10T16:19:24Z,g5.xlarge,g5.xlarge,region,ap-southeast-3,,3
2026-09-10T16:19:24Z,g5.xlarge,g5.xlarge,region,ap-northeast-1,,3
2026-09-10T16:19:24Z,g5.xlarge,g5.xlarge,region,us-east-1,,1
2026-09-10T16:19:24Z,g5.xlarge,g5.xlarge,region,us-west-2,,1
2026-09-10T16:19:24Z,g5.xlarge,g5.xlarge,az,ap-northeast-1,apne1-az4,3
2026-09-10T16:19:24Z,g5.xlarge,g5.xlarge,az,us-west-2,usw2-az1,1
2026-09-10T16:19:24Z,g5.xlarge,g5.xlarge,az,us-east-1,use1-az5,1
2026-09-10T16:19:24Z,g5.xlarge,g5.xlarge,az,us-east-2,use2-az3,1
2026-09-10T16:19:24Z,g5.xlarge,g5.xlarge,az,ap-northeast-2,apne2-az1,3
2026-09-10T16:19:24Z,g5.xlarge,g5.xlarge,az,ap-east-1,ape1-az1,1
2026-09-10T16:19:24Z,g5.xlarge,g5.xlarge,az,ap-east-1,ape1-az2,3
2026-09-10T16:19:24Z,g5.xlarge,g5.xlarge,az,ap-northeast-2,apne2-az3,3
2026-09-10T16:19:24Z,g5.xlarge,g5.xlarge,az,ap-southeast-3,apse3-az3,3
2026-09-10T16:19:24Z,g5.xlarge,g5.xlarge,az,ap-northeast-2,apne2-az4,3
2026-09-10T16:19:24Z,g-xlarge-trio,g5.xlarge|g4dn.xlarge|g6.xlarge,region,ap-south-1,,3
2026-09-10T16:19:24Z,g-xlarge-trio,g5.xlarge|g4dn.xlarge|g6.xlarge,region,ap-east-1,,3
2026-09-10T16:19:24Z,g-xlarge-trio,g5.xlarge|g4dn.xlarge|g6.xlarge,region,ap-southeast-2,,2
2026-09-10T16:19:24Z,g-xlarge-trio,g5.xlarge|g4dn.xlarge|g6.xlarge,region,ap-northeast-2,,9
2026-09-10T16:19:24Z,g-xlarge-trio,g5.xlarge|g4dn.xlarge|g6.xlarge,region,us-east-2,,2
2026-09-10T16:19:24Z,g-xlarge-trio,g5.xlarge|g4dn.xlarge|g6.xlarge,region,ap-southeast-3,,3
2026-09-10T16:19:24Z,g-xlarge-trio,g5.xlarge|g4dn.xlarge|g6.xlarge,region,ap-northeast-1,,9
2026-09-10T16:19:24Z,g-xlarge-trio,g5.xlarge|g4dn.xlarge|g6.xlarge,region,us-east-1,,3
2026-09-10T16:19:24Z,g-xlarge-trio,g5.xlarge|g4dn.xlarge|g6.xlarge,region,us-west-2,,3
2026-09-10T16:19:24Z,g-xlarge-trio,g5.xlarge|g4dn.xlarge|g6.xlarge,az,ap-east-1,ape1-az1,3
2026-09-10T16:19:24Z,g-xlarge-trio,g5.xlarge|g4dn.xlarge|g6.xlarge,az,ap-northeast-2,apne2-az3,9
2026-09-10T16:19:24Z,g-xlarge-trio,g5.xlarge|g4dn.xlarge|g6.xlarge,az,ap-east-1,ape1-az3,3
2026-09-10T16:19:24Z,g-xlarge-trio,g5.xlarge|g4dn.xlarge|g6.xlarge,az,ap-northeast-1,apne1-az4,9
2026-09-10T16:19:24Z,g-xlarge-trio,g5.xlarge|g4dn.xlarge|g6.xlarge,az,ap-south-1,aps1-az1,3
2026-09-10T16:19:24Z,g-xlarge-trio,g5.xlarge|g4dn.xlarge|g6.xlarge,az,ap-south-1,aps1-az3,3
2026-09-10T16:19:24Z,g-xlarge-trio,g5.xlarge|g4dn.xlarge|g6.xlarge,az,ap-east-1,ape1-az2,3
2026-09-10T16:19:24Z,g-xlarge-trio,g5.xlarge|g4dn.xlarge|g6.xlarge,az,ap-northeast-2,apne2-az2,3
2026-09-10T16:19:24Z,g-xlarge-trio,g5.xlarge|g4dn.xlarge|g6.xlarge,az,ap-northeast-1,apne1-az1,9
2026-09-10T16:19:24Z,g-xlarge-trio,g5.xlarge|g4dn.xlarge|g6.xlarge,az,ap-northeast-2,apne2-az1,9
2026-09-10T19:35:39Z,g5.xlarge,g5.xlarge,region,ap-south-1,,3
2026-09-10T19:35:39Z,g5.xlarge,g5.xlarge,region,ap-east-1,,3
2026-09-10T19:35:39Z,g5.xlarge,g5.xlarge,region,ap-southeast-2,,1
2026-09-10T19:35:39Z,g5.xlarge,g5.xlarge,region,ap-northeast-2,,3
2026-09-10T19:35:39Z,g5.xlarge,g5.xlarge,region,us-east-2,,1
2026-09-10T19:35:39Z,g5.xlarge,g5.xlarge,region,ap-southeast-3,,3
2026-09-10T19:35:39Z,g5.xlarge,g5.xlarge,region,ap-northeast-1,,2
2026-09-10T19:35:39Z,g5.xlarge,g5.xlarge,region,us-east-1,,1
2026-09-10T19:35:39Z,g5.xlarge,g5.xlarge,region,us-west-2,,1
2026-09-10T19:35:39Z,g5.xlarge,g5.xlarge,az,ap-south-1,aps1-az1,1
2026-09-10T19:35:39Z,g5.xlarge,g5.xlarge,az,us-west-2,usw2-az3,1
2026-09-10T19:35:39Z,g5.xlarge,g5.xlarge,az,ap-east-1,ape1-az2,3
2026-09-10T19:35:39Z,g5.xlarge,g5.xlarge,az,ap-south-1,aps1-az3,3
2026-09-10T19:35:39Z,g5.xlarge,g5.xlarge,az,us-east-2,use2-az1,1
2026-09-10T19:35:39Z,g5.xlarge,g5.xlarge,az,us-east-2,use2-az2,1
2026-09-10T19:35:39Z,g5.xlarge,g5.xlarge,az,ap-northeast-2,apne2-az4,3
2026-09-10T19:35:39Z,g5.xlarge,g5.xlarge,az,ap-northeast-2,apne2-az1,3
2026-09-10T19:35:39Z,g5.xlarge,g5.xlarge,az,ap-southeast-3,apse3-az3,3
2026-09-10T19:35:39Z,g5.xlarge,g5.xlarge,az,ap-northeast-2,apne2-az3,3
2026-09-10T19:35:39Z,g-xlarge-trio,g5.xlarge|g4dn.xlarge|g6.xlarge,region,ap-northeast-2,,9
2026-09-10T19:35:39Z,g-xlarge-trio,g5.xlarge|g4dn.xlarge|g6.xlarge,region,us-east-2,,3
2026-09-10T19:35:39Z,g-xlarge-trio,g5.xlarge|g4dn.xlarge|g6.xlarge,region,ap-southeast-2,,3
2026-09-10T19:35:39Z,g-xlarge-trio,g5.xlarge|g4dn.xlarge|g6.xlarge,region,ap-south-1,,3
2026-09-10T19:35:39Z,g-xlarge-trio,g5.xlarge|g4dn.xlarge|g6.xlarge,region,ap-east-1,,3
2026-09-10T19:35:39Z,g-xlarge-trio,g5.xlarge|g4dn.xlarge|g6.xlarge,region,us-east-1,,2
2026-09-10T19:35:39Z,g-xlarge-trio,g5.xlarge|g4dn.xlarge|g6.xlarge,region,ap-northeast-1,,9
2026-09-10T19:35:39Z,g-xlarge-trio,g5.xlarge|g4dn.xlarge|g6.xlarge,region,us-west-2,,3
2026-09-10T19:35:39Z,g-xlarge-trio,g5.xlarge|g4dn.xlarge|g6.xlarge,region,ap-southeast-3,,3
2026-09-10T19:35:39Z,g-xlarge-trio,g5.xlarge|g4dn.xlarge|g6.xlarge,az,ap-east-1,ape1-az2,3
2026-09-10T19:35:39Z,g-xlarge-trio,g5.xlarge|g4dn.xlarge|g6.xlarge,az,ap-south-1,aps1-az1,3
2026-09-10T19:35:39Z,g-xlarge-trio,g5.xlarge|g4dn.xlarge|g6.xlarge,az,ap-northeast-1,apne1-az4,9
2026-09-10T19:35:39Z,g-xlarge-trio,g5.xlarge|g4dn.xlarge|g6.xlarge,az,ap-northeast-2,apne2-az2,3
2026-09-10T19:35:39Z,g-xlarge-trio,g5.xlarge|g4dn.xlarge|g6.xlarge,az,ap-northeast-2,apne2-az4,3
2026-09-10T19:35:39Z,g-xlarge-trio,g5.xlarge|g4dn.xlarge|g6.xlarge,az,ap-south-1,aps1-az2,3
2026-09-10T19:35:39Z,g-xlarge-trio,g5.xlarge|g4dn.xlarge|g6.xlarge,az,ap-southeast-2,apse2-az3,3
2026-09-10T19:35:39Z,g-xlarge-trio,g5.xlarge|g4dn.xlarge|g6.xlarge,az,ap-northeast-2,apne2-az3,9
2026-09-10T19:35:39Z,g-xlarge-trio,g5.xlarge|g4dn.xlarge|g6.xlarge,az,ap-northeast-1,apne1-az1,9
2026-09-10T19:35:39Z,g-xlarge-trio,g5.xlarge|g4dn.xlarge|g6.xlarge,az,ap-northeast-2,apne2-az1,9
2026-09-10T22:29:46Z,g5.xlarge,g5.xlarge,region,us-east-1,,3
2026-09-10T22:29:46Z,g5.xlarge,g5.xlarge,region,ap-northeast-1,,2
2026-09-10T22:29:46Z,g5.xlarge,g5.xlarge,region,us-west-2,,1
2026-09-10T22:29:46Z,g5.xlarge,g5.xlarge,region,ap-northeast-2,,3
2026-09-10T22:29:46Z,g5.xlarge,g5.xlarge,region,us-east-2,,1
2026-09-10T22:29:46Z,g5.xlarge,g5.xlarge,region,ap-southeast-3,,3
2026-09-10T22:29:46Z,g5.xlarge,g5.xlarge,region,ap-southeast-2,,1
2026-09-10T22:29:46Z,g5.xlarge,g5.xlarge,region,ap-east-1,,3
2026-09-10T22:29:46Z,g5.xlarge,g5.xlarge,region,ap-south-1,,1
2026-09-10T22:29:46Z,g5.xlarge,g5.xlarge,az,us-east-1,use1-az6,3
2026-09-10T22:29:46Z,g5.xlarge,g5.xlarge,az,ap-south-1,aps1-az1,1
2026-09-10T22:29:46Z,g5.xlarge,g5.xlarge,az,us-west-2,usw2-az3,1
2026-09-10T22:29:46Z,g5.xlarge,g5.xlarge,az,us-east-1,use1-az2,1
2026-09-10T22:29:46Z,g5.xlarge,g5.xlarge,az,ap-southeast-3,apse3-az3,3
2026-09-10T22:29:46Z,g5.xlarge,g5.xlarge,az,ap-northeast-2,apne2-az1,3
2026-09-10T22:29:46Z,g5.xlarge,g5.xlarge,az,ap-east-1,ape1-az2,3
2026-09-10T22:29:46Z,g5.xlarge,g5.xlarge,az,ap-northeast-2,apne2-az3,3
2026-09-10T22:29:46Z,g5.xlarge,g5.xlarge,az,us-east-1,use1-az5,3
2026-09-10T22:29:46Z,g5.xlarge,g5.xlarge,az,ap-northeast-2,apne2-az4,3
2026-09-10T22:29:46Z,g-xlarge-trio,g5.xlarge|g4dn.xlarge|g6.xlarge,region,ap-south-1,,3
2026-09-10T22:29:46Z,g-xlarge-trio,g5.xlarge|g4dn.xlarge|g6.xlarge,region,ap-east-1,,3
2026-09-10T22:29:46Z,g-xlarge-trio,g5.xlarge|g4dn.xlarge|g6.xlarge,region,ap-southeast-2,,1
2026-09-10T22:29:46Z,g-xlarge-trio,g5.xlarge|g4dn.xlarge|g6.xlarge,region,ap-northeast-2,,9
2026-09-10T22:29:46Z,g-xlarge-trio,g5.xlarge|g4dn.xlarge|g6.xlarge,region,us-east-2,,3
2026-09-10T22:29:46Z,g-xlarge-trio,g5.xlarge|g4dn.xlarge|g6.xlarge,region,ap-southeast-3,,3
2026-09-10T22:29:46Z,g-xlarge-trio,g5.xlarge|g4dn.xlarge|g6.xlarge,region,us-east-1,,9
2026-09-10T22:29:46Z,g-xlarge-trio,g5.xlarge|g4dn.xlarge|g6.xlarge,region,ap-northeast-1,,9
2026-09-10T22:29:46Z,g-xlarge-trio,g5.xlarge|g4dn.xlarge|g6.xlarge,region,us-west-2,,2
2026-09-10T22:29:46Z,g-xlarge-trio,g5.xlarge|g4dn.xlarge|g6.xlarge,az,ap-northeast-1,apne1-az1,9
2026-09-10T22:29:46Z,g-xlarge-trio,g5.xlarge|g4dn.xlarge|g6.xlarge,az,ap-northeast-2,apne2-az1,9
2026-09-10T22:29:46Z,g-xlarge-trio,g5.xlarge|g4dn.xlarge|g6.xlarge,az,ap-southeast-3,apse3-az3,3
2026-09-10T22:29:46Z,g-xlarge-trio,g5.xlarge|g4dn.xlarge|g6.xlarge,az,ap-northeast-2,apne2-az3,9
2026-09-10T22:29:46Z,g-xlarge-trio,g5.xlarge|g4dn.xlarge|g6.xlarge,az,ap-east-1,ape1-az1,3
2026-09-10T22:29:46Z,g-xlarge-trio,g5.xlarge|g4dn.xlarge|g6.xlarge,az,ap-south-1,aps1-az2,3
2026-09-10T22:29:46Z,g-xlarge-trio,g5.xlarge|g4dn.xlarge|g6.xlarge,az,ap-northeast-1,apne1-az4,9
2026-09-10T22:29:46Z,g-xlarge-trio,g5.xlarge|g4dn.xlarge|g6.xlarge,az,ap-northeast-2,apne2-az4,3
2026-09-10T22:29:46Z,g-xlarge-trio,g5.xlarge|g4dn.xlarge|g6.xlarge,az,ap-east-1,ape1-az3,3
2026-09-10T22:29:46Z,g-xlarge-trio,g5.xlarge|g4dn.xlarge|g6.xlarge,az,us-east-1,use1-az6,9
2026-09-11T00:59:41Z,g5.xlarge,g5.xlarge,region,ap-northeast-2,,3
2026-09-11T00:59:41Z,g5.xlarge,g5.xlarge,region,us-east-2,,1
2026-09-11T00:59:41Z,g5.xlarge,g5.xlarge,region,ap-southeast-2,,1
2026-09-11T00:59:41Z,g5.xlarge,g5.xlarge,region,us-east-1,,1
2026-09-11T00:59:41Z,g5.xlarge,g5.xlarge,region,us-west-2,,1
2026-09-11T00:59:41Z,g5.xlarge,g5.xlarge,region,ap-northeast-1,,1
2026-09-11T00:59:41Z,g5.xlarge,g5.xlarge,region,ap-south-1,,3
2026-09-11T00:59:41Z,g5.xlarge,g5.xlarge,region,ap-east-1,,3
2026-09-11T00:59:41Z,g5.xlarge,g5.xlarge,region,ap-southeast-3,,3
2026-09-11T00:59:41Z,g5.xlarge,g5.xlarge,az,ap-southeast-2,apse2-az1,1
2026-09-11T00:59:41Z,g5.xlarge,g5.xlarge,az,ap-south-1,aps1-az3,3
2026-09-11T00:59:41Z,g5.xlarge,g5.xlarge,az,ap-east-1,ape1-az2,3
2026-09-11T00:59:41Z,g5.xlarge,g5.xlarge,az,ap-southeast-2,apse2-az2,1
2026-09-11T00:59:41Z,g5.xlarge,g5.xlarge,az,us-west-2,usw2-az2,1
2026-09-11T00:59:41Z,g5.xlarge,g5.xlarge,az,ap-northeast-2,apne2-az4,3
2026-09-11T00:59:41Z,g5.xlarge,g5.xlarge,az,ap-northeast-1,apne1-az1,1
2026-09-11T00:59:41Z,g5.xlarge,g5.xlarge,az,ap-southeast-3,apse3-az3,3
2026-09-11T00:59:41Z,g5.xlarge,g5.xlarge,az,ap-northeast-2,apne2-az3,3
2026-09-11T00:59:41Z,g5.xlarge,g5.xlarge,az,ap-northeast-2,apne2-az1,3
2026-09-11T00:59:41Z,g-xlarge-trio,g5.xlarge|g4dn.xlarge|g6.xlarge,region,us-west-2,,3
2026-09-11T00:59:41Z,g-xlarge-trio,g5.xlarge|g4dn.xlarge|g6.xlarge,region,ap-northeast-2,,9
2026-09-11T00:59:41Z,g-xlarge-trio,g5.xlarge|g4dn.xlarge|g6.xlarge,region,us-east-2,,3
2026-09-11T00:59:41Z,g-xlarge-trio,g5.xlarge|g4dn.xlarge|g6.xlarge,region,ap-southeast-2,,1
2026-09-11T00:59:41Z,g-xlarge-trio,g5.xlarge|g4dn.xlarge|g6.xlarge,region,ap-south-1,,9
2026-09-11T00:59:41Z,g-xlarge-trio,g5.xlarge|g4dn.xlarge|g6.xlarge,region,ap-east-1,,3
2026-09-11T00:59:41Z,g-xlarge-trio,g5.xlarge|g4dn.xlarge|g6.xlarge,region,ap-southeast-3,,3
2026-09-11T00:59:41Z,g-xlarge-trio,g5.xlarge|g4dn.xlarge|g6.xlarge,region,us-east-1,,9
2026-09-11T00:59:41Z,g-xlarge-trio,g5.xlarge|g4dn.xlarge|g6.xlarge,region,ap-northeast-1,,2
2026-09-11T00:59:41Z,g-xlarge-trio,g5.xlarge|g4dn.xlarge|g6.xlarge,az,ap-northeast-2,apne2-az1,9
2026-09-11T00:59:41Z,g-xlarge-trio,g5.xlarge|g4dn.xlarge|g6.xlarge,az,ap-northeast-2,apne2-az3,9
2026-09-11T00:59:41Z,g-xlarge-trio,g5.xlarge|g4dn.xlarge|g6.xlarge,az,ap-south-1,aps1-az2,3
2026-09-11T00:59:41Z,g-xlarge-trio,g5.xlarge|g4dn.xlarge|g6.xlarge,az,ap-east-1,ape1-az2,3
2026-09-11T00:59:41Z,g-xlarge-trio,g5.xlarge|g4dn.xlarge|g6.xlarge,az,ap-southeast-3,apse3-az3,3
2026-09-11T00:59:41Z,g-xlarge-trio,g5.xlarge|g4dn.xlarge|g6.xlarge,az,ap-east-1,ape1-az1,3
2026-09-11T00:59:41Z,g-xlarge-trio,g5.xlarge|g4dn.xlarge|g6.xlarge,az,ap-south-1,aps1-az1,3
2026-09-11T00:59:41Z,g-xlarge-trio,g5.xlarge|g4dn.xlarge|g6.xlarge,az,ap-east-1,ape1-az3,3
2026-09-11T00:59:41Z,g-xlarge-trio,g5.xlarge|g4dn.xlarge|g6.xlarge,az,ap-northeast-2,apne2-az4,3
2026-09-11T00:59:41Z,g-xlarge-trio,g5.xlarge|g4dn.xlarge|g6.xlarge,az,ap-south-1,aps1-az3,3
2026-09-11T05:52:37Z,g5.xlarge,g5.xlarge,region,us-east-1,,1
2026-09-11T05:52:37Z,g5.xlarge,g5.xlarge,region,ap-northeast-1,,1
2026-09-11T05:52:37Z,g5.xlarge,g5.xlarge,region,us-west-2,,1
2026-09-11T05:52:37Z,g5.xlarge,g5.xlarge,region,ap-northeast-2,,3
2026-09-11T05:52:37Z,g5.xlarge,g5.xlarge,region,us-east-2,,1
2026-09-11T05:52:37Z,g5.xlarge,g5.xlarge,region,ap-southeast-3,,3
2026-09-11T05:52:37Z,g5.xlarge,g5.xlarge,region,ap-southeast-2,,1
2026-09-11T05:52:37Z,g5.xlarge,g5.xlarge,region,ap-east-1,,3
2026-09-11T05:52:37Z,g5.xlarge,g5.xlarge,region,ap-south-1,,1
2026-09-11T05:52:37Z,g5.xlarge,g5.xlarge,az,ap-south-1,aps1-az1,1
2026-09-11T05:52:37Z,g5.xlarge,g5.xlarge,az,us-east-1,use1-az6,1
2026-09-11T05:52:37Z,g5.xlarge,g5.xlarge,az,us-west-2,usw2-az3,1
2026-09-11T05:52:37Z,g5.xlarge,g5.xlarge,az,us-east-1,use1-az2,1
2026-09-11T05:52:37Z,g5.xlarge,g5.xlarge,az,ap-southeast-3,apse3-az1,1
2026-09-11T05:52:37Z,g5.xlarge,g5.xlarge,az,ap-southeast-3,apse3-az3,3
2026-09-11T05:52:37Z,g5.xlarge,g5.xlarge,az,ap-northeast-2,apne2-az1,3
2026-09-11T05:52:37Z,g5.xlarge,g5.xlarge,az,ap-east-1,ape1-az2,3
2026-09-11T05:52:37Z,g5.xlarge,g5.xlarge,az,ap-northeast-2,apne2-az3,3
2026-09-11T05:52:37Z,g5.xlarge,g5.xlarge,az,ap-northeast-2,apne2-az4,3
2026-09-11T05:52:37Z,g-xlarge-trio,g5.xlarge|g4dn.xlarge|g6.xlarge,region,ap-northeast-2,,9
2026-09-11T05:52:37Z,g-xlarge-trio,g5.xlarge|g4dn.xlarge|g6.xlarge,region,us-east-2,,9
2026-09-11T05:52:37Z,g-xlarge-trio,g5.xlarge|g4dn.xlarge|g6.xlarge,region,ap-southeast-2,,2
2026-09-11T05:52:37Z,g-xlarge-trio,g5.xlarge|g4dn.xlarge|g6.xlarge,region,ap-south-1,,9
2026-09-11T05:52:37Z,g-xlarge-trio,g5.xlarge|g4dn.xlarge|g6.xlarge,region,ap-east-1,,3
2026-09-11T05:52:37Z,g-xlarge-trio,g5.xlarge|g4dn.xlarge|g6.xlarge,region,us-east-1,,9
2026-09-11T05:52:37Z,g-xlarge-trio,g5.xlarge|g4dn.xlarge|g6.xlarge,region,us-west-2,,4
2026-09-11T05:52:37Z,g-xlarge-trio,g5.xlarge|g4dn.xlarge|g6.xlarge,region,ap-northeast-1,,3
2026-09-11T05:52:37Z,g-xlarge-trio,g5.xlarge|g4dn.xlarge|g6.xlarge,region,ap-southeast-3,,3
2026-09-11T05:52:37Z,g-xlarge-trio,g5.xlarge|g4dn.xlarge|g6.xlarge,az,us-east-1,use1-az6,9
2026-09-11T05:52:37Z,g-xlarge-trio,g5.xlarge|g4dn.xlarge|g6.xlarge,az,us-east-2,use2-az1,9
2026-09-11T05:52:37Z,g-xlarge-trio,g5.xlarge|g4dn.xlarge|g6.xlarge,az,ap-northeast-2,apne2-az1,9
2026-09-11T05:52:37Z,g-xlarge-trio,g5.xlarge|g4dn.xlarge|g6.xlarge,az,ap-southeast-3,apse3-az3,3
2026-09-11T05:52:37Z,g-xlarge-trio,g5.xlarge|g4dn.xlarge|g6.xlarge,az,us-east-2,use2-az3,9
2026-09-11T05:52:37Z,g-xlarge-trio,g5.xlarge|g4dn.xlarge|g6.xlarge,az,us-east-1,use1-az4,9
2026-09-11T05:52:37Z,g-xlarge-trio,g5.xlarge|g4dn.xlarge|g6.xlarge,az,ap-northeast-2,apne2-az3,9
2026-09-11T05:52:37Z,g-xlarge-trio,g5.xlarge|g4dn.xlarge|g6.xlarge,az,us-east-1,use1-az5,3
2026-09-11T05:52:37Z,g-xlarge-trio,g5.xlarge|g4dn.xlarge|g6.xlarge,az,ap-east-1,ape1-az3,3
2026-09-11T05:52:37Z,g-xlarge-trio,g5.xlarge|g4dn.xlarge|g6.xlarge,az,us-east-2,use2-az2,9
2026-09-11T11:10:49Z,g5.xlarge,g5.xlarge,region,ap-south-1,,2
2026-09-11T11:10:49Z,g5.xlarge,g5.xlarge,region,ap-east-1,,3
2026-09-11T11:10:49Z,g5.xlarge,g5.xlarge,region,ap-southeast-2,,1
2026-09-11T11:10:49Z,g5.xlarge,g5.xlarge,region,ap-northeast-2,,3
2026-09-11T11:10:49Z,g5.xlarge,g5.xlarge,region,us-east-2,,3
2026-09-11T11:10:49Z,g5.xlarge,g5.xlarge,region,ap-southeast-3,,3
2026-09-11T11:10:49Z,g5.xlarge,g5.xlarge,region,us-east-1,,3
2026-09-11T11:10:49Z,g5.xlarge,g5.xlarge,region,ap-northeast-1,,2
2026-09-11T11:10:49Z,g5.xlarge,g5.xlarge,region,us-west-2,,1
2026-09-11T11:10:49Z,g5.xlarge,g5.xlarge,az,ap-south-1,aps1-az1,1
2026-09-11T11:10:49Z,g5.xlarge,g5.xlarge,az,us-west-2,usw2-az3,1
2026-09-11T11:10:49Z,g5.xlarge,g5.xlarge,az,ap-east-1,ape1-az2,3
2026-09-11T11:10:49Z,g5.xlarge,g5.xlarge,az,us-east-2,use2-az1,1
2026-09-11T11:10:49Z,g5.xlarge,g5.xlarge,az,us-east-2,use2-az2,1
2026-09-11T11:10:49Z,g5.xlarge,g5.xlarge,az,ap-northeast-2,apne2-az4,3
2026-09-11T11:10:49Z,g5.xlarge,g5.xlarge,az,ap-northeast-2,apne2-az1,3
2026-09-11T11:10:49Z,g5.xlarge,g5.xlarge,az,ap-southeast-3,apse3-az3,3
2026-09-11T11:10:49Z,g5.xlarge,g5.xlarge,az,us-east-2,use2-az3,3
2026-09-11T11:10:49Z,g5.xlarge,g5.xlarge,az,ap-northeast-2,apne2-az3,3
2026-09-11T11:10:49Z,g-xlarge-trio,g5.xlarge|g4dn.xlarge|g6.xlarge,region,ap-southeast-2,,3
2026-09-11T11:10:49Z,g-xlarge-trio,g5.xlarge|g4dn.xlarge|g6.xlarge,region,ap-south-1,,3
2026-09-11T11:10:49Z,g-xlarge-trio,g5.xlarge|g4dn.xlarge|g6.xlarge,region,ap-east-1,,3
2026-09-11T11:10:49Z,g-xlarge-trio,g5.xlarge|g4dn.xlarge|g6.xlarge,region,ap-southeast-3,,3
2026-09-11T11:10:49Z,g-xlarge-trio,g5.xlarge|g4dn.xlarge|g6.xlarge,region,us-east-1,,9
2026-09-11T11:10:49Z,g-xlarge-trio,g5.xlarge|g4dn.xlarge|g6.xlarge,region,ap-northeast-1,,4
2026-09-11T11:10:49Z,g-xlarge-trio,g5.xlarge|g4dn.xlarge|g6.xlarge,region,us-west-2,,2
2026-09-11T11:10:49Z,g-xlarge-trio,g5.xlarge|g4dn.xlarge|g6.xlarge,region,ap-northeast-2,,9
2026-09-11T11:10:49Z,g-xlarge-trio,g5.xlarge|g4dn.xlarge|g6.xlarge,region,us-east-2,,9
2026-09-11T11:10:49Z,g-xlarge-trio,g5.xlarge|g4dn.xlarge|g6.xlarge,az,ap-east-1,ape1-az1,3
2026-09-11T11:10:49Z,g-xlarge-trio,g5.xlarge|g4dn.xlarge|g6.xlarge,az,ap-northeast-2,apne2-az3,9
2026-09-11T11:10:49Z,g-xlarge-trio,g5.xlarge|g4dn.xlarge|g6.xlarge,az,ap-east-1,ape1-az3,3
2026-09-11T11:10:49Z,g-xlarge-trio,g5.xlarge|g4dn.xlarge|g6.xlarge,az,us-east-2,use2-az2,9
2026-09-11T11:10:49Z,g-xlarge-trio,g5.xlarge|g4dn.xlarge|g6.xlarge,az,ap-east-1,ape1-az2,3
2026-09-11T11:10:49Z,g-xlarge-trio,g5.xlarge|g4dn.xlarge|g6.xlarge,az,ap-northeast-2,apne2-az4,3
2026-09-11T11:10:49Z,g-xlarge-trio,g5.xlarge|g4dn.xlarge|g6.xlarge,az,us-east-1,use1-az6,9
2026-09-11T11:10:49Z,g-xlarge-trio,g5.xlarge|g4dn.xlarge|g6.xlarge,az,ap-northeast-2,apne2-az1,9
2026-09-11T11:10:49Z,g-xlarge-trio,g5.xlarge|g4dn.xlarge|g6.xlarge,az,us-east-2,use2-az3,9
2026-09-11T11:10:49Z,g-xlarge-trio,g5.xlarge|g4dn.xlarge|g6.xlarge,az,us-east-2,use2-az1,9
2026-09-11T16:23:21Z,g5.xlarge,g5.xlarge,region,ap-south-1,,1
2026-09-11T16:23:21Z,g5.xlarge,g5.xlarge,region,ap-east-1,,3
2026-09-11T16:23:21Z,g5.xlarge,g5.xlarge,region,ap-southeast-2,,1
2026-09-11T16:23:21Z,g5.xlarge,g5.xlarge,region,ap-northeast-2,,3
2026-09-11T16:23:21Z,g5.xlarge,g5.xlarge,region,us-east-2,,1
2026-09-11T16:23:21Z,g5.xlarge,g5.xlarge,region,ap-southeast-3,,3
2026-09-11T16:23:21Z,g5.xlarge,g5.xlarge,region,ap-northeast-1,,3
2026-09-11T16:23:21Z,g5.xlarge,g5.xlarge,region,us-east-1,,1
2026-09-11T16:23:21Z,g5.xlarge,g5.xlarge,region,us-west-2,,1
2026-09-11T16:23:21Z,g5.xlarge,g5.xlarge,az,ap-south-1,aps1-az1,1
2026-09-11T16:23:21Z,g5.xlarge,g5.xlarge,az,us-west-2,usw2-az3,1
2026-09-11T16:23:21Z,g5.xlarge,g5.xlarge,az,ap-east-1,ape1-az2,3
2026-09-11T16:23:21Z,g5.xlarge,g5.xlarge,az,us-east-2,use2-az1,1
2026-09-11T16:23:21Z,g5.xlarge,g5.xlarge,az,us-east-2,use2-az2,1
2026-09-11T16:23:21Z,g5.xlarge,g5.xlarge,az,ap-northeast-2,apne2-az4,3
2026-09-11T16:23:21Z,g5.xlarge,g5.xlarge,az,ap-northeast-1,apne1-az4,3
2026-09-11T16:23:21Z,g5.xlarge,g5.xlarge,az,ap-northeast-2,apne2-az1,3
2026-09-11T16:23:21Z,g5.xlarge,g5.xlarge,az,ap-southeast-3,apse3-az3,3
2026-09-11T16:23:21Z,g5.xlarge,g5.xlarge,az,ap-northeast-2,apne2-az3,3
2026-09-11T16:23:21Z,g-xlarge-trio,g5.xlarge|g4dn.xlarge|g6.xlarge,region,ap-northeast-2,,9
2026-09-11T16:23:21Z,g-xlarge-trio,g5.xlarge|g4dn.xlarge|g6.xlarge,region,us-east-2,,1
2026-09-11T16:23:21Z,g-xlarge-trio,g5.xlarge|g4dn.xlarge|g6.xlarge,region,ap-southeast-2,,3
2026-09-11T16:23:21Z,g-xlarge-trio,g5.xlarge|g4dn.xlarge|g6.xlarge,region,us-east-1,,2
2026-09-11T16:23:21Z,g-xlarge-trio,g5.xlarge|g4dn.xlarge|g6.xlarge,region,ap-northeast-1,,9
2026-09-11T16:23:21Z,g-xlarge-trio,g5.xlarge|g4dn.xlarge|g6.xlarge,region,us-west-2,,3
2026-09-11T16:23:21Z,g-xlarge-trio,g5.xlarge|g4dn.xlarge|g6.xlarge,region,ap-south-1,,9
2026-09-11T16:23:21Z,g-xlarge-trio,g5.xlarge|g4dn.xlarge|g6.xlarge,region,ap-east-1,,3
2026-09-11T16:23:21Z,g-xlarge-trio,g5.xlarge|g4dn.xlarge|g6.xlarge,region,ap-southeast-3,,3
2026-09-11T16:23:21Z,g-xlarge-trio,g5.xlarge|g4dn.xlarge|g6.xlarge,az,ap-south-1,aps1-az1,3
2026-09-11T16:23:21Z,g-xlarge-trio,g5.xlarge|g4dn.xlarge|g6.xlarge,az,ap-northeast-2,apne2-az1,9
2026-09-11T16:23:21Z,g-xlarge-trio,g5.xlarge|g4dn.xlarge|g6.xlarge,az,ap-northeast-1,apne1-az1,9
2026-09-11T16:23:21Z,g-xlarge-trio,g5.xlarge|g4dn.xlarge|g6.xlarge,az,ap-southeast-3,apse3-az3,3
2026-09-11T16:23:21Z,g-xlarge-trio,g5.xlarge|g4dn.xlarge|g6.xlarge,az,ap-northeast-1,apne1-az2,3
2026-09-11T16:23:21Z,g-xlarge-trio,g5.xlarge|g4dn.xlarge|g6.xlarge,az,ap-northeast-2,apne2-az3,9
2026-09-11T16:23:21Z,g-xlarge-trio,g5.xlarge|g4dn.xlarge|g6.xlarge,az,ap-northeast-1,apne1-az4,9
2026-09-11T16:23:21Z,g-xlarge-trio,g5.xlarge|g4dn.xlarge|g6.xlarge,az,ap-east-1,ape1-az3,3
2026-09-11T16:23:21Z,g-xlarge-trio,g5.xlarge|g4dn.xlarge|g6.xlarge,az,ap-southeast-2,apse2-az3,3
2026-09-11T16:23:21Z,g-xlarge-trio,g5.xlarge|g4dn.xlarge|g6.xlarge,az,ap-south-1,aps1-az3,9
2026-09-11T19:36:35Z,g5.xlarge,g5.xlarge,region,us-east-2,,3
2026-09-11T19:36:35Z,g5.xlarge,g5.xlarge,region,ap-northeast-2,,3
2026-09-11T19:36:35Z,g5.xlarge,g5.xlarge,region,ap-southeast-2,,3
2026-09-11T19:36:35Z,g5.xlarge,g5.xlarge,region,ap-east-1,,3
2026-09-11T19:36:35Z,g5.xlarge,g5.xlarge,region,ap-south-1,,1
2026-09-11T19:36:35Z,g5.xlarge,g5.xlarge,region,ap-northeast-1,,3
2026-09-11T19:36:35Z,g5.xlarge,g5.xlarge,region,us-west-2,,1
2026-09-11T19:36:35Z,g5.xlarge,g5.xlarge,region,us-east-1,,1
2026-09-11T19:36:35Z,g5.xlarge,g5.xlarge,region,ap-southeast-3,,3
2026-09-11T19:36:35Z,g5.xlarge,g5.xlarge,az,ap-east-1,ape1-az2,3
2026-09-11T19:36:35Z,g5.xlarge,g5.xlarge,az,ap-southeast-2,apse2-az1,3
2026-09-11T19:36:35Z,g5.xlarge,g5.xlarge,az,us-east-2,use2-az1,1
2026-09-11T19:36:35Z,g5.xlarge,g5.xlarge,az,ap-south-1,aps1-az1,1
2026-09-11T19:36:35Z,g5.xlarge,g5.xlarge,az,ap-northeast-1,apne1-az4,3
2026-09-11T19:36:35Z,g5.xlarge,g5.xlarge,az,ap-northeast-2,apne2-az4,3
2026-09-11T19:36:35Z,g5.xlarge,g5.xlarge,az,us-east-2,use2-az3,3
2026-09-11T19:36:35Z,g5.xlarge,g5.xlarge,az,ap-northeast-2,apne2-az3,3
2026-09-11T19:36:35Z,g5.xlarge,g5.xlarge,az,ap-southeast-3,apse3-az3,3
2026-09-11T19:36:35Z,g5.xlarge,g5.xlarge,az,ap-northeast-2,apne2-az1,3
2026-09-11T19:36:35Z,g-xlarge-trio,g5.xlarge|g4dn.xlarge|g6.xlarge,region,us-east-2,,9
2026-09-11T19:36:35Z,g-xlarge-trio,g5.xlarge|g4dn.xlarge|g6.xlarge,region,ap-northeast-2,,9
2026-09-11T19:36:35Z,g-xlarge-trio,g5.xlarge|g4dn.xlarge|g6.xlarge,region,ap-southeast-2,,3
2026-09-11T19:36:35Z,g-xlarge-trio,g5.xlarge|g4dn.xlarge|g6.xlarge,region,ap-south-1,,9
2026-09-11T19:36:35Z,g-xlarge-trio,g5.xlarge|g4dn.xlarge|g6.xlarge,region,ap-east-1,,3
2026-09-11T19:36:35Z,g-xlarge-trio,g5.xlarge|g4dn.xlarge|g6.xlarge,region,ap-northeast-1,,9
2026-09-11T19:36:35Z,g-xlarge-trio,g5.xlarge|g4dn.xlarge|g6.xlarge,region,us-west-2,,3
2026-09-11T19:36:35Z,g-xlarge-trio,g5.xlarge|g4dn.xlarge|g6.xlarge,region,us-east-1,,3
2026-09-11T19:36:35Z,g-xlarge-trio,g5.xlarge|g4dn.xlarge|g6.xlarge,region,ap-southeast-3,,3
2026-09-11T19:36:35Z,g-xlarge-trio,g5.xlarge|g4dn.xlarge|g6.xlarge,az,ap-southeast-2,apse2-az3,3
2026-09-11T19:36:35Z,g-xlarge-trio,g5.xlarge|g4dn.xlarge|g6.xlarge,az,ap-east-1,ape1-az1,3
2026-09-11T19:36:35Z,g-xlarge-trio,g5.xlarge|g4dn.xlarge|g6.xlarge,az,ap-northeast-2,apne2-az3,9
2026-09-11T19:36:35Z,g-xlarge-trio,g5.xlarge|g4dn.xlarge|g6.xlarge,az,ap-east-1,ape1-az3,3
2026-09-11T19:36:35Z,g-xlarge-trio,g5.xlarge|g4dn.xlarge|g6.xlarge,az,ap-northeast-1,apne1-az4,9
2026-09-11T19:36:35Z,g-xlarge-trio,g5.xlarge|g4dn.xlarge|g6.xlarge,az,ap-south-1,aps1-az3,9
2026-09-11T19:36:35Z,g-xlarge-trio,g5.xlarge|g4dn.xlarge|g6.xlarge,az,ap-northeast-2,apne2-az2,3
2026-09-11T19:36:35Z,g-xlarge-trio,g5.xlarge|g4dn.xlarge|g6.xlarge,az,ap-northeast-1,apne1-az1,9
2026-09-11T19:36:35Z,g-xlarge-trio,g5.xlarge|g4dn.xlarge|g6.xlarge,az,ap-northeast-2,apne2-az1,9
2026-09-11T19:36:35Z,g-xlarge-trio,g5.xlarge|g4dn.xlarge|g6.xlarge,az,us-east-2,use2-az3,9
2026-09-11T22:30:03Z,g5.xlarge,g5.xlarge,region,ap-south-1,,1
2026-09-11T22:30:03Z,g5.xlarge,g5.xlarge,region,ap-east-1,,3
2026-09-11T22:30:03Z,g5.xlarge,g5.xlarge,region,ap-southeast-2,,1
2026-09-11T22:30:03Z,g5.xlarge,g5.xlarge,region,ap-northeast-2,,3
2026-09-11T22:30:03Z,g5.xlarge,g5.xlarge,region,us-east-2,,1
2026-09-11T22:30:03Z,g5.xlarge,g5.xlarge,region,ap-southeast-3,,3
2026-09-11T22:30:03Z,g5.xlarge,g5.xlarge,region,us-east-1,,3
2026-09-11T22:30:03Z,g5.xlarge,g5.xlarge,region,ap-northeast-1,,2
2026-09-11T22:30:03Z,g5.xlarge,g5.xlarge,region,us-west-2,,1
2026-09-11T22:30:03Z,g5.xlarge,g5.xlarge,az,us-east-1,use1-az1,1
2026-09-11T22:30:03Z,g5.xlarge,g5.xlarge,az,ap-northeast-2,apne2-az3,3
2026-09-11T22:30:03Z,g5.xlarge,g5.xlarge,az,us-east-1,use1-az4,1
2026-09-11T22:30:03Z,g5.xlarge,g5.xlarge,az,ap-southeast-2,apse2-az2,1
2026-09-11T22:30:03Z,g5.xlarge,g5.xlarge,az,ap-east-1,ape1-az2,3
2026-09-11T22:30:03Z,g5.xlarge,g5.xlarge,az,us-west-2,usw2-az3,1
2026-09-11T22:30:03Z,g5.xlarge,g5.xlarge,az,ap-northeast-2,apne2-az4,3
2026-09-11T22:30:03Z,g5.xlarge,g5.xlarge,az,us-east-1,use1-az6,1
2026-09-11T22:30:03Z,g5.xlarge,g5.xlarge,az,ap-northeast-2,apne2-az1,3
2026-09-11T22:30:03Z,g5.xlarge,g5.xlarge,az,ap-southeast-3,apse3-az3,3
2026-09-11T22:30:03Z,g-xlarge-trio,g5.xlarge|g4dn.xlarge|g6.xlarge,region,us-east-2,,1
2026-09-11T22:30:03Z,g-xlarge-trio,g5.xlarge|g4dn.xlarge|g6.xlarge,region,ap-northeast-2,,9
2026-09-11T22:30:03Z,g-xlarge-trio,g5.xlarge|g4dn.xlarge|g6.xlarge,region,ap-southeast-2,,3
2026-09-11T22:30:03Z,g-xlarge-trio,g5.xlarge|g4dn.xlarge|g6.xlarge,region,ap-south-1,,9
2026-09-11T22:30:03Z,g-xlarge-trio,g5.xlarge|g4dn.xlarge|g6.xlarge,region,ap-east-1,,3
2026-09-11T22:30:03Z,g-xlarge-trio,g5.xlarge|g4dn.xlarge|g6.xlarge,region,ap-northeast-1,,9
2026-09-11T22:30:03Z,g-xlarge-trio,g5.xlarge|g4dn.xlarge|g6.xlarge,region,us-west-2,,5
2026-09-11T22:30:03Z,g-xlarge-trio,g5.xlarge|g4dn.xlarge|g6.xlarge,region,us-east-1,,4
2026-09-11T22:30:03Z,g-xlarge-trio,g5.xlarge|g4dn.xlarge|g6.xlarge,region,ap-southeast-3,,3
2026-09-11T22:30:03Z,g-xlarge-trio,g5.xlarge|g4dn.xlarge|g6.xlarge,az,ap-northeast-2,apne2-az1,9
2026-09-11T22:30:03Z,g-xlarge-trio,g5.xlarge|g4dn.xlarge|g6.xlarge,az,ap-northeast-1,apne1-az4,9
2026-09-11T22:30:03Z,g-xlarge-trio,g5.xlarge|g4dn.xlarge|g6.xlarge,az,ap-northeast-2,apne2-az3,9
2026-09-11T22:30:03Z,g-xlarge-trio,g5.xlarge|g4dn.xlarge|g6.xlarge,az,ap-southeast-2,apse2-az1,3
2026-09-11T22:30:03Z,g-xlarge-trio,g5.xlarge|g4dn.xlarge|g6.xlarge,az,ap-east-1,ape1-az2,3
2026-09-11T22:30:03Z,g-xlarge-trio,g5.xlarge|g4dn.xlarge|g6.xlarge,az,ap-northeast-1,apne1-az1,9
2026-09-11T22:30:03Z,g-xlarge-trio,g5.xlarge|g4dn.xlarge|g6.xlarge,az,ap-northeast-1,apne1-az2,3
2026-09-11T22:30:03Z,g-xlarge-trio,g5.xlarge|g4dn.xlarge|g6.xlarge,az,ap-east-1,ape1-az1,3
2026-09-11T22:30:03Z,g-xlarge-trio,g5.xlarge|g4dn.xlarge|g6.xlarge,az,ap-south-1,aps1-az1,3
2026-09-11T22:30:03Z,g-xlarge-trio,g5.xlarge|g4dn.xlarge|g6.xlarge,az,ap-south-1,aps1-az3,9
2026-09-12T01:03:37Z,g5.xlarge,g5.xlarge,region,us-east-2,,1
2026-09-12T01:03:37Z,g5.xlarge,g5.xlarge,region,ap-northeast-2,,3
2026-09-12T01:03:37Z,g5.xlarge,g5.xlarge,region,ap-southeast-2,,1
2026-09-12T01:03:37Z,g5.xlarge,g5.xlarge,region,ap-east-1,,3
2026-09-12T01:03:37Z,g5.xlarge,g5.xlarge,region,ap-south-1,,1
2026-09-12T01:03:37Z,g5.xlarge,g5.xlarge,region,ap-northeast-1,,3
2026-09-12T01:03:37Z,g5.xlarge,g5.xlarge,region,us-west-2,,1
2026-09-12T01:03:37Z,g5.xlarge,g5.xlarge,region,us-east-1,,3
2026-09-12T01:03:37Z,g5.xlarge,g5.xlarge,region,ap-southeast-3,,3
2026-09-12T01:03:37Z,g5.xlarge,g5.xlarge,az,ap-east-1,ape1-az2,3
2026-09-12T01:03:37Z,g5.xlarge,g5.xlarge,az,us-east-2,use2-az1,1
2026-09-12T01:03:37Z,g5.xlarge,g5.xlarge,az,ap-south-1,aps1-az1,1
2026-09-12T01:03:37Z,g5.xlarge,g5.xlarge,az,us-west-2,usw2-az3,1
2026-09-12T01:03:37Z,g5.xlarge,g5.xlarge,az,ap-northeast-1,apne1-az4,3
2026-09-12T01:03:37Z,g5.xlarge,g5.xlarge,az,us-east-2,use2-az2,1
2026-09-12T01:03:37Z,g5.xlarge,g5.xlarge,az,ap-northeast-2,apne2-az4,3
2026-09-12T01:03:37Z,g5.xlarge,g5.xlarge,az,ap-northeast-2,apne2-az3,3
2026-09-12T01:03:37Z,g5.xlarge,g5.xlarge,az,ap-southeast-3,apse3-az3,3
2026-09-12T01:03:37Z,g5.xlarge,g5.xlarge,az,ap-northeast-2,apne2-az1,3
2026-09-12T01:03:37Z,g-xlarge-trio,g5.xlarge|g4dn.xlarge|g6.xlarge,region,ap-northeast-2,,9
2026-09-12T01:03:37Z,g-xlarge-trio,g5.xlarge|g4dn.xlarge|g6.xlarge,region,us-east-2,,9
2026-09-12T01:03:37Z,g-xlarge-trio,g5.xlarge|g4dn.xlarge|g6.xlarge,region,ap-southeast-2,,3
2026-09-12T01:03:37Z,g-xlarge-trio,g5.xlarge|g4dn.xlarge|g6.xlarge,region,us-east-1,,9
2026-09-12T01:03:37Z,g-xlarge-trio,g5.xlarge|g4dn.xlarge|g6.xlarge,region,ap-northeast-1,,9
2026-09-12T01:03:37Z,g-xlarge-trio,g5.xlarge|g4dn.xlarge|g6.xlarge,region,us-west-2,,3
2026-09-12T01:03:37Z,g-xlarge-trio,g5.xlarge|g4dn.xlarge|g6.xlarge,region,ap-south-1,,9
2026-09-12T01:03:37Z,g-xlarge-trio,g5.xlarge|g4dn.xlarge|g6.xlarge,region,ap-east-1,,3
2026-09-12T01:03:37Z,g-xlarge-trio,g5.xlarge|g4dn.xlarge|g6.xlarge,region,ap-southeast-3,,3
2026-09-12T01:03:37Z,g-xlarge-trio,g5.xlarge|g4dn.xlarge|g6.xlarge,az,us-east-1,use1-az6,9
2026-09-12T01:03:37Z,g-xlarge-trio,g5.xlarge|g4dn.xlarge|g6.xlarge,az,us-east-1,use1-az2,9
2026-09-12T01:03:37Z,g-xlarge-trio,g5.xlarge|g4dn.xlarge|g6.xlarge,az,us-east-2,use2-az1,9
2026-09-12T01:03:37Z,g-xlarge-trio,g5.xlarge|g4dn.xlarge|g6.xlarge,az,ap-northeast-2,apne2-az1,9
2026-09-12T01:03:37Z,g-xlarge-trio,g5.xlarge|g4dn.xlarge|g6.xlarge,az,ap-northeast-1,apne1-az1,9
2026-09-12T01:03:37Z,g-xlarge-trio,g5.xlarge|g4dn.xlarge|g6.xlarge,az,us-east-2,use2-az3,9
2026-09-12T01:03:37Z,g-xlarge-trio,g5.xlarge|g4dn.xlarge|g6.xlarge,az,us-east-1,use1-az4,9
2026-09-12T01:03:37Z,g-xlarge-trio,g5.xlarge|g4dn.xlarge|g6.xlarge,az,ap-northeast-2,apne2-az3,9
2026-09-12T01:03:37Z,g-xlarge-trio,g5.xlarge|g4dn.xlarge|g6.xlarge,az,ap-northeast-1,apne1-az4,9
2026-09-12T01:03:37Z,g-xlarge-trio,g5.xlarge|g4dn.xlarge|g6.xlarge,az,ap-south-1,aps1-az3,9
